symbol,entry,exit,reason,orders,cost,proceeds,pnl,ret,days
NKE,2021-01-05,2021-01-05,dynamic,1,1499.8575574055599,1528.1652261479364,28.307668742376563,0.01887357142857149,1
LOW,2021-01-05,2021-01-05,dynamic,1,1500.0987909889325,1513.8720387367941,13.77324774786166,0.00918156046161589,1
HD,2021-01-05,2021-01-05,dynamic,1,1500.3177399647516,1519.5295011198903,19.211761155138674,0.012805128302748825,1
BA,2021-01-05,2021-01-06,take_profit,1,1500.0,1544.8455000000001,44.84550000000013,0.029897000000000062,1
AAPL,2021-01-05,2021-01-07,dynamic,1,1500.2292013585138,1523.7052218259946,23.476020467480794,0.015648289238885837,3
MSFT,2021-01-05,2021-01-07,dynamic,1,1500.4234465630113,1507.385995612744,6.9625490497326155,0.004640389395194733,3
ADBE,2021-01-07,2021-01-08,take_profit,1,1499.5480638305044,1544.380052294845,44.83198846434061,0.029897000000000062,1
CRM,2021-01-05,2021-01-08,dynamic,1,1499.775761136075,1517.0481980119998,17.272436875924768,0.011516679575379385,4
ORCL,2021-01-06,2021-01-08,dynamic,1,1502.3941262993424,1529.022282814836,26.62815651549363,0.01772381564156089,3
PEP,2021-01-08,2021-01-08,dynamic,1,1501.4825448071238,1519.3521789496742,17.869634142550467,0.011901326595072703,1
UPS,2021-01-06,2021-01-11,dynamic,1,1502.6415881282137,1517.302506224652,14.660918096438309,0.009756763164462168,4
NFLX,2021-01-07,2021-01-13,dynamic,2,2999.790258045327,3059.0278025228404,59.23754447751344,0.019747228766624714,5
ABT,2021-01-13,2021-01-13,dynamic,1,1502.988446435366,1544.9931089219867,42.004662486620646,0.02794742872857281,1
JNJ,2021-01-14,2021-01-14,dynamic,1,1505.24541725616,1506.9709848212772,1.7255675651172169,0.0011463695855409295,1
SO,2021-01-13,2021-01-19,take_profit,1,1502.934526294303,1547.8677598269237,44.93323353262076,0.029897000000000062,3
META,2021-01-13,2021-01-19,take_profit,1,1502.9169514590142,1547.849659556784,44.93270809776982,0.02989699999999984,3
MA,2021-01-15,2021-01-20,take_profit,1,1502.3303662720796,1547.2455372325157,44.91517096043617,0.02989699999999984,2
NVDA,2021-01-19,2021-01-20,take_profit,1,1501.345980896908,1546.231721687783,44.885740790874934,0.029897000000000062,1
V,2021-01-13,2021-01-20,dynamic,2,3005.7469443403797,3018.24653430345,12.49958996307032,0.004158563643092528,5
ADBE,2021-01-15,2021-01-20,dynamic,1,1502.0899845897181,1525.4187476507723,23.328763061054133,0.015530869189189112,3
NKE,2021-01-15,2021-01-20,dynamic,1,1502.1252431073294,1525.9108876441028,23.78564453677336,0.01583466135458167,3
UNH,2021-01-15,2021-01-21,take_profit,1,1502.2416125019809,1547.1541299909527,44.912517488971844,0.029897000000000062,3
AMD,2021-01-19,2021-01-21,dynamic,1,1501.6877731494953,1534.5660666389647,32.87829348946934,0.02189422733363111,3
WMT,2021-01-19,2021-01-22,dynamic,1,1501.6900256845338,1519.084141654425,17.394115969891118,0.01158302690461177,4
TGT,2021-01-20,2021-01-22,dynamic,1,1501.701243153419,1528.7144107427866,27.01316758936764,0.017988376657824823,3
DHR,2021-01-20,2021-01-22,dynamic,1,1501.6583610188484,1515.322041282066,13.663680263217657,0.009099060490661115,3
PFE,2021-01-21,2021-01-25,dynamic,1,1505.5149891107442,1542.1815398232795,36.666550712535354,0.024354822753503758,3
GE,2021-01-22,2021-01-26,take_profit,1,1505.7962468264154,1651.1319544681846,145.3357076417692,0.09651751221194482,2
PEP,2021-01-25,2021-01-26,dynamic,1,1506.1735225939933,1546.7791169096429,40.60559431564957,0.02695943973687509,2
CVS,2021-01-26,2021-01-26,dynamic,1,1507.1777296004382,1524.6914963602794,17.513766759841246,0.011620239880060002,1
ORCL,2021-01-14,2021-01-27,dynamic,1,1505.2513127631742,1516.7400397353827,11.488726972208497,0.007632431126147754,9
NKE,2021-01-27,2021-01-28,take_profit,1,1511.3037605975755,1556.487209128161,45.183448530585565,0.02989699999999984,1
DIS,2021-01-13,2021-01-28,dynamic,2,3005.5913260430675,3046.139128438876,40.5478023958085,0.01349079032949918,11
LIN,2021-01-19,2021-02-01,dynamic,3,6004.2901054512195,6031.287315438687,26.997209987467613,0.00449632005005185,10
NVDA,2021-01-28,2021-02-01,dynamic,1,1497.4200704235277,1525.0066240068495,27.586553583321802,0.018422721939020947,3
BMY,2021-01-22,2021-02-02,take_profit,2,3011.3919777919264,3101.423563751972,90.0315859600455,0.029897000000000062,7
CAT,2021-01-25,2021-02-02,take_profit,2,3012.5147730562107,3102.5799272262725,90.06515417006176,0.029897000000000062,6
GS,2021-01-25,2021-02-02,take_profit,2,3012.837495340948,3102.912297939156,90.07480259820795,0.02989699999999984,6
TSLA,2021-02-01,2021-02-02,take_profit,1,1500.513262164111,1556.3580504863778,55.84478832226682,0.037217124120399125,1
JPM,2021-01-21,2021-02-02,dynamic,2,3011.1619881800675,3026.4719418904187,15.309953710351238,0.005084400563785119,9
BAC,2021-01-22,2021-02-02,dynamic,2,3012.1572286746637,3042.249091207495,30.09186253283133,0.009990136718750042,8
UNH,2021-01-27,2021-02-02,dynamic,1,1510.8978639651582,1518.2771995900491,7.379335624890928,0.004884073107049636,5
COST,2021-02-02,2021-02-02,dynamic,1,1506.8818288014038,1523.0937542106399,16.211925409236073,0.010758591084830682,1
ABBV,2021-01-27,2021-02-03,take_profit,2,3020.725894709599,3111.0365367837317,90.31064207413283,0.029897000000000062,5
KO,2021-01-06,2021-02-03,time_stop,2,3004.610644380347,2878.05872553698,-126.55191884336682,-0.04211924066769257,20
C,2021-01-22,2021-02-03,dynamic,2,3012.7434236708473,3083.2754043849613,70.53198071411407,0.023411213898917094,9
WMT,2021-02-02,2021-02-03,dynamic,1,1506.7998891461168,1522.17278418341,15.37289503729312,0.010202346806651663,2
AAPL,2021-02-01,2021-02-04,dynamic,1,1499.937186553144,1540.6038312039655,40.666644650821354,0.027112231775700657,4
LLY,2021-02-03,2021-02-04,dynamic,1,1518.2829973868945,1547.3717522438317,29.088754856937157,0.01915898084020018,2
JNJ,2021-02-03,2021-02-04,dynamic,1,1519.1279705089803,1528.8861164953116,9.758145986331328,0.006423518081272617,2
AMGN,2021-02-03,2021-02-05,take_profit,1,1518.2519369825684,1563.643115142536,45.391178159967694,0.02989699999999984,2
UNH,2021-02-08,2021-02-09,dynamic,1,1521.2448402588766,1533.279691449387,12.03485119051038,0.007911186202256726,2
PG,2021-01-13,2021-02-10,time_stop,2,3005.9978460570314,2869.5803769960294,-136.41746906100207,-0.04538175875273531,20
ABBV,2021-02-11,2021-02-17,dynamic,1,1520.3427324794443,1545.1952693156416,24.85253683619726,0.016346667304198315,4
AMZN,2021-02-12,2021-02-17,dynamic,1,1520.108981469521,1547.3816711111604,27.272689641639317,0.017941272615384696,3
CVS,2021-02-17,2021-02-18,take_profit,1,1519.2247607200095,1570.969988589638,51.74522786962848,0.03406028469750888,1
MRK,2021-01-22,2021-02-19,time_stop,3,6023.999542328625,5831.647150536223,-192.35239179240125,-0.03193101035961332,20
LIN,2021-02-17,2021-02-19,dynamic,1,1519.6187299662306,1531.6156646680483,11.996934701817736,0.007894700470087113,3
DE,2021-02-19,2021-02-19,dynamic,1,1521.3054605964935,1568.6893716145103,47.38391101801676,0.03114687500000013,1
DIS,2021-02-19,2021-02-22,take_profit,1,1521.7427425595274,1567.2382853338295,45.495542774302066,0.02989699999999984,1
ORCL,2021-02-22,2021-02-22,dynamic,1,1518.5498136027347,1557.0524810365566,38.5026674338219,0.025354892601431978,1
MDT,2021-02-19,2021-02-23,take_profit,1,1519.8947825673597,1565.335076881776,45.440294314416406,0.029897000000000062,2
NFLX,2021-02-19,2021-02-23,dynamic,2,3042.5971628795387,3098.4275678744725,55.830404994933815,0.018349588199213063,3
TSLA,2021-02-11,2021-02-24,take_profit,4,10643.912556676678,10962.133610383642,318.2210537069641,0.029897000000000062,8
AAPL,2021-02-17,2021-03-01,dynamic,3,6077.253243915532,6235.320404485552,158.06716057001995,0.02600963860248462,9
AMD,2021-02-19,2021-03-01,dynamic,3,6086.332563193045,6173.601294583046,87.26873139000145,0.01433847567215718,7
TGT,2021-02-24,2021-03-01,dynamic,1,1513.4813832858808,1513.899506722976,0.4181234370951188,0.000276265992903868,4
NKE,2021-02-25,2021-03-01,dynamic,1,1525.6853911388084,1526.0871586544183,0.4017675156098903,0.00026333575581394264,3
PFE,2021-02-03,2021-03-03,time_stop,2,3036.5705496296137,3046.3725965433396,9.802046913725917,0.0032279990711632234,20
QCOM,2021-02-05,2021-03-05,time_stop,4,10650.603550635244,10175.269971524533,-475.33357911071107,-0.0446297317190405,20
DUK,2021-02-12,2021-03-05,dynamic,2,3039.968966762035,3055.0247093080034,15.055742545968315,0.004952597447731355,15
SO,2021-02-17,2021-03-05,dynamic,2,3039.2957709488733,3049.00536299833,9.70959204945666,0.003194684815563509,13
CSCO,2021-02-18,2021-03-05,dynamic,2,3045.443936676207,3099.198438851901,53.75450217569369,0.017650793543867227,12
LLY,2021-03-05,2021-03-05,dynamic,1,1496.6174126993626,1540.389548444177,43.77213574481448,0.029247378370311328,1
LOW,2021-02-24,2021-03-08,take_profit,3,6053.972303363917,6234.967913317587,180.99560995367028,0.02989699999999984,8
TGT,2021-03-03,2021-03-08,take_profit,2,3042.0758271778777,3133.0247681830147,90.94894100513693,0.029897000000000062,3
JNJ,2021-03-04,2021-03-08,dynamic,1,1508.1439846493863,1521.6239822904995,13.479997641113187,0.008938137060067852,3
NVDA,2021-03-04,2021-03-09,take_profit,3,6032.556711479821,6212.912059482934,180.35534800311234,0.029897000000000062,3
TSLA,2021-03-08,2021-03-09,take_profit,2,3030.698411629551,3132.8319166760825,102.13350504653135,0.03369965967402733,1
NEE,2021-02-17,2021-03-09,dynamic,4,10638.11651162909,10664.66172673667,26.54521510757877,0.002495292759630896,15
ABBV,2021-03-05,2021-03-09,dynamic,1,1496.5615629310814,1507.4222009666978,10.860638035616375,0.007257060654655145,3
CRM,2021-02-23,2021-03-11,dynamic,4,10558.42985425303,10609.875671697486,51.445817444455315,0.00487248749620961,13
GE,2021-03-12,2021-03-15,take_profit,1,1536.5481061146097,1599.1556559188282,62.60754980421848,0.040745583919615136,1
ABT,2021-02-22,2021-03-19,time_stop,2,3037.070835551634,3031.9559293608577,-5.11490619077631,-0.0016841576860512353,20
DHR,2021-02-22,2021-03-19,time_stop,3,6071.6966770696745,6107.406967549361,35.71029047968659,0.005881435186732897,20
NFLX,2021-03-19,2021-03-22,take_profit,1,1532.5329337025582,1578.3510708214635,45.81813711890527,0.02989699999999984,1
COST,2021-02-23,2021-03-22,time_stop,3,6035.568291702351,6081.8455125862665,46.277220883915106,0.007667417324651371,20
ABBV,2021-03-19,2021-03-22,dynamic,1,1532.5228957575205,1561.415811057975,28.892915300454433,0.018853170403155817,2
NEE,2021-03-18,2021-03-23,take_profit,2,3070.306777588321,3162.0997393178795,91.79296172955856,0.029897000000000062,3
MA,2021-03-19,2021-03-24,dynamic,2,3064.9704144803704,3084.3448760415813,19.374461561210865,0.006321255653782831,4
CVX,2021-03-17,2021-03-25,dynamic,2,3071.825755256956,3072.9212070450244,1.0954517880682033,0.000356612606100315,7
UPS,2021-03-19,2021-03-25,dynamic,1,1532.7104078101331,1549.8355483961884,17.125140586055295,0.011173109087529998,5
V,2021-03-22,2021-03-25,dynamic,1,1536.673047528412,1547.0827184948653,10.409670966453177,0.006774161220043595,4
CMCSA,2021-03-22,2021-03-25,dynamic,1,1536.709801020412,1553.107895771614,16.398094751202052,0.010670911801508254,4
MDT,2021-03-22,2021-03-25,dynamic,1,1536.608175254186,1537.5095904980765,0.9014152438903693,0.0005866266094420869,4
C,2021-03-23,2021-03-25,dynamic,1,1540.6883825044094,1549.6089898476428,8.920607343233314,0.005790014025245593,3
AXP,2021-03-23,2021-03-25,dynamic,1,1540.899995945704,1577.7841334245895,36.88413747888558,0.023936749676119362,3
BA,2021-03-24,2021-03-25,dynamic,2,3076.4318823024723,3184.527383133831,108.09550083135855,0.03513664692307672,2
WFC,2021-03-25,2021-03-25,dynamic,1,1537.9327601887726,1591.6437555878645,53.71099539909187,0.03492415064524623,1
GE,2021-03-24,2021-03-26,take_profit,2,3076.7981894625186,3187.3482585652982,110.55006910277962,0.035930230809870345,2
BRK-B,2021-03-17,2021-03-26,dynamic,1,1536.0029778078576,1564.796621947712,28.79364413985445,0.018745825728116783,8
XOM,2021-03-19,2021-03-26,dynamic,1,1532.672167085521,1559.5426857949071,26.870518709386033,0.017531810968083317,6
NKE,2021-03-22,2021-03-29,dynamic,2,3073.9080075644138,3105.2710808338165,31.363073269402776,0.010202996703942757,6
CMCSA,2021-04-01,2021-04-05,dynamic,1,1548.6758042466831,1553.6241036828712,4.948299436188108,0.0031951809556391986,2
DIS,2021-03-22,2021-04-06,dynamic,2,3073.8564940880315,3080.271735061029,6.415240972997708,0.0020870333359206406,11
MS,2021-03-30,2021-04-06,dynamic,1,1548.9388047203806,1557.0524915257197,8.113686805339057,0.005238222956654326,5
UNH,2021-04-05,2021-04-09,dynamic,1,1549.5895926787773,1577.436969505577,27.847376826799746,0.017970807856717785,5
BMY,2021-04-07,2021-04-09,dynamic,1,1549.1113855059498,1563.9439583961114,14.8325728901616,0.009574891146589382,3
PFE,2021-04-08,2021-04-09,dynamic,1,1549.089679311154,1576.5020187586751,27.412339447521163,0.017695773081201294,2
CVS,2021-04-09,2021-04-12,dynamic,1,1549.0552644726704,1558.5286584748076,9.473394002137184,0.006115594594594542,2
LLY,2021-03-16,2021-04-13,time_stop,2,3074.5830772080985,2990.7516438529574,-83.83143335514114,-0.027265951594082516,20
XOM,2021-04-13,2021-04-14,take_profit,1,1550.4010217949412,1596.7533611435445,46.35233934860321,0.02989699999999984,1
CVX,2021-04-13,2021-04-14,take_profit,1,1550.4828047479364,1596.8375891614853,46.35478441354894,0.02989699999999984,1
CMCSA,2021-04-12,2021-04-15,dynamic,1,1550.9233301248587,1570.4936923362518,19.570362211393103,0.012618523321728414,4
QCOM,2021-04-15,2021-04-15,dynamic,1,1552.032156039534,1572.8729351268419,20.840779087307965,0.013428058823529376,1
TXN,2021-04-15,2021-04-15,dynamic,1,1551.3662426300214,1561.2329982135795,9.866755583558188,0.006360042723909665,1
JNJ,2021-04-12,2021-04-16,dynamic,1,1550.9688716198157,1561.8848271936542,10.915955573838573,0.007038152585511215,5
IBM,2021-04-14,2021-04-16,dynamic,1,1550.8241139486456,1577.6541329200056,26.830018971360005,0.0173004912227257,3
T,2021-04-14,2021-04-16,dynamic,1,1550.7996423622317,1568.9798902480911,18.180247885859444,0.011723144234265348,3
NFLX,2021-04-15,2021-04-19,dynamic,1,1551.815852969787,1580.944819895284,29.128966925496798,0.01877089144936317,3
CAT,2021-04-21,2021-04-21,dynamic,1,1552.79451382063,1587.746420998924,34.95190717829382,0.02250903572057017,1
C,2021-04-21,2021-04-23,take_profit,1,1552.7939729904663,1599.217854400962,46.423881410495824,0.02989699999999984,2
BA,2021-04-20,2021-04-23,dynamic,2,3107.7121481989243,3137.2628815247817,29.550733325857436,0.009508838630046146,4
AVGO,2021-04-20,2021-04-23,dynamic,1,1554.1554504234614,1574.6745424183769,20.51909199491547,0.013202728201560987,4
NKE,2021-04-21,2021-04-23,dynamic,1,1552.8844735902421,1584.3703473136763,31.485873723434224,0.020275734775452747,3
DE,2021-04-21,2021-04-23,dynamic,1,1552.8239481977896,1575.955973352981,23.132025155191286,0.014896746783199966,3
TXN,2021-04-21,2021-04-23,dynamic,1,1553.0140170142124,1560.4618556783093,7.447838664096935,0.004795731772219369,3
GOOGL,2021-04-23,2021-04-23,dynamic,1,1553.1385725022071,1575.5415906728256,22.403018170618452,0.014424352448169309,1
ADBE,2021-04-23,2021-04-23,dynamic,1,1552.9874374578035,1574.3488088096456,21.36137135184208,0.013755018770023053,1
XOM,2021-04-21,2021-04-26,take_profit,1,1552.5492297833907,1598.9657941062246,46.41656432283389,0.02989699999999984,3
META,2021-04-15,2021-04-28,dynamic,1,1551.6360062044444,1555.3299169668812,3.6939107624368717,0.002380655480838545,10
JPM,2021-04-15,2021-04-28,dynamic,1,1551.1699240742587,1561.0643575674062,9.894433493147517,0.006378690909090823,10
ORCL,2021-04-23,2021-04-29,dynamic,1,1552.8690777068718,1585.7369135540155,32.867835847143624,0.021165876968636477,5
LMT,2021-04-23,2021-04-29,dynamic,1,1553.04860277095,1560.11243260605,7.063829835100023,0.004548363665178856,5
DUK,2021-04-27,2021-04-29,dynamic,1,1555.822596980738,1564.9419090084834,9.119312027745536,0.005861408649959543,3
TGT,2021-04-27,2021-04-29,dynamic,1,1555.7718757220096,1579.68714126957,23.915265547560466,0.015371961610028295,3
PEP,2021-04-27,2021-04-29,dynamic,1,1555.7021217277934,1569.9437009196356,14.24157919184222,0.009154438367690476,3
HON,2021-04-27,2021-04-29,dynamic,1,1555.8208672206854,1568.838197936227,13.017330715541675,0.008366857001214978,3
CVS,2021-04-28,2021-04-29,dynamic,1,1555.7117908341913,1575.3590836104045,19.647292776213135,0.012629134067099868,2
KO,2021-04-28,2021-04-29,dynamic,1,1555.616622058194,1563.5294023172717,7.9127802590776355,0.005086587625046324,2
CMCSA,2021-04-29,2021-04-29,dynamic,1,1554.6665639127405,1566.1740975738207,11.507533661080288,0.007401930374136612,1
NEE,2021-04-28,2021-04-30,dynamic,1,1555.7050620322,1560.784997905243,5.079935873043041,0.0032653592233011786,3
TSLA,2021-04-30,2021-04-30,dynamic,1,1559.549017410599,1657.148570629105,97.59955321850612,0.06258190805734065,1
SBUX,2021-04-29,2021-05-03,take_profit,1,1554.8357652994011,1601.3206901745575,46.484924875156366,0.029897000000000062,2
LLY,2021-04-28,2021-05-03,dynamic,1,1555.6096608083158,1593.7725337154495,38.16287290713376,0.02453242215486351,4
GE,2021-04-29,2021-05-03,dynamic,1,1554.8027074468284,1586.4950695001846,31.69236205335619,0.020383526412427466,3
BMY,2021-04-30,2021-05-04,take_profit,1,1559.2722289916692,1605.8897908218332,46.61756183016405,0.029897000000000062,2
LOW,2021-04-27,2021-05-04,dynamic,1,1555.876861481979,1557.509727301969,1.632865819990002,0.001049482681061642,6
DE,2021-05-03,2021-05-04,dynamic,1,1559.8034502718033,1572.406339003468,12.602888731664734,0.008079792828685317,2
NVDA,2021-05-04,2021-05-05,take_profit,2,3121.656586300346,3214.984753260968,93.32816696062173,0.029897000000000062,1
TMO,2021-04-30,2021-05-05,dynamic,1,1559.6056366036005,1567.155294565069,7.549657961468483,0.004840748061099243,4
MSFT,2021-04-30,2021-05-07,dynamic,1,1559.973106528463,1576.805587383392,16.832480854929145,0.010790237847361217,6
AAPL,2021-05-03,2021-05-07,dynamic,2,3118.8999988628148,3139.436364784828,20.536365922013374,0.006584490021963152,5
AVGO,2021-05-05,2021-05-07,dynamic,1,1558.5211261061668,1565.8582680523327,7.337141946165957,0.004707759056495453,3
DIS,2021-05-06,2021-05-07,dynamic,1,1557.7888297244433,1575.1881667443783,17.399337019935047,0.011169252653463246,2
BA,2021-05-06,2021-05-07,dynamic,1,1557.6241345927567,1599.3767012518933,41.75256665913662,0.026805290013083294,2
V,2021-05-06,2021-05-07,dynamic,1,1557.5076765452982,1574.2391195031428,16.731442957844592,0.010742446544441231,2
ADBE,2021-05-03,2021-05-11,dynamic,3,6237.37963784493,6241.263226222808,3.883588377878368,0.0006226313938493266,7
TSLA,2021-05-11,2021-05-12,take_profit,1,1558.1564314618222,1604.7406342932366,46.58420283141436,0.029897000000000062,1
SO,2021-05-13,2021-05-13,dynamic,1,1552.0865985428493,1581.28120069771,29.194602154860604,0.018809905441016905,1
META,2021-05-11,2021-05-14,take_profit,1,1559.3163930956296,1605.9352753000098,46.61888220438027,0.029897000000000062,3
GE,2021-05-13,2021-05-14,take_profit,1,1551.9826510306912,1598.382276348556,46.399625317864775,0.029897000000000062,1
AXP,2021-05-13,2021-05-14,take_profit,1,1552.016697660874,1598.4173408708414,46.400643209967484,0.029897000000000284,1
DE,2021-05-13,2021-05-14,take_profit,1,1551.9975674079478,1608.0248986156466,56.02733120769881,0.036100141124107754,1
SCHW,2021-05-13,2021-05-14,take_profit,1,1552.3212486164637,1598.73099698635,46.4097483698863,0.02989699999999984,1
ORCL,2021-05-13,2021-05-14,dynamic,1,1552.3502083372045,1579.4229516951953,27.072743357990703,0.017439842641558068,2
IBM,2021-05-13,2021-05-14,dynamic,1,1552.1136156891323,1587.397256543739,35.2836408546068,0.0227326405090138,2
NVDA,2021-05-14,2021-05-14,dynamic,1,1557.9357898801431,1597.3693655376064,39.43357565746328,0.025311425485961214,1
INTC,2021-04-21,2021-05-18,time_stop,4,10868.799402549177,10431.235943109896,-437.56345943928136,-0.040258674691949436,20
MDT,2021-05-05,2021-05-18,dynamic,2,3117.6810484690686,3120.0862925817396,2.405244112670971,0.0007714849836393256,10
NEE,2021-05-05,2021-05-20,dynamic,2,3117.4727420003874,3120.3583203021094,2.8855783017220347,0.0009256146053326919,12
AMGN,2021-05-20,2021-05-20,dynamic,1,1562.4754627548812,1587.0449381565052,24.569475401624004,0.015724711195338914,1
T,2021-05-18,2021-05-21,take_profit,2,3129.5807771743193,3223.1458536694995,93.56507649518016,0.02989699999999984,3
DUK,2021-05-20,2021-05-21,dynamic,1,1562.532183203552,1586.2796185794189,23.74743537586687,0.015198045602605958,2
MA,2021-05-05,2021-05-24,dynamic,2,3117.7273779478214,3143.6170364333298,25.889658485508335,0.00830401614606524,14
ABT,2021-04-30,2021-05-25,dynamic,2,3119.752833688851,3128.9329329400493,9.180099251198499,0.002942572614107908,18
DIS,2021-05-13,2021-05-25,dynamic,2,3104.8408465353473,3130.119342716216,25.278496180868842,0.008141639919829302,9
DE,2021-05-20,2021-05-25,dynamic,1,1562.4951370322422,1574.342105769296,11.846968737053885,0.007582083589428468,4
HD,2021-05-20,2021-05-25,dynamic,1,1562.5242230402955,1571.5966041895545,9.072381149258945,0.005806233922957205,4
LOW,2021-05-20,2021-05-25,dynamic,1,1562.4891292146706,1572.5985218807032,10.10939266603259,0.006470056320400541,4
UPS,2021-05-24,2021-05-28,dynamic,1,1567.9420204810817,1571.5933742501895,3.6513537691078,0.0023287556053810388,5
AMZN,2021-05-05,2021-06-02,time_stop,2,3117.4248590016878,3082.112728617319,-35.31213038436863,-0.011327339705527573,20
DUK,2021-05-28,2021-06-02,dynamic,1,1568.3710332300482,1573.0577390259907,4.686705795942544,0.0029882634253262097,3
MA,2021-06-02,2021-06-02,dynamic,1,1566.7843643406557,1580.9351816190242,14.15081727836855,0.009031758039226734,1
CSCO,2021-06-02,2021-06-02,dynamic,1,1566.3988903157492,1575.4641896030193,9.065299287270136,0.005787350427350457,1
GILD,2021-05-26,2021-06-03,dynamic,1,1570.7495499989645,1577.5404872984923,6.790937299527741,0.004323373703676747,6
SO,2021-05-27,2021-06-03,dynamic,1,1570.506992827271,1583.1210082822977,12.614015455026674,0.008031811072880757,5
AAPL,2021-06-01,2021-06-04,dynamic,1,1569.1542469254334,1579.1579314249143,10.003684499480869,0.006375207866965216,4
MSFT,2021-06-04,2021-06-04,dynamic,1,1568.8485113702095,1587.876061570545,19.027550200335554,0.01212835405230872,1
MDT,2021-06-04,2021-06-07,dynamic,1,1568.5436908900497,1572.700471243636,4.156780353586328,0.002650088982365295,2
UPS,2021-06-07,2021-06-07,dynamic,1,1569.7273390560706,1586.936333146471,17.208994090400438,0.010963046678379662,1
LOW,2021-06-07,2021-06-08,dynamic,1,1569.7294568350865,1581.5539532320704,11.824496396983932,0.007532824427481044,2
PFE,2021-05-26,2021-06-09,dynamic,1,1570.7624297693608,1591.3881390957351,20.625709326374363,0.01313101773729275,10
BMY,2021-05-28,2021-06-10,take_profit,1,1568.3554712551306,1615.2445947792453,46.889123524114666,0.029897000000000062,8
AMGN,2021-05-26,2021-06-10,dynamic,1,1570.7840008062074,1588.8114881633926,18.027487357185237,0.011476744955342344,11
ABBV,2021-05-26,2021-06-10,dynamic,1,1570.7972329596882,1594.0907309193942,23.293497959705974,0.014829092814109712,11
JNJ,2021-05-27,2021-06-10,dynamic,2,3140.8471636213235,3164.6693787600693,23.822215138745833,0.0075846464019850846,10
DHR,2021-06-03,2021-06-10,dynamic,1,1568.0020111377464,1601.0680558830043,33.06604474525784,0.021088011692832698,6
SBUX,2021-06-04,2021-06-10,dynamic,1,1568.651445102106,1576.7853146124512,8.133869510345221,0.00518526249776019,5
PEP,2021-06-09,2021-06-10,dynamic,1,1568.5270671174148,1572.0980892836658,3.571022166250941,0.00227667232597617,2
SCHW,2021-06-11,2021-06-11,dynamic,1,1570.0414269852397,1592.068274612713,22.026847627473217,0.014029469062971645,1
UNP,2021-06-11,2021-06-14,dynamic,1,1569.951835432781,1582.5192561530832,12.567420720302152,0.008004972150523093,2
WFC,2021-06-11,2021-06-16,dynamic,1,1570.2160159696782,1583.611960454924,13.395944485245764,0.008531274900398511,4
UNH,2021-06-02,2021-06-21,dynamic,2,3133.080455567568,3134.026873834867,0.9464182672986681,0.00030207276216498435,14
HD,2021-06-03,2021-06-21,dynamic,2,3136.1670747107114,3166.1868743574523,30.01979964674092,0.009572130225080633,13
GILD,2021-06-17,2021-06-21,dynamic,1,1561.751922593427,1562.2916456843232,0.5397230908961319,0.0003455882352940698,3
NKE,2021-06-07,2021-06-22,dynamic,2,3139.550762423162,3168.286461385055,28.735698961893377,0.009152805970149336,12
CVS,2021-05-27,2021-06-24,time_stop,2,3141.265618637142,3059.9125223252636,-81.35309631187829,-0.02589819078947353,20
CAT,2021-06-08,2021-06-24,dynamic,4,10984.137383641297,11017.054284486863,32.91690084556649,0.0029967670373998168,13
MS,2021-06-11,2021-06-24,dynamic,3,6280.666967361584,6283.679453310393,3.012485948808717,0.00047964427416125055,10
GS,2021-06-11,2021-06-24,dynamic,2,3140.3082302227585,3146.1144857601357,5.806255537377183,0.0018489444703220226,10
JPM,2021-06-11,2021-06-24,dynamic,3,6278.989235003126,6290.0827466501005,11.093511646974548,0.0017667671072172375,10
BA,2021-06-15,2021-06-24,dynamic,1,1566.697095352594,1599.804509510031,33.107414157437006,0.021131981578089265,8
INTC,2021-06-24,2021-06-24,dynamic,1,1557.919565732952,1574.0460406495142,16.1264749165623,0.010351288520453972,1
BAC,2021-06-11,2021-06-25,dynamic,2,3139.6344941881653,3190.1596029548273,50.525108766662015,0.016092672207605574,11
BMY,2021-06-24,2021-06-25,dynamic,1,1557.9933047992063,1588.2993448668317,30.306040067625418,0.019451970669110974,2
AMZN,2021-06-28,2021-06-30,dynamic,1,1574.2631039226414,1585.2386966904437,10.975592767802254,0.006971892271662838,3
CVX,2021-06-30,2021-07-01,take_profit,1,1569.540676299825,1616.465233899161,46.92455759933591,0.029897000000000062,1
HON,2021-06-14,2021-07-01,dynamic,2,3140.714577653751,3144.536836694409,3.822259040658082,0.0012170029928391113,14
MDT,2021-06-29,2021-07-01,dynamic,1,1573.373032333156,1600.8849989037851,27.511966570629056,0.017485978217023135,3
MCD,2021-06-29,2021-07-01,dynamic,1,1573.3306874002567,1578.2014210278642,4.870733627607478,0.003095810478123795,3
RTX,2021-06-29,2021-07-01,dynamic,1,1573.2834780001017,1588.6031462054518,15.319668205350126,0.009737385804638343,3
ABBV,2021-06-30,2021-07-01,dynamic,1,1569.524147620185,1598.0384611369009,28.5143135167159,0.01816748952856262,2
KO,2021-06-30,2021-07-02,dynamic,1,1569.4699946983626,1580.3974149502976,10.927420251935018,0.006962490706319713,3
LIN,2021-06-08,2021-07-06,time_stop,1,1569.1955242760853,1542.4139207536296,-26.781603522455725,-0.017067091454272987,20
GE,2021-06-10,2021-07-08,time_stop,3,6277.073990119545,6164.473590877251,-112.60039924229386,-0.017938357811224326,20
C,2021-06-10,2021-07-08,time_stop,4,10983.908489880258,10151.657088982678,-832.2514008975795,-0.07577005959803407,20
BA,2021-06-30,2021-07-08,dynamic,2,3139.04036799897,3211.304973997473,72.26460599850316,0.023021241375296375,6
IBM,2021-07-06,2021-07-09,dynamic,1,1575.5640724836655,1592.62468858586,17.060616102194444,0.010828259161368647,4
WFC,2021-07-07,2021-07-09,dynamic,1,1568.0301168456665,1590.695869003007,22.66575215734042,0.014454921441774404,3
SCHW,2021-07-07,2021-07-09,dynamic,2,3136.28377797751,3212.9605219862447,76.67674400873466,0.02444828001443833,3
BAC,2021-07-07,2021-07-09,dynamic,1,1568.2430261285158,1586.7114359643456,18.46840983582979,0.01177649734647468,3
CVX,2021-07-09,2021-07-09,dynamic,1,1564.8358235580745,1573.9046869444524,9.06886338637787,0.005795408853663142,1
MS,2021-07-09,2021-07-09,dynamic,1,1564.6383633899381,1581.4643015518868,16.82593816194867,0.010753883169203116,1
JPM,2021-07-09,2021-07-09,dynamic,1,1564.1842743802956,1591.823712001154,27.639437620858416,0.01767019274746806,1
C,2021-07-09,2021-07-09,dynamic,1,1563.8584623588063,1571.5079597311033,7.649497372296992,0.004891425635002111,1
GS,2021-07-09,2021-07-09,dynamic,1,1563.3808285051778,1587.8260561732359,24.445227668058124,0.01563613114754081,1
TSLA,2021-07-07,2021-07-12,take_profit,2,3136.2557061598945,3230.020343006957,93.76463684706232,0.029897000000000062,3
META,2021-07-09,2021-07-12,dynamic,1,1564.7769760118913,1600.1429838546123,35.36600784272105,0.022601308930846775,2
TXN,2021-07-09,2021-07-12,dynamic,1,1564.8294389591608,1595.8549913293812,31.02555237022034,0.01982679491948769,2
CVS,2021-07-02,2021-07-14,dynamic,1,1577.4118586298491,1582.2454279422268,4.833569312377676,0.003064240506329252,8
GILD,2021-07-09,2021-07-15,dynamic,1,1564.7970591893882,1581.076366011554,16.279306822165836,0.010403462050599055,5
TMO,2021-07-15,2021-07-15,dynamic,1,1571.9779237309262,1585.8457574193847,13.867833688458404,0.008821901045241498,1
ABT,2021-07-15,2021-07-19,dynamic,1,1572.1786151967908,1600.1749939113697,27.996378714578896,0.017807377892030685,3
CAT,2021-07-19,2021-07-20,take_profit,1,1566.8552595255212,1613.6995312195556,46.84427169403443,0.029897000000000062,1
GE,2021-07-19,2021-07-20,take_profit,1,1567.7632921626303,1614.6347113084166,46.871419145786376,0.029897000000000062,1
BAC,2021-07-19,2021-07-20,take_profit,1,1568.455437996985,1615.3475502267809,46.892112229795885,0.029897000000000062,1
GS,2021-07-19,2021-07-20,take_profit,1,1569.202102808708,1616.11653807638,46.914435267671934,0.029897000000000062,1
RTX,2021-07-19,2021-07-20,take_profit,1,1569.9178584424326,1616.8536926562863,46.935834213853695,0.029897000000000284,1
BA,2021-07-15,2021-07-21,take_profit,2,3144.0297412138325,3238.0267983869026,93.99705717307006,0.029897000000000062,4
NVDA,2021-07-16,2021-07-21,take_profit,2,3142.0434371861284,3235.981109827682,93.93767264155349,0.02989699999999984,3
XOM,2021-07-07,2021-07-21,dynamic,3,6271.8377087863355,6277.074736401491,5.237027615155057,0.000835006876504174,11
AMD,2021-07-15,2021-07-21,dynamic,2,3144.542468600446,3196.5048617463876,51.962393145941405,0.01652462756181783,5
CVX,2021-07-15,2021-07-21,dynamic,2,3144.1542282845026,3190.3258016817636,46.171573397261,0.01468489458370259,5
MDT,2021-07-16,2021-07-21,dynamic,1,1571.0784659097417,1588.4246601028515,17.346194193109795,0.011040947075208862,4
NKE,2021-07-19,2021-07-21,dynamic,1,1567.5128987028168,1596.3941082850297,28.881209582212932,0.018424862472336434,3
BMY,2021-07-20,2021-07-21,dynamic,1,1563.8590231929027,1579.2220920366253,15.363068843722658,0.009823819548872237,2
CRM,2021-07-13,2021-07-22,dynamic,1,1572.4753155095846,1611.1896071550052,38.714291645420644,0.024619967807173238,8
AMZN,2021-07-16,2021-07-22,dynamic,1,1571.0945084580726,1572.9781895049584,1.8836810468858403,0.0011989610025018305,5
PG,2021-07-23,2021-07-23,dynamic,1,1582.7201600640585,1609.1527955356212,26.432635471562662,0.016700763747454106,1
AMGN,2021-07-30,2021-08-03,dynamic,1,1582.9906842089083,1592.3573018097854,9.366617600877134,0.005917038991014589,3
CRM,2021-08-02,2021-08-04,dynamic,1,1582.5848542875137,1594.573488081363,11.988633793849203,0.007575349758573546,3
META,2021-08-04,2021-08-04,dynamic,1,1581.8137298390134,1610.8274486562264,29.013718817212975,0.018342057771976616,1
AMZN,2021-08-02,2021-08-05,dynamic,1,1582.767851181903,1593.4132883205993,10.645437138696252,0.006725836091974635,4
AXP,2021-08-05,2021-08-05,dynamic,1,1580.6038560599484,1589.5352799729555,8.931423913007166,0.005650640341515523,1
V,2021-08-03,2021-08-06,dynamic,1,1581.5518558070137,1586.4540553131942,4.902199506180523,0.0030996135145244796,4
MA,2021-08-04,2021-08-06,dynamic,1,1581.7319118456815,1612.7935426330557,31.06163078737427,0.019637734153779007,3
KO,2021-08-05,2021-08-06,dynamic,1,1580.7490659545674,1586.1919513280852,5.442885373517811,0.003443231750531517,2
HON,2021-08-10,2021-08-10,dynamic,1,1581.99832136963,1605.8713998668281,23.873078497198094,0.015090457540138047,1
DIS,2021-08-02,2021-08-11,dynamic,1,1582.545252340118,1590.1551768471545,7.609924507036567,0.004808661550615101,8
PEP,2021-08-05,2021-08-11,dynamic,1,1580.9200962221166,1581.3739910511365,0.4538948290198732,0.00028710801393727614,5
MCD,2021-08-04,2021-08-12,dynamic,1,1581.7502109783104,1583.0635954747029,1.313384496392473,0.0008303362233030853,7
AAPL,2021-08-11,2021-08-12,dynamic,1,1581.594852936234,1612.1883552749775,30.59350233874352,0.01934345087298861,2
ABBV,2021-08-03,2021-08-13,dynamic,1,1581.5993503453676,1592.5155170657524,10.916166720384808,0.006901979770035371,9
BMY,2021-08-10,2021-08-13,dynamic,1,1582.0218067930002,1583.505515233953,1.483708440952796,0.0009378558718862173,4
AVGO,2021-08-11,2021-08-13,dynamic,1,1581.722110964301,1585.9617399330712,4.239628968770148,0.002680388002027412,3
NVDA,2021-08-12,2021-08-13,dynamic,1,1582.1221263798063,1607.2817060496623,25.15957966985593,0.01590242576748846,2
UPS,2021-07-28,2021-08-16,dynamic,1,1583.529765630847,1599.4413055091482,15.911539878301255,0.01004814700907275,14
MDT,2021-08-05,2021-08-16,dynamic,1,1580.775423671871,1593.9008784135274,13.125454741656313,0.008303174850206263,8
V,2021-08-12,2021-08-16,dynamic,1,1581.9283637586109,1591.7116055763704,9.783241817759517,0.006184377271367003,3
TXN,2021-08-13,2021-08-16,dynamic,1,1582.9538820626565,1602.2914691806782,19.337587118021702,0.012216140556681188,2
MA,2021-08-12,2021-08-17,dynamic,1,1582.0446912926927,1584.7660551312104,2.721363838517618,0.001720156107785975,4
ADBE,2021-08-19,2021-08-19,dynamic,1,1583.0221088137407,1615.236421262289,32.2143124485483,0.020349881577262696,1
NVDA,2021-08-19,2021-08-19,dynamic,1,1583.0915539528105,1607.6183636246653,24.526809671854835,0.01549298245614028,1
TSLA,2021-08-18,2021-08-20,take_profit,1,1584.8500907347918,1632.2323538974902,47.38226316269834,0.029897000000000062,2
TGT,2021-08-18,2021-08-20,dynamic,1,1584.7043878643185,1612.6106890864282,27.906301222109732,0.017609783525442735,3
TXN,2021-08-19,2021-08-23,take_profit,1,1582.536144869885,1629.84922799306,47.31308312317492,0.029897000000000062,2
AVGO,2021-08-19,2021-08-23,take_profit,1,1582.6708124867332,1629.9879217676491,47.31710928091593,0.029897000000000062,2
LMT,2021-07-27,2021-08-23,time_stop,1,1583.114275515892,1536.1013272694324,-47.01294824645947,-0.029696496945010087,20
XOM,2021-08-17,2021-08-23,dynamic,2,3172.8766238603876,3204.225384527395,31.348760667007355,0.009880233108108039,5
JPM,2021-08-18,2021-08-23,dynamic,1,1585.2423594262743,1589.03868578034,3.796326354065741,0.002394792399718515,4
NKE,2021-08-20,2021-08-23,dynamic,1,1579.2530373873076,1611.8603621989732,32.60732481166565,0.02064730859445474,2
DE,2021-08-23,2021-08-24,take_profit,1,1581.9961290783403,1630.30028026227,48.30415118392966,0.030533672172808224,1
AMZN,2021-08-12,2021-08-24,dynamic,1,1581.9155185084353,1589.3439927983395,7.428474289904216,0.004695872948328184,9
BA,2021-08-17,2021-08-24,dynamic,2,3172.279743018395,3176.132894762116,3.8531517437209004,0.0012146317651213767,6
GE,2021-08-18,2021-08-24,dynamic,1,1585.3464689581285,1619.532618373111,34.18614941498254,0.021563834836336726,5
AXP,2021-08-16,2021-08-25,take_profit,2,3168.8754209783833,3263.6152894393736,94.73986846099024,0.02989699999999984,7
SBUX,2021-08-02,2021-08-27,time_stop,2,3164.764283006085,3047.539937221371,-117.22434578471393,-0.037040466619955414,20
ORCL,2021-08-20,2021-08-27,dynamic,1,1579.153787645411,1588.7756890430728,9.621901397661759,0.006093074324324377,6
UPS,2021-08-27,2021-08-27,dynamic,1,1590.226973220601,1598.1704182412118,7.943445020610852,0.0049951643094843234,1
KO,2021-08-25,2021-08-30,dynamic,1,1589.8932104828807,1593.1371484993174,3.2439380164366867,0.0020403496254011166,4
PG,2021-08-26,2021-08-30,dynamic,1,1591.8296537209112,1595.801489794397,3.971836073485747,0.0024951388888889703,3
PEP,2021-08-26,2021-08-30,dynamic,1,1591.8456899307562,1596.7017866145911,4.856096683834949,0.0030506076779628355,3
CVS,2021-08-27,2021-08-30,dynamic,1,1590.1951600011857,1614.4630039011847,24.26784389999898,0.015260921747479728,2
WMT,2021-08-27,2021-08-31,dynamic,1,1590.0411784849653,1596.2412827174574,6.2001042324920945,0.003899335637583823,3
DUK,2021-08-25,2021-09-01,dynamic,1,1589.891058390737,1604.7024369115702,14.81137852083316,0.009315970702939325,6
JNJ,2021-08-26,2021-09-02,dynamic,1,1591.795703406783,1600.6034901679157,8.807786761132547,0.0055332394366198745,6
UNH,2021-08-27,2021-09-02,dynamic,1,1590.1097532376582,1611.6313700724234,21.521616834765155,0.013534673811631315,5
PFE,2021-08-30,2021-09-02,dynamic,1,1590.7030276122416,1612.5774666748068,21.874439062565216,0.013751428571428859,4
V,2021-09-03,2021-09-08,dynamic,1,1591.408405123412,1627.4075622971852,35.999157173773256,0.022620941964285768,3
WFC,2021-09-01,2021-09-13,dynamic,2,3181.6004380358117,3251.822745716995,70.22230768118334,0.02207137855579866,8
AXP,2021-09-07,2021-09-13,dynamic,1,1589.8174534212415,1615.4740369615026,25.65658354026118,0.016138068861333066,5
QCOM,2021-09-08,2021-09-13,dynamic,1,1588.1095744196514,1588.5045967362962,0.3950223166448268,0.00024873744419640076,4
KO,2021-09-08,2021-09-13,dynamic,1,1588.1828713462455,1601.1600189718458,12.97714762560031,0.008171066354972112,4
MSFT,2021-09-08,2021-09-14,dynamic,1,1588.1534671970908,1588.0476238515673,-0.10584334552345354,-6.664554006252654e-05,5
RTX,2021-08-18,2021-09-15,time_stop,2,3170.9422636153877,3192.295406782948,21.35314316756012,0.006734005665310905,20
ADBE,2021-09-14,2021-09-15,dynamic,1,1582.822240062836,1619.609116483117,36.78687642028103,0.023241318885449003,2
CRM,2021-09-14,2021-09-16,dynamic,1,1582.8246142997575,1621.5930351321354,38.76842083237784,0.024493187989453213,3
DHR,2021-09-14,2021-09-17,dynamic,1,1582.788625916843,1585.855518067306,3.0668921504629907,0.0019376511179352018,4
NFLX,2021-09-15,2021-09-17,dynamic,1,1577.6543913964872,1608.0004782468181,30.34608685033095,0.019234939550651253,3
UNP,2021-08-23,2021-09-20,time_stop,3,6328.273234577928,5881.041862022983,-447.23137255494476,-0.07067194414287536,20
NVDA,2021-09-20,2021-09-22,take_profit,1,1575.873414046604,1622.9873015063552,47.11388745975114,0.02989699999999984,2
LLY,2021-08-25,2021-09-22,time_stop,4,11129.260455426924,10584.875386020949,-544.3850694059747,-0.04891475687771496,20
AMD,2021-09-09,2021-09-22,dynamic,2,3179.28371895681,3190.2614877185065,10.977768761696552,0.0034529062934021137,10
GS,2021-09-17,2021-09-23,dynamic,2,3158.578875852978,3199.17360978041,40.59473392743212,0.01285221472155551,5
PG,2021-09-21,2021-09-23,dynamic,1,1570.1709456050137,1583.300520016242,13.129574411228305,0.00836187578682357,3
BMY,2021-08-27,2021-09-24,time_stop,3,6360.918196283126,6018.572581045909,-342.3456152372173,-0.05382015688195141,20
UPS,2021-09-23,2021-09-24,dynamic,1,1569.3144784965941,1586.1989354629297,16.88445696633562,0.010759129032257952,2
TGT,2021-09-01,2021-09-29,time_stop,2,3181.609074751944,3102.436335019153,-79.17273973279089,-0.024884496452149296,20
NKE,2021-09-02,2021-09-30,time_stop,3,6357.322003213709,5907.736625091182,-449.5853781225269,-0.07071930254519998,20
ABBV,2021-09-02,2021-09-30,time_stop,2,3178.460019973277,3082.0643657360597,-96.39565423721751,-0.03032778566710681,20
AXP,2021-10-01,2021-10-01,dynamic,1,1558.3461852334779,1608.4963180175978,50.15013278411993,0.032181637982195976,1
BRK-B,2021-09-07,2021-10-04,time_stop,1,1589.8796140628122,1543.0852120406819,-46.79440202213027,-0.02943267000106431,20
DUK,2021-09-08,2021-10-05,time_stop,2,3176.343994457711,3144.868117528644,-31.475876929067,-0.00990946729447062,20
NVDA,2021-09-30,2021-10-05,dynamic,2,3125.8296908777093,3141.8701491991455,16.04045832143629,0.0051315842217021235,4
TXN,2021-10-01,2021-10-05,dynamic,1,1558.4959689590885,1561.9654776505292,3.469508691440751,0.0022261903530991223,3
AVGO,2021-10-05,2021-10-05,dynamic,1,1555.0697832316112,1585.8858006867902,30.816017455179008,0.01981648527125257,1
NEE,2021-09-20,2021-10-06,dynamic,2,3153.4278214899778,3204.5912742349296,51.16345274495188,0.016224710264900688,13
PG,2021-09-28,2021-10-06,dynamic,1,1569.0071426662016,1570.4074134079665,1.4002707417648708,0.0008924565756822656,7
UNH,2021-09-24,2021-10-07,dynamic,2,3146.4501996756153,3194.00136227535,47.55116259973465,0.01511263791959494,10
KO,2021-09-27,2021-10-07,dynamic,1,1570.618457426805,1571.3363044365392,0.7178470097342142,0.00045704735376039807,9
ABT,2021-09-28,2021-10-07,dynamic,2,3136.5597697402313,3156.3447924361517,19.78502269592036,0.006307873641304473,8
GILD,2021-10-05,2021-10-07,dynamic,1,1555.034075660785,1570.7846688411316,15.750593180346641,0.01012877687175684,3
CVS,2021-10-07,2021-10-07,dynamic,1,1564.4132914168122,1580.0195150837553,15.606223666943151,0.009975767754318632,1
PFE,2021-09-14,2021-10-11,time_stop,2,3165.2176991759434,3042.0637604298067,-123.15393874613665,-0.03890852081934193,20
META,2021-09-16,2021-10-13,time_stop,4,11067.636361230896,10547.868320593741,-519.7680406371546,-0.04696287659557219,20
SBUX,2021-09-16,2021-10-13,time_stop,2,3162.3208521713486,3114.5566458889157,-47.76420628243295,-0.015104161947904982,20
TXN,2021-10-13,2021-10-14,dynamic,1,1561.245278832914,1588.5707935725068,27.32551473959279,0.017502384224994838,2
AAPL,2021-10-14,2021-10-14,dynamic,1,1560.017409920613,1577.9725286039143,17.95511868330118,0.011509563014565849,1
CVS,2021-10-14,2021-10-14,dynamic,1,1559.8174742757622,1563.729853073227,3.912378797464953,0.002508228598529838,1
BAC,2021-10-14,2021-10-14,dynamic,1,1559.4632926692977,1583.9076425410233,24.444349871725535,0.015674847870182695,1
WFC,2021-10-13,2021-10-15,take_profit,1,1560.8813146991934,1607.546983364755,46.665668665561725,0.029897000000000062,2
C,2021-10-13,2021-10-15,take_profit,1,1560.9191936387124,1607.5859947709291,46.66680113221673,0.029897000000000062,2
GE,2021-10-13,2021-10-15,take_profit,1,1560.9467210184112,1607.6143451366986,46.66762411828745,0.029897000000000062,2
JPM,2021-10-13,2021-10-15,dynamic,1,1561.0635125536908,1585.072121334722,24.00860878103117,0.015379648930334833,3
DHR,2021-09-28,2021-10-18,dynamic,2,3136.9405785177605,3152.842917407961,15.902338890200554,0.005069378425304638,15
PFE,2021-10-14,2021-10-19,dynamic,1,1560.106847711047,1579.8443390384014,19.73749132735429,0.012651371511068321,4
MRK,2021-10-14,2021-10-19,dynamic,1,1560.0256763577968,1570.1410709076852,10.115394549888379,0.006484120552108452,4
SO,2021-09-23,2021-10-20,time_stop,1,1569.223534191413,1571.286291106548,2.0627569151351963,0.0013145080163470269,20
GOOGL,2021-10-25,2021-10-27,take_profit,1,1566.4224517407288,1613.2537837804211,46.83133203969237,0.02989699999999984,2
MCD,2021-10-14,2021-10-28,dynamic,1,1559.487783716083,1576.152690535277,16.66490681919413,0.010686141304347752,11
SBUX,2021-10-29,2021-11-02,take_profit,1,1567.8198548356563,1614.692965035678,46.873110200021756,0.029897000000000062,2
TXN,2021-10-28,2021-11-02,dynamic,1,1567.5373556833279,1580.4859305149319,12.948574831603992,0.008260456942003502,4
ORCL,2021-11-02,2021-11-02,dynamic,1,1568.0496974683592,1603.6902977044915,35.640600236132286,0.022729254240904773,1
RTX,2021-10-27,2021-11-05,dynamic,1,1566.5259389382672,1602.1263282167254,35.600389278458124,0.022725694093892024,8
AXP,2021-11-01,2021-11-05,dynamic,1,1567.36884622613,1586.1536693753633,18.78482314923326,0.011984941001260019,5
DUK,2021-11-05,2021-11-09,dynamic,1,1568.6582816114474,1580.4368450762315,11.778563464784156,0.007508686629113637,3
ABT,2021-11-08,2021-11-10,take_profit,1,1569.4584792045328,1616.3805793573106,46.92210015277783,0.02989699999999984,2
TMO,2021-11-08,2021-11-10,dynamic,1,1569.8063450753705,1583.2119593129405,13.405614237570035,0.008539661136945043,3
DHR,2021-11-08,2021-11-10,dynamic,1,1569.5263709406815,1608.8679941035523,39.34162316287075,0.025065920452991053,3
TSLA,2021-11-10,2021-11-11,take_profit,1,1570.741541975906,1714.149142718198,143.40760074229183,0.09129929839500717,1
NFLX,2021-11-08,2021-11-11,dynamic,1,1569.6262950266262,1587.0636848140068,17.437389787380653,0.011109262021559596,4
TGT,2021-11-08,2021-11-11,dynamic,1,1569.3214429699415,1586.2657706474758,16.944327677534375,0.010797231984205347,4
GOOGL,2021-11-11,2021-11-12,dynamic,1,1571.9546006335916,1595.2794883345896,23.324887700998033,0.01483814334815814,2
CRM,2021-11-11,2021-11-12,dynamic,1,1571.8563090400314,1598.5457253512732,26.689416311241757,0.016979552238805873,2
MSFT,2021-11-11,2021-11-12,dynamic,1,1571.7108419498195,1597.5050628041454,25.794220854325886,0.016411556226415325,2
TXN,2021-11-11,2021-11-12,dynamic,1,1571.603957792686,1583.4425744762727,11.838616683586679,0.007532824427481044,2
AAPL,2021-11-11,2021-11-12,dynamic,1,1571.3991514036366,1582.1065339900615,10.707382586424956,0.006813916487647731,2
GS,2021-11-11,2021-11-12,dynamic,1,1571.2322277987207,1589.8036202175344,18.57139241881373,0.011819635627530412,2
LOW,2021-11-12,2021-11-12,dynamic,1,1573.583122191664,1586.1108924625278,12.527770270863812,0.007961301881158622,1
ORCL,2021-11-11,2021-11-16,dynamic,1,1571.6764570682863,1596.5674132578133,24.89095618952706,0.015837201147593127,4
LLY,2021-11-17,2021-11-17,dynamic,1,1574.7844705315308,1601.421587136887,26.63711660535614,0.016914769674078345,1
CSCO,2021-11-19,2021-11-22,take_profit,1,1573.1242301344187,1620.1559252427473,47.03169510832868,0.029897000000000062,1
MS,2021-11-05,2021-11-22,dynamic,2,3137.2327964986066,3138.7507227320866,1.5179262334800114,0.0004838423961315286,12
BRK-B,2021-11-12,2021-11-22,dynamic,1,1573.3683150063448,1573.7079909101567,0.3396759038118944,0.00021589090143248058,7
UPS,2021-11-18,2021-11-22,dynamic,1,1573.8101548900486,1593.4499997823257,19.639844892277097,0.012479170267934325,3
GS,2021-11-18,2021-11-22,dynamic,1,1573.8284161923536,1589.1550256748076,15.326609482453932,0.00973842467499364,3
BAC,2021-11-19,2021-11-23,take_profit,1,1573.4938228641008,1620.5365676862687,47.04274482216783,0.02989699999999984,2
JPM,2021-11-08,2021-11-23,dynamic,2,3138.8277978616543,3199.2732504930786,60.44545263142436,0.01925733315876821,12
DUK,2021-11-12,2021-11-23,dynamic,1,1573.5854825698877,1581.1186954008886,7.53321283100081,0.004787291770573576,8
WMT,2021-11-15,2021-11-23,dynamic,2,3150.9702813092413,3165.493107512512,14.522826203270597,0.004609001325533324,7
RTX,2021-11-18,2021-11-23,dynamic,1,1573.761318939761,1575.7697011876924,2.008382247931422,0.0012761669916276919,4
BLK,2021-11-18,2021-11-23,dynamic,1,1573.780922720486,1574.5493243534677,0.7684016329817496,0.0004882519681668196,4
ABT,2021-11-23,2021-11-26,take_profit,1,1576.3582019206706,1623.486583083493,47.12838116282251,0.029897000000000062,2
NFLX,2021-11-23,2021-11-26,dynamic,1,1576.3239233058437,1594.0310095774266,17.707086271582966,0.011233152025281745,3
UNH,2021-11-17,2021-11-29,dynamic,1,1574.9393260466336,1580.4111727958905,5.471846749256883,0.0034743222540465357,8
TGT,2021-11-23,2021-11-29,dynamic,1,1576.4982679493592,1598.8643533947409,22.366085445381714,0.014187193161001366,4
CRM,2021-11-23,2021-11-29,dynamic,1,1576.3919371040913,1592.8205876449056,16.42865054081426,0.010421678869402484,4
AVGO,2021-11-23,2021-11-29,dynamic,1,1576.646444146325,1610.5059154703088,33.859471323983826,0.02147562724014329,4
NEE,2021-11-29,2021-11-29,dynamic,1,1574.4786661804342,1600.3132219181716,25.834555737737446,0.01640832377894963,1
QCOM,2021-11-29,2021-11-29,dynamic,1,1573.916309149849,1611.112455454251,37.196146304401964,0.023632861600178412,1
PEP,2021-11-29,2021-11-29,dynamic,1,1573.4219898123627,1587.481768360856,14.059778548493341,0.008935796397614881,1
AMZN,2021-11-29,2021-11-29,dynamic,1,1573.1976463101878,1579.2150401929694,6.017393882781562,0.0038249446259310815,1
GOOGL,2021-11-29,2021-11-29,dynamic,1,1572.9087014718373,1589.467355281731,16.558653809893713,0.010527409375000074,1
MSFT,2021-11-29,2021-11-29,dynamic,1,1572.6086363681004,1580.3854616828912,7.776825314790813,0.004945175255269607,1
NKE,2021-11-29,2021-12-02,dynamic,1,1574.1703263221943,1575.5884977873495,1.4181714651551829,0.0009009009009008917,4
MCD,2021-12-01,2021-12-02,dynamic,1,1572.495488788124,1591.7877356881681,19.29224690004412,0.012268554687499877,2
JPM,2021-12-01,2021-12-02,dynamic,1,1572.086512145302,1573.9796460638627,1.8931339185605793,0.0012042173913044962,2
GS,2021-12-01,2021-12-02,dynamic,1,1571.7663191337306,1586.841246118374,15.074926984643525,0.009591073940909967,2
MS,2021-12-01,2021-12-02,dynamic,1,1571.1967827147275,1601.4949586284188,30.29817591369124,0.019283501752938692,2
UNP,2021-12-01,2021-12-02,dynamic,1,1570.6695055673165,1586.7046511935014,16.035145626184885,0.010209115010731074,2
UPS,2021-11-30,2021-12-03,dynamic,2,3158.624661589629,3180.2210214122288,21.59635982259988,0.006837266891891902,4
CVS,2021-12-01,2021-12-03,dynamic,1,1572.3817961357727,1584.2542202425834,11.87242410681074,0.00755059880239517,3
KO,2021-11-17,2021-12-06,dynamic,2,3149.7316230257807,3150.2011003881807,0.46947736240008453,0.00014905313169166767,13
LIN,2021-11-18,2021-12-06,dynamic,2,3147.6587049690916,3150.5862211714584,2.92751620236686,0.0009300615081759833,12
AXP,2021-11-19,2021-12-06,dynamic,4,11012.115304991103,11165.231449852496,153.11614486139297,0.01390433541791869,11
BRK-B,2021-12-01,2021-12-06,dynamic,1,1570.4698492022399,1580.6489814978513,10.179132295611453,0.0064815840309078165,4
COST,2021-12-03,2021-12-06,dynamic,1,1579.657547398399,1589.066165271796,9.408617873397134,0.005956112379479128,2
TSLA,2021-12-06,2021-12-07,take_profit,2,3155.463783580033,3358.172569590616,202.70878601058303,0.06424056807921907,1
AMZN,2021-12-06,2021-12-07,take_profit,1,1578.171453496712,1625.3540454419035,47.18259194519146,0.029897000000000062,1
MSFT,2021-12-06,2021-12-07,take_profit,1,1578.1175265227096,1625.2985062131593,47.1809796904497,0.029897000000000062,1
NFLX,2021-12-01,2021-12-07,dynamic,3,6291.092730159855,6385.531373648154,94.43864348829902,0.015011484894437377,5
ORCL,2021-12-06,2021-12-07,dynamic,1,1578.146690437738,1608.5340532371622,30.38736279942418,0.01925509395517322,2
DHR,2021-12-06,2021-12-08,dynamic,1,1578.0475890090697,1613.2716565490646,35.22406753999485,0.022321296129043766,3
AMD,2021-12-07,2021-12-08,dynamic,1,1588.4455683135493,1603.0768850481286,14.631316734579286,0.009211091035441266,2
LLY,2021-11-30,2021-12-13,dynamic,2,3158.3375954882736,3163.4795437082594,5.141948219985807,0.0016280552868481735,10
AMD,2021-12-14,2021-12-15,take_profit,1,1594.6955201762871,1642.3721321429975,47.676611966710425,0.029897000000000062,1
AMZN,2021-12-14,2021-12-15,take_profit,1,1595.0800843255308,1642.7681936066112,47.688109281080415,0.029897000000000062,1
NVDA,2021-12-14,2021-12-15,take_profit,1,1595.365791443106,1643.0624425098806,47.69665106677462,0.029897000000000062,1
MS,2021-12-14,2021-12-15,take_profit,1,1596.098084521928,1643.8166289548803,47.718544432952285,0.029897000000000062,1
TGT,2021-12-14,2021-12-15,dynamic,1,1595.7625422239687,1635.2667355105473,39.504193286578584,0.02475568403274009,2
GOOGL,2021-12-15,2021-12-15,dynamic,1,1597.8741088463614,1631.4937203755183,33.61961152915683,0.021040212957345927,1
GS,2021-12-14,2021-12-16,take_profit,1,1596.1996223430956,1644.1841853706064,47.98456302751083,0.030061755657524447,2
DHR,2021-12-15,2021-12-16,take_profit,1,1598.0454216986222,1645.8221856711461,47.776763972523895,0.029897000000000062,1
BAC,2021-12-01,2021-12-16,dynamic,2,3143.1802522882513,3192.7333891023354,49.553136814084155,0.01576528637770913,12
NKE,2021-12-16,2021-12-21,take_profit,2,3201.0166196288633,3347.505765521311,146.4891458924476,0.04576331937615241,3
XOM,2021-12-20,2021-12-21,take_profit,1,1600.733678418067,1648.5908132017319,47.85713478366483,0.02989699999999984,1
NFLX,2021-12-15,2021-12-21,dynamic,1,1597.8169224725998,1615.6587609095104,17.84183843691062,0.011166384700257437,5
HD,2021-12-20,2021-12-22,dynamic,1,1601.2377179778414,1648.365399494338,47.12768151649652,0.02943203310000264,3
LOW,2021-12-21,2021-12-22,dynamic,1,1600.3691799737085,1613.0645634855719,12.695383511863383,0.007932784304226503,2
CRM,2021-12-15,2021-12-27,dynamic,1,1597.80691302491,1619.2750805641392,21.46816753922917,0.013436021188934832,8
GS,2022-01-03,2022-01-03,dynamic,1,1604.3411380750952,1630.284724156853,25.943586081757758,0.016170866323907296,1
PFE,2022-01-05,2022-01-10,dynamic,1,1603.7858706026286,1615.1127806403217,11.326910037693096,0.0070626074498567615,4
CSCO,2022-01-05,2022-01-10,dynamic,1,1603.140336299194,1619.4839839264123,16.343647627218388,0.010194770387318197,4
TMO,2022-01-05,2022-01-10,dynamic,1,1603.2010395882928,1621.3018953179417,18.100855729648856,0.011290446601941673,4
NVDA,2022-01-06,2022-01-11,take_profit,2,3194.7210692378762,3290.233645044881,95.51257580700485,0.029897000000000062,3
GOOGL,2022-01-03,2022-01-11,dynamic,3,6417.508895151126,6514.7231669076655,97.21427175653935,0.015148287808372407,7
QCOM,2022-01-11,2022-01-11,dynamic,1,1597.60811096966,1652.8094431575287,55.20133218786873,0.03455248618784523,1
UNH,2022-01-05,2022-01-12,dynamic,3,6412.6460441388845,6470.077959279067,57.431915140182355,0.008956040103394569,6
MA,2022-01-11,2022-01-13,take_profit,1,1597.5429849819984,1645.3047276040056,47.761742622007205,0.029897000000000284,2
ORCL,2021-12-21,2022-01-19,time_stop,3,6401.658906728209,6126.916601033872,-274.7423056943371,-0.04291736090555842,20
PG,2022-01-11,2022-01-19,dynamic,1,1597.5656374805883,1615.1526195763836,17.586982095795292,0.011008613156909375,6
UNP,2022-01-12,2022-01-21,take_profit,2,3204.3388663247065,3300.1389854112163,95.80011908650977,0.029897000000000062,6
UPS,2022-01-14,2022-01-24,dynamic,2,3175.7563608809364,3185.0247748596857,9.268413978749322,0.0029184902509895583,6
DE,2022-01-24,2022-01-25,take_profit,1,1522.9758708524973,1568.5082804633744,45.53240961087704,0.029897000000000062,1
JNJ,2022-01-14,2022-01-25,dynamic,2,3175.7229875399926,3222.4323298847976,46.70934234480501,0.014708254633061468,7
MSFT,2022-01-05,2022-01-26,take_profit,4,11220.797082406401,11609.888820408505,389.09173800210374,0.03467594460042234,14
NVDA,2022-01-20,2022-01-26,take_profit,4,9750.815603904515,10042.335738014448,291.52013410993277,0.02989699999999984,4
PFE,2022-01-20,2022-01-26,dynamic,2,3139.3857392402224,3149.653913503205,10.268174262982484,0.0032707590324556612,5
SCHW,2022-01-26,2022-01-26,dynamic,1,1501.1559643230362,1501.339442647868,0.1834783248318672,0.00012222469163258864,1
MRK,2022-01-25,2022-01-27,take_profit,1,1534.5118584992247,1580.3891595327757,45.87730103355102,0.02989699999999984,2
SO,2022-01-26,2022-01-27,dynamic,1,1501.1381085097694,1519.7531370645547,18.61502855478534,0.012400610209852836,2
AAPL,2022-01-27,2022-01-28,take_profit,1,1509.2917585409027,1554.4150542460002,45.12329570509746,0.029897000000000062,1
KO,2022-01-27,2022-01-28,dynamic,1,1508.904855152335,1532.9424049821193,24.03754982978444,0.01593046092184358,2
PG,2022-01-27,2022-01-28,dynamic,1,1508.7967567851717,1525.468804108068,16.672047322896333,0.011049896049895924,2
PEP,2022-01-28,2022-01-28,dynamic,1,1515.7219842181764,1552.9852414898285,37.26325727165204,0.024584493501869087,1
AMD,2022-01-27,2022-01-31,take_profit,3,6038.187309844538,6218.710995846959,180.52368600242153,0.02989699999999984,2
TSLA,2022-01-28,2022-01-31,take_profit,2,3031.5830405769757,3247.5604386157393,215.97739803876357,0.07124244830108917,1
NFLX,2022-01-03,2022-01-31,time_stop,4,11231.53926797405,8684.580178772472,-2546.9590892015785,-0.2267684801195553,20
ABT,2022-01-04,2022-01-31,dynamic,4,11235.894535513666,11238.625527911692,2.730992398026501,0.00024305963262594155,19
COST,2022-01-06,2022-01-31,dynamic,4,11182.476598948586,11321.274083607528,138.79748465894227,0.012412052324079381,17
MCD,2022-01-12,2022-01-31,dynamic,2,3204.5718150419125,3225.2861621809056,20.714347138993162,0.006463998416812666,13
DHR,2022-01-04,2022-02-01,time_stop,4,11234.425427908174,11288.412691681442,53.98726377326784,0.004805520684587394,20
LLY,2022-01-04,2022-02-01,time_stop,4,11235.321927748602,11352.220489670965,116.8985619223622,0.010404558291618793,20
HD,2022-01-12,2022-02-01,dynamic,3,6408.206123358319,6412.203353973264,3.997230614944783,0.0006237674846902852,14
SCHW,2022-02-01,2022-02-01,dynamic,1,1585.27519804743,1610.8734749234702,25.598276876040245,0.016147528774542952,1
GILD,2022-01-05,2022-02-02,time_stop,3,6412.876381732732,6195.5944626307455,-217.2819191019862,-0.033882131226000256,20
NEE,2022-01-06,2022-02-03,time_stop,4,8039.31991091463,7339.170914742629,-700.1489961720008,-0.0870905753136455,20
DE,2022-02-07,2022-02-08,take_profit,1,1583.6460883148175,1630.9923554171658,47.34626710234829,0.029897000000000062,1
LOW,2022-02-07,2022-02-09,dynamic,1,1583.797898352673,1605.210870672361,21.412972319687924,0.013520015616866221,3
TSLA,2022-02-14,2022-02-15,take_profit,1,1581.7547486518413,1629.0444703722853,47.28972172044405,0.029897000000000062,1
MRK,2022-02-04,2022-02-15,dynamic,2,3167.570288505099,3204.4102308952624,36.83994239016329,0.011630347248758222,8
MA,2022-02-09,2022-02-15,dynamic,2,3168.3141665147423,3199.9463746127763,31.63220809803397,0.009983924079356887,5
CVS,2022-02-15,2022-02-16,dynamic,1,1580.8752042579013,1581.9346920247756,1.0594877668743266,0.0006701906412478476,2
PG,2022-02-11,2022-02-17,dynamic,1,1583.0881350348368,1601.062241799212,17.974106764375165,0.011353825707233645,5
PEP,2022-02-11,2022-02-22,dynamic,1,1582.8543894341099,1585.4271635581715,2.5727741240616524,0.001625401642270763,7
LOW,2022-02-22,2022-02-23,take_profit,1,1577.6755412094838,1624.8433068650236,47.167765655539824,0.02989699999999984,1
CVX,2022-02-23,2022-02-23,dynamic,1,1573.378963790585,1604.229228841944,30.850265051358974,0.019607650643195695,1
TMO,2022-02-14,2022-02-24,dynamic,3,6326.710065944099,6382.986562892341,56.2764969482414,0.00889506494871184,8
AVGO,2022-02-24,2022-02-24,dynamic,1,1567.0755541193448,1647.6538870283205,80.57833290897565,0.05141955835962131,1
SCHW,2022-02-14,2022-02-25,take_profit,3,6326.83656225507,6515.989994956812,189.15343270174162,0.029897000000000284,8
BRK-B,2022-02-15,2022-02-25,take_profit,2,3161.3529585893057,3255.8679279922503,94.51496940294464,0.029897000000000062,7
COST,2022-02-23,2022-02-25,take_profit,1,1573.6558062261133,1620.7033938648553,47.047587638742016,0.02989699999999984,2
UNH,2022-02-23,2022-02-25,take_profit,2,3147.2355522547177,3241.328453560477,94.09290130575937,0.029897000000000062,2
AAPL,2022-02-24,2022-02-25,take_profit,1,1565.9248576680613,1681.317817325122,115.3929596570606,0.07368997247345632,1
UPS,2022-02-11,2022-02-25,dynamic,3,6332.180921822119,6401.900054923452,69.71913310133368,0.011010287602659208,10
SO,2022-02-11,2022-02-25,dynamic,2,3165.9190442468043,3173.488975136227,7.5699308894227215,0.0023910690019630643,10
JNJ,2022-02-11,2022-02-25,dynamic,2,3165.7916213191043,3171.8077391921925,6.016117873088206,0.00190035182119197,10
BAC,2022-02-15,2022-02-25,dynamic,3,6324.6566480340325,6338.042461506525,13.385813472492373,0.0021164490370639832,8
PG,2022-02-25,2022-02-25,dynamic,1,1576.0082887097055,1636.9895151989974,60.981226489291885,0.03869346812840546,1
PEP,2022-02-25,2022-02-25,dynamic,1,1575.9174662789144,1613.7115172956235,37.79405101670909,0.023982252767303258,1
DE,2022-02-22,2022-02-28,take_profit,3,6309.708758351535,6498.350121099971,188.64136274843622,0.029897000000000062,4
AXP,2022-03-02,2022-03-09,take_profit,4,11132.091604434267,11464.907747132038,332.8161426977713,0.029897000000000062,5
PFE,2022-02-09,2022-03-09,time_stop,3,6336.527402602495,6303.671695660938,-32.8557069415574,-0.0051851282025645595,20
RTX,2022-03-08,2022-03-09,dynamic,1,1570.4763313587143,1578.4905196678294,8.01418830911507,0.005103030303030165,2
AAPL,2022-03-08,2022-03-09,dynamic,1,1570.5172394549984,1611.196276229537,40.679036774538645,0.025901681148470024,2
ABBV,2022-03-09,2022-03-10,dynamic,1,1570.148247241794,1579.6276280834634,9.479380841669354,0.006037252124645676,2
MCD,2022-02-11,2022-03-11,time_stop,4,11079.997346034786,10734.921403329326,-345.07594270545997,-0.031144045610169147,20
BMY,2022-03-09,2022-03-11,dynamic,1,1570.6963672630438,1581.7935277497002,11.097160486656321,0.0070651213805206226,3
PG,2022-03-09,2022-03-15,dynamic,1,1570.473498128032,1585.5099983769603,15.036500248928405,0.009574501108647437,5
AMGN,2022-03-11,2022-03-15,dynamic,1,1590.760703743218,1614.658335469395,23.897631726176996,0.015022769716364959,3
WFC,2022-02-18,2022-03-16,dynamic,4,11058.351334670635,11124.901256339374,66.54992166873853,0.00601806902807378,18
CVX,2022-03-16,2022-03-18,dynamic,1,1600.4278942264987,1629.8968424517807,29.46894822528202,0.0184131683355373,3
XOM,2022-03-16,2022-03-21,take_profit,1,1600.3483900303352,1648.194005847072,47.84561581673688,0.029897000000000062,3
KO,2022-03-08,2022-03-21,dynamic,2,3141.172164085694,3160.898373843139,19.72620975744485,0.006279888120422905,10
SO,2022-03-21,2022-03-21,dynamic,1,1604.8184669692812,1619.7053274006569,14.88686043137568,0.00927635164835161,1
LMT,2022-03-14,2022-03-22,dynamic,2,3184.8834495129863,3186.895837774518,2.012388261531669,0.0006318561710128012,7
PFE,2022-03-24,2022-03-28,dynamic,1,1607.4289567812998,1629.9057943628839,22.47683758158405,0.013983098591549226,3
LOW,2022-03-24,2022-03-29,dynamic,2,3214.8430825275746,3262.7674435396953,47.9243610121207,0.014907216240999777,4
DE,2022-03-30,2022-04-04,dynamic,1,1608.470325834634,1622.495872223093,14.025546388459134,0.008719804253262353,4
CVS,2022-03-30,2022-04-06,dynamic,2,3216.833207561814,3219.1765013684917,2.3432938066775932,0.0007284474063402602,6
PFE,2022-04-01,2022-04-06,dynamic,1,1605.790181298958,1628.7344027741249,22.94422147516684,0.01428843054489648,4
RTX,2022-04-01,2022-04-07,dynamic,1,1605.9592068956608,1625.436484926349,19.47727803068824,0.01212812750601433,5
BRK-B,2022-04-05,2022-04-08,dynamic,1,1604.2331796714063,1638.077595709285,33.84441603787877,0.021096943054631945,4
DE,2022-04-07,2022-04-08,dynamic,1,1600.7090193966073,1633.866864717572,33.157845320964725,0.020714473973204584,2
WFC,2022-03-31,2022-04-11,dynamic,2,3216.880135930579,3255.849490599456,38.96935466887726,0.012114021356784077,8
LIN,2022-04-07,2022-04-13,dynamic,1,1600.841999823696,1613.1627677342967,12.320767910600807,0.0076964296988446534,5
TSLA,2022-04-12,2022-04-13,dynamic,1,1598.443842312871,1637.903065472625,39.45922315975395,0.024686024066168155,2
AAPL,2022-04-12,2022-04-13,dynamic,1,1597.9196800924194,1620.392125558859,22.472445466439694,0.014063563861445028,2
AXP,2022-04-07,2022-04-14,dynamic,2,3201.4169214102017,3261.5843163506956,60.16739494049398,0.01879398916714381,6
ABBV,2022-04-14,2022-04-18,take_profit,1,1603.8645710262233,1651.8153101061946,47.9507390799713,0.029897000000000284,1
AVGO,2022-04-07,2022-04-19,dynamic,2,3201.515070503521,3255.846353239074,54.33128273555258,0.016970491014120848,8
BRK-B,2022-04-18,2022-04-19,dynamic,1,1598.5874497698398,1617.2217026336616,18.634252863821757,0.011656699085498712,2
JNJ,2022-04-19,2022-04-19,dynamic,1,1591.977038861895,1612.6051923373632,20.628153475468253,0.012957569721115725,1
PG,2022-04-19,2022-04-19,dynamic,1,1591.5703140986177,1618.2104519237328,26.640137825115062,0.016738272628691542,1
PEP,2022-04-19,2022-04-19,dynamic,1,1591.612089088406,1620.1260670652678,28.513977976861725,0.017915155440414443,1
PFE,2022-04-19,2022-04-26,dynamic,3,6366.764925973954,6367.664733770951,0.8998077969972655,0.0001413288864060558,6
XOM,2022-04-25,2022-04-27,take_profit,1,1552.9279657895838,1599.3558531827953,46.42788739321145,0.029897000000000062,2
MRK,2022-04-25,2022-04-28,take_profit,1,1553.810982846394,1600.2652698005527,46.45428695415876,0.029897000000000062,3
SO,2022-04-27,2022-04-28,take_profit,1,1539.1862462559504,1585.2032974602646,46.01705120431416,0.029897000000000062,1
SCHW,2022-03-31,2022-04-28,time_stop,4,11260.285678283431,9675.854866057587,-1584.4308122258444,-0.14070964605112768,20
LLY,2022-04-19,2022-04-28,dynamic,2,3183.5440667876546,3237.128857141121,53.58479035346636,0.01683180418719199,8
CVX,2022-04-22,2022-04-28,dynamic,2,3147.3762429558374,3183.500275330864,36.12403237502667,0.01147750684586124,5
AAPL,2022-04-25,2022-04-28,dynamic,1,1553.8086521299197,1577.9532107110015,24.14455858108181,0.015538952333664202,4
WMT,2022-04-28,2022-04-28,dynamic,1,1540.6119445281179,1550.1831315192612,9.57118699114335,0.0062125878130037115,1
UNP,2022-04-04,2022-05-02,time_stop,3,6422.167634014299,6067.039014013753,-355.1286200005461,-0.055297313966027106,20
UPS,2022-04-04,2022-05-02,time_stop,4,11238.906299533624,10728.869509107353,-510.0367904262712,-0.045381354451494604,20
CAT,2022-04-25,2022-05-02,dynamic,2,3107.412307584239,3124.1028855344766,16.69057795023764,0.005371214469834351,6
CVS,2022-04-29,2022-05-04,take_profit,2,3123.317137177419,3216.6949496276125,93.37781245019323,0.029897000000000062,3
ABBV,2022-05-02,2022-05-04,take_profit,1,1534.3082362467442,1580.1794495858132,45.87121333906907,0.029897000000000062,2
COST,2022-05-03,2022-05-04,take_profit,1,1538.1742926720278,1584.1610895000433,45.986796828015486,0.02989699999999984,1
BRK-B,2022-05-02,2022-05-04,dynamic,1,1534.2336679782813,1546.8125757891853,12.578907810903956,0.008198821387800592,3
KO,2022-05-04,2022-05-04,dynamic,1,1543.6214850707433,1593.2010635497306,49.57957847898729,0.03211900000000001,1
NVDA,2022-04-07,2022-05-05,time_stop,4,11205.553376630873,9490.68433928997,-1714.8690373409027,-0.1530374252571277,20
DUK,2022-05-02,2022-05-06,dynamic,1,1534.3420300003122,1543.19937186371,8.857341863397778,0.005772729737056004,5
AMGN,2022-04-29,2022-05-09,dynamic,1,1561.4994788622062,1579.4324651562872,17.932986294081047,0.011484465116279097,7
NEE,2022-04-13,2022-05-11,time_stop,4,11152.742733782121,10225.141014986408,-927.6017187957132,-0.08317252006414255,20
UNH,2022-05-13,2022-05-13,dynamic,1,1533.663285166282,1547.6022175638307,13.93893239754857,0.009088652334816372,1
PG,2022-05-12,2022-05-16,dynamic,1,1534.2644933847423,1550.099717971729,15.83522458698667,0.010321052631578898,3
LMT,2022-04-20,2022-05-17,time_stop,2,3206.6281118683505,3138.730831352574,-67.8972805157764,-0.0211740426850483,20
DE,2022-04-22,2022-05-17,dynamic,4,11016.001369633606,11040.404576742912,24.403207109306095,0.002215250914599176,18
RTX,2022-04-25,2022-05-17,dynamic,3,6215.6129663269985,6228.518324148645,12.905357821646248,0.0020762807934728844,17
JNJ,2022-05-04,2022-05-17,dynamic,1,1543.648571952517,1549.2990969002828,5.650524947765916,0.003660499579006382,10
BRK-B,2022-05-12,2022-05-17,dynamic,1,1534.1257751671665,1567.0975978915535,32.97182272438704,0.021492255236239766,4
KO,2022-05-19,2022-05-23,take_profit,1,1548.1850024599903,1594.4710894785367,46.28608701854637,0.029897000000000062,2
LMT,2022-05-20,2022-05-23,dynamic,1,1547.8169671897795,1565.8508322057476,18.033865015968104,0.011651161214953243,2
ABBV,2022-05-23,2022-05-25,dynamic,1,1547.97913067899,1550.9883653617508,3.0092346827607344,0.0019439762611275224,3
PFE,2022-06-02,2022-06-03,dynamic,1,1549.0684435592552,1573.4619085971483,24.393465037893066,0.015747183502005102,2
BMY,2022-06-01,2022-06-07,dynamic,1,1549.187974289099,1574.7337632082163,25.545788919117285,0.016489792938678027,5
ABBV,2022-06-02,2022-06-07,dynamic,1,1549.0661199565898,1575.2104899980413,26.144370041451566,0.016877504261847864,4
MRK,2022-06-03,2022-06-07,dynamic,1,1549.246917289799,1561.8658735265587,12.618956236759686,0.008145219523066682,3
T,2022-06-06,2022-06-07,dynamic,1,1549.6302755908057,1565.7699860223247,16.139710431519006,0.010415200764818389,2
JNJ,2022-06-06,2022-06-07,dynamic,1,1549.605728913907,1559.3310198405093,9.725290926602383,0.006275977653630971,2
UNH,2022-06-06,2022-06-07,dynamic,1,1549.499782656165,1573.6250665553478,24.125283899182705,0.015569723964611981,2
LLY,2022-06-14,2022-06-17,take_profit,1,1544.430102969702,1590.6039297581872,46.17382678848526,0.029897000000000062,3
MRK,2022-06-10,2022-06-21,take_profit,2,3102.1978925451717,3194.944302938595,92.74641039342305,0.029897000000000062,6
T,2022-06-13,2022-06-21,take_profit,3,6201.762610543931,6387.176707311362,185.41409676743115,0.02989699999999984,5
RTX,2022-06-14,2022-06-21,take_profit,2,3089.105470987756,3181.4604572538765,92.3549862661207,0.02989699999999984,4
LIN,2022-06-10,2022-06-21,dynamic,3,6202.547004738524,6277.511538057941,74.96453331941666,0.012086088708742837,7
IBM,2022-06-10,2022-06-21,dynamic,1,1551.4248793706438,1551.8326068888323,0.4077275181884943,0.00026280841799697363,7
KO,2022-06-10,2022-06-21,dynamic,2,3102.89914539133,3151.1330221973926,48.23387680606265,0.015544777495492657,7
ABBV,2022-06-13,2022-06-21,dynamic,1,1550.7689356435808,1579.3452386402444,28.57630299666357,0.018427183018599802,6
JNJ,2022-06-13,2022-06-21,dynamic,1,1551.1530356554554,1577.7172518819402,26.56421622648486,0.01712546448729979,6
LMT,2022-06-14,2022-06-21,dynamic,2,3090.4287169585323,3116.926801751709,26.49808479317653,0.008574242352774597,5
SO,2022-06-10,2022-06-23,dynamic,3,6205.272617392207,6244.320862320487,39.04824492827993,0.006292752524495793,9
DUK,2022-06-10,2022-06-23,dynamic,3,6206.994337104823,6326.732031933701,119.73769482887838,0.01929076914298089,9
AMGN,2022-06-03,2022-06-24,dynamic,2,3098.502225992493,3125.4169770179124,26.914751025419264,0.008686374597261404,15
XOM,2022-06-14,2022-06-27,dynamic,4,10816.453672588788,10822.399577887023,5.94590529823472,0.0005497093112230012,9
IBM,2022-07-06,2022-07-07,dynamic,1,1550.7303836667486,1582.3733405492396,31.642956882491035,0.020405195652174024,2
CVX,2022-06-14,2022-07-13,time_stop,4,10813.839100552377,9644.88093336328,-1168.9581671890974,-0.10809835030090154,20
IBM,2022-07-14,2022-07-15,take_profit,1,1545.8022677911952,1603.5524829392484,57.75021514805326,0.03735938053097354,1
UNH,2022-07-14,2022-07-15,take_profit,1,1546.5430485880358,1643.4203610032484,96.8773124152126,0.06264119999999984,1
JNJ,2022-07-13,2022-07-15,dynamic,1,1546.864455578129,1569.3389624985664,22.474506920437307,0.0145290732096095,3
ABBV,2022-07-15,2022-07-15,dynamic,1,1546.6425642743689,1564.6171707109863,17.974606436617478,0.011621693888303586,1
T,2022-07-12,2022-07-19,dynamic,1,1549.7840742873138,1562.3987006447703,12.614626357456473,0.008139602520601086,6
KO,2022-07-14,2022-07-19,dynamic,1,1546.8331660044687,1576.9412281505367,30.10806214606805,0.01946432414805166,4
LMT,2022-07-14,2022-07-20,dynamic,2,3091.056034209478,3092.768765711194,1.7127315017160072,0.0005540926734297624,5
PFE,2022-07-14,2022-07-22,dynamic,1,1546.0701224930049,1560.5369824252039,14.466859932198986,0.009357182266009678,7
MRK,2022-07-21,2022-07-26,take_profit,1,1548.7236351294714,1595.0258256489374,46.30219051946597,0.029897000000000062,3
BMY,2022-07-06,2022-07-27,dynamic,2,3101.3280113280434,3105.8388598735824,4.51084854553892,0.0014544893442622886,16
AMGN,2022-08-02,2022-08-03,dynamic,1,1550.4079209142697,1553.0807766565126,2.672855742242973,0.001723969354250121,2
XOM,2022-08-05,2022-08-08,take_profit,1,1547.4293530627242,1593.6928484312405,46.26349536851626,0.029897000000000062,1
BMY,2022-08-04,2022-08-08,dynamic,1,1549.3954282218103,1570.7370252027656,21.341596980955273,0.013774144800109855,3
MRK,2022-08-01,2022-08-09,dynamic,1,1551.1620377671534,1554.1318515598105,2.969813792657078,0.0019145735392880336,7
MCD,2022-08-09,2022-08-09,dynamic,1,1549.0708078110645,1567.9683501125635,18.897542301499016,0.012199275982872848,1
KO,2022-08-09,2022-08-10,dynamic,1,1549.0594394161733,1560.4269318693819,11.36749245320857,0.007338319088319167,2
TXN,2022-08-10,2022-08-10,dynamic,1,1549.7087376422976,1563.8152977164718,14.10656007417424,0.009102717001928884,1
TMO,2022-08-10,2022-08-10,dynamic,1,1549.2272802041198,1557.4069230981493,8.179642894029485,0.005279821107301741,1
ABBV,2022-08-01,2022-08-11,dynamic,1,1550.8355881909424,1556.9266207203175,6.09103252937507,0.003927581089675947,9
LLY,2022-08-02,2022-08-15,dynamic,3,6201.226436100235,6270.152513058017,68.92607695778133,0.011114910521010879,10
RTX,2022-08-22,2022-08-24,dynamic,1,1554.1546573645403,1570.8338128217679,16.67915545722758,0.010731979200520048,3
TXN,2022-08-18,2022-08-25,dynamic,1,1553.817608542815,1558.0558194146793,4.238210871864339,0.0027276115604319973,6
TMO,2022-08-22,2022-08-25,dynamic,1,1553.841911693618,1566.4488569947623,12.606945301144378,0.00811340278973649,4
LMT,2022-08-23,2022-08-25,dynamic,1,1552.5013321751092,1572.8202837106585,20.31895153554933,0.013087880257778517,3
NEE,2022-08-23,2022-08-25,dynamic,1,1552.4667291247495,1565.9758877820757,13.509158657326225,0.008701737952827138,3
DHR,2022-08-23,2022-08-25,dynamic,1,1552.446004193242,1590.779570528657,38.333566335414844,0.024692366904790042,3
HON,2022-08-23,2022-08-25,dynamic,1,1552.611807561031,1568.6573111306755,16.045503569644552,0.010334523730596956,3
AAPL,2022-08-23,2022-08-25,dynamic,1,1552.5484261505771,1579.8025551681399,27.254129017562718,0.017554446971510762,3
UNH,2022-08-24,2022-08-25,dynamic,1,1552.0476834697267,1566.0326632076963,13.984979737969525,0.009010663710218525,2
PEP,2022-08-24,2022-08-25,dynamic,1,1552.0071817576302,1559.6821474516062,7.674965693975992,0.0049451869709031815,2
AMGN,2022-08-24,2022-09-01,dynamic,1,1551.963992965558,1564.1050193251108,12.141026359552825,0.00782300775957645,7
BMY,2022-08-26,2022-09-01,dynamic,3,6225.586049049508,6302.308189529608,76.72214048010028,0.012323681638263473,5
COST,2022-08-31,2022-09-01,dynamic,1,1549.4789621943078,1560.0254759792203,10.546513784912577,0.006806490466948256,2
LLY,2022-08-31,2022-09-01,dynamic,1,1549.4123983797806,1559.2952976677427,9.882899287962118,0.006378482125415141,2
NEE,2022-08-31,2022-09-06,dynamic,1,1549.4147225018644,1579.449557392735,30.03483489087057,0.01938463243873967,4
MCD,2022-08-23,2022-09-07,dynamic,2,3104.948798064062,3120.4975841980945,15.548786134032525,0.005007743169139323,11
UNH,2022-08-31,2022-09-07,dynamic,1,1549.402507293033,1551.8057501144904,2.4032428214572974,0.001551077147574853,5
CVS,2022-08-19,2022-09-08,dynamic,2,3108.0655648043603,3129.453135609035,21.38757080467485,0.006881312623152835,14
XOM,2022-09-02,2022-09-08,dynamic,2,3109.308001162454,3126.3342599585676,17.02625879611378,0.0054758997145822885,4
CVX,2022-09-02,2022-09-09,dynamic,1,1555.0543343036493,1571.8981651565275,16.843830852878227,0.010831667087967567,5
DE,2022-09-02,2022-09-09,dynamic,1,1554.0514285501831,1563.556682560827,9.505254010643966,0.0061164346533317815,5
UPS,2022-08-25,2022-09-12,dynamic,2,3105.3782341319297,3115.132462454761,9.754228322831295,0.0031410757683623114,12
DUK,2022-08-26,2022-09-12,dynamic,1,1556.2578414881416,1556.6637827251777,0.4059412370361315,0.000260844460483467,11
MRK,2022-08-30,2022-09-12,dynamic,1,1550.6304437037795,1562.7061799352177,12.075736231438214,0.007787630044586713,9
IBM,2022-08-25,2022-09-22,time_stop,2,3105.5292810114884,2972.1026596193938,-133.4266213920946,-0.04296421296296293,20
LLY,2022-09-20,2022-09-22,dynamic,1,1557.0335818414928,1593.0044963600362,35.970914518543395,0.02310220854453293,3
PEP,2022-08-29,2022-09-26,time_stop,2,3105.882126669697,3059.479465888623,-46.40266078107379,-0.0149402517187055,20
KO,2022-08-30,2022-09-27,time_stop,3,6202.64010952788,5857.817702664713,-344.8224068631671,-0.055592844462067914,20
LMT,2022-08-31,2022-09-28,time_stop,2,3098.6599402103902,2995.453200204448,-103.20674000594227,-0.03330689459229097,20
XOM,2022-09-22,2022-09-28,dynamic,3,6217.461128895441,6332.595389208817,115.13426031337622,0.01851788984707814,5
CVX,2022-09-23,2022-10-03,take_profit,2,3110.218550128267,3203.204754121452,92.98620399318497,0.029897000000000062,6
NEE,2022-09-16,2022-10-03,dynamic,3,6218.254025024179,6228.968889483366,10.714864459187083,0.0017231307077625324,12
SO,2022-09-26,2022-10-21,time_stop,4,10861.608464670682,10234.014063075056,-627.5944015956266,-0.05778098185337732,20
DE,2022-11-03,2022-11-03,dynamic,1,1545.0415187210735,1595.3457042470088,50.30418552593528,0.032558468440107236,1
IBM,2022-11-04,2022-11-04,dynamic,1,1545.4571620802562,1560.225922132105,14.768760051848858,0.009556240324364307,1
UNH,2022-11-07,2022-11-07,dynamic,1,1545.0022425000377,1564.5110587642375,19.508816264199822,0.012627047215563625,1
NFLX,2022-11-03,2022-11-10,take_profit,2,3089.7886603193,3182.164071896866,92.37541157756596,0.02989699999999984,5
SCHW,2022-11-15,2022-11-15,dynamic,1,1547.9723368147272,1565.0066289927154,17.034292177988164,0.011004261363636303,1
MCD,2022-11-14,2022-11-16,dynamic,1,1547.343836810599,1556.2119451605927,8.86810834999369,0.005731181485992609,3
MRK,2022-11-14,2022-11-17,take_profit,1,1547.3809232893036,1593.642970752884,46.2620474635803,0.029897000000000062,3
BMY,2022-11-14,2022-11-17,dynamic,1,1547.5370998265682,1558.898313439819,11.361213613250811,0.007341480611045892,4
UNH,2022-11-15,2022-11-17,dynamic,1,1547.6791703637034,1555.0687385674848,7.389568203781437,0.004774612429554681,3
WFC,2022-11-18,2022-11-21,dynamic,1,1548.8892214036466,1552.712246006716,3.8230246030693706,0.0024682363013701636,2
CVX,2022-11-22,2022-11-22,dynamic,1,1548.9442434388604,1566.8269501404543,17.88270670159386,0.011545093877550983,1
XOM,2022-11-22,2022-11-22,dynamic,1,1548.6245445081254,1575.6551848934014,27.030640385276,0.017454611888423566,1
AMGN,2022-11-25,2022-11-30,dynamic,1,1549.6132972919816,1573.9133442794432,24.300046987461656,0.01568136194360692,4
CVX,2022-11-29,2022-11-30,dynamic,1,1549.6662082458174,1575.7289787100715,26.062770464254072,0.016818312437590244,2
LOW,2022-11-30,2022-11-30,dynamic,1,1549.694207026781,1597.9552906369022,48.261083610121204,0.03114232691281349,1
PEP,2022-11-30,2022-11-30,dynamic,1,1549.8452654451685,1580.4455415789657,30.60027613379725,0.019744084661901917,1
PEP,2022-12-07,2022-12-08,dynamic,1,1548.1369687134127,1564.7552964575102,16.61832774409754,0.010734404048182045,2
LIN,2022-12-07,2022-12-08,dynamic,1,1548.1093184023764,1559.888026123605,11.778707721228557,0.007608447014183728,2
MS,2022-12-07,2022-12-09,take_profit,1,1548.2481481178957,1594.5361230021763,46.28797488428063,0.02989699999999984,2
ORCL,2022-12-07,2022-12-09,dynamic,1,1548.011984765996,1571.2708107245721,23.258825958576153,0.015024965043854088,3
JPM,2022-12-06,2022-12-12,dynamic,1,1550.8503840599128,1560.2280237025,9.377639642587155,0.0060467726216359985,5
JNJ,2022-12-07,2022-12-12,dynamic,1,1548.2975619574222,1559.2779265711395,10.980364613717256,0.007091895565497941,4
LOW,2022-12-07,2022-12-12,dynamic,1,1548.1116556393852,1565.6687199876271,17.557064348241965,0.011340954823436666,4
V,2022-12-07,2022-12-12,dynamic,1,1548.0805009728208,1590.8494944649772,42.76899349215637,0.02762711206896551,4
CAT,2022-12-07,2022-12-12,dynamic,1,1548.0671361647026,1589.2354515500888,41.16831538538622,0.026593365638766686,4
BRK-B,2022-12-07,2022-12-12,dynamic,1,1548.196774852918,1570.1229913029229,21.92621645000486,0.014162422248998663,4
SCHW,2022-12-12,2022-12-12,dynamic,1,1548.0259875000895,1561.2886612528712,13.262673752781666,0.008567474874371817,1
BLK,2022-11-30,2022-12-13,take_profit,1,1549.9311259356396,1603.3020143852536,53.370888449614085,0.0344343613445377,9
AMGN,2022-12-12,2022-12-13,take_profit,1,1547.5322612350878,1599.586326868368,52.05406563328006,0.0336368209808664,1
CVX,2022-12-06,2022-12-13,dynamic,2,3101.246241197353,3129.8272143964623,28.580973199109394,0.00921596383396972,6
SCHW,2022-12-14,2022-12-16,dynamic,1,1555.623027160253,1569.3161429317527,13.693115771499606,0.008802335483871104,3
NFLX,2022-12-16,2022-12-21,take_profit,1,1551.65577069289,1598.0456232692954,46.389852576405474,0.029897000000000062,3
LLY,2022-12-12,2022-12-21,dynamic,1,1547.6586751581349,1569.1646148239074,21.50593966577253,0.013895789821728677,8
UNH,2022-12-16,2022-12-21,dynamic,1,1551.950573784703,1558.857724638318,6.907150853614894,0.004450625535561192,4
JPM,2022-12-16,2022-12-21,dynamic,1,1552.2595955210818,1588.2780757355922,36.01848021451042,0.02320390243902426,4
IBM,2022-12-16,2022-12-21,dynamic,1,1552.428538515631,1562.0539911176306,9.625452601999541,0.006200254867256616,4
PEP,2022-12-16,2022-12-21,dynamic,1,1552.609204104089,1573.3165517049163,20.707347600827234,0.01333712794313624,4
ABBV,2022-12-19,2022-12-21,dynamic,1,1549.6368563481733,1563.2632031893916,13.626346841218265,0.008793251648214984,3
XOM,2022-11-29,2022-12-23,dynamic,2,3098.8377476668147,3107.888904736914,9.05115707009918,0.0029208231624626713,19
NFLX,2022-12-28,2022-12-29,take_profit,1,1552.6746063072121,1599.0949190119788,46.42031270476673,0.029897000000000062,1
SBUX,2022-12-16,2022-12-29,dynamic,1,1551.7864376694245,1559.28939074325,7.502953073825438,0.004835042304593085,9
GILD,2022-12-16,2022-12-29,dynamic,2,3104.3944079781268,3129.115454095519,24.721046117392234,0.007963242703266316,9
PFE,2022-12-29,2023-01-03,dynamic,1,1549.121016672529,1556.2524994179219,7.131482745392759,0.00460356722853783,3
MS,2022-12-29,2023-01-03,dynamic,1,1549.0405027800948,1562.7409783794715,13.70047559937666,0.00884449152542377,3
GS,2022-12-06,2023-01-04,time_stop,3,6201.983107015987,6151.273770124401,-50.709336891585735,-0.008176310063505499,20
TXN,2022-12-16,2023-01-04,dynamic,2,3104.1207953424596,3171.6603210420194,67.53952569955982,0.021758021079881562,12
WMT,2022-12-07,2023-01-05,time_stop,2,3096.466839697111,3008.822760021437,-87.64407967567422,-0.028304543278831695,20
AMGN,2022-12-14,2023-01-05,dynamic,2,3111.2009592946374,3116.0323336780243,4.831374383386901,0.0015528969187776909,15
PFE,2023-01-05,2023-01-06,take_profit,1,1556.7935770235295,1603.3370345958022,46.5434575722727,0.029897000000000062,1
PEP,2023-01-04,2023-01-06,dynamic,1,1553.980676860796,1568.4619474356623,14.481270574866357,0.009318822808093152,3
KO,2023-01-06,2023-01-06,dynamic,1,1554.1746473620824,1566.123337712474,11.948690350391644,0.007688125894134368,1
LIN,2023-01-04,2023-01-09,take_profit,2,3108.020136960884,3211.5483304984414,103.5281935375574,0.03331001376290654,3
HON,2023-01-05,2023-01-09,dynamic,1,1557.0165039904423,1573.2150114270917,16.19850743664938,0.010403555386301111,3
BMY,2022-12-12,2023-01-10,time_stop,3,6190.77338603365,5921.310869469327,-269.46251656432287,-0.0435264707269416,20
DE,2022-12-29,2023-01-10,dynamic,1,1549.018495042062,1576.6164837693914,27.597988727329266,0.017816435901612637,8
LLY,2023-01-06,2023-01-11,dynamic,2,3108.49383968771,3176.550425071366,68.05658538365606,0.02189374947916689,4
V,2023-01-19,2023-01-20,dynamic,1,1555.43056768232,1599.5586463721118,44.128078689791664,0.028370330123796528,2
CSCO,2023-01-18,2023-01-23,dynamic,2,3116.7002570778886,3142.951946218691,26.251689140802227,0.00842291108398574,4
WMT,2023-01-19,2023-01-23,dynamic,1,1555.5236644369356,1569.1188136438439,13.595149206908218,0.00873991795671536,3
BRK-B,2023-01-19,2023-01-23,dynamic,1,1555.5737218522902,1577.2667797527579,21.693057900467693,0.013945374362994922,3
IBM,2023-01-19,2023-01-23,dynamic,1,1555.9476520312605,1576.4618660268782,20.514213995617638,0.013184385714285929,3
MRK,2023-01-19,2023-01-23,dynamic,1,1556.0044800142534,1576.5093589703042,20.50487895605079,0.01317790483216541,3
RTX,2023-01-19,2023-01-23,dynamic,1,1556.5800467666977,1573.0951109770504,16.515064210352648,0.010609839336343407,3
BA,2023-01-23,2023-01-23,dynamic,1,1557.2563816583063,1569.1323898279368,11.876008169630495,0.007626238241505101,1
HON,2023-01-19,2023-01-24,dynamic,1,1556.0136686673536,1577.1054653491315,21.09179668177785,0.013555020181694077,4
LMT,2023-01-05,2023-01-25,dynamic,3,6227.916285367011,6265.871848439184,37.95556307217248,0.0060944240951588124,14
SCHW,2023-01-30,2023-01-31,take_profit,1,1554.4921637861569,1600.9668160068718,46.474652220714916,0.029897000000000062,1
ABT,2023-01-30,2023-01-31,dynamic,1,1554.602764345563,1564.9225886972238,10.319824351660827,0.006638238776067729,2
BRK-B,2023-01-31,2023-01-31,dynamic,1,1552.420920129443,1571.332306564698,18.911386435255054,0.012181867810489244,1
TMO,2023-01-31,2023-02-01,take_profit,1,1552.4284711417413,1618.2927467558402,65.86427561409891,0.04242660891529426,1
ORCL,2023-01-31,2023-02-01,take_profit,1,1552.5135421950602,1598.9290395660662,46.41549737100604,0.029897000000000284,1
GILD,2023-01-19,2023-02-03,take_profit,2,3111.2904159494847,3204.3086655151264,93.01824956564178,0.029897000000000062,11
MCD,2023-02-01,2023-02-06,dynamic,1,1556.953012879696,1562.0445559344137,5.091543054717704,0.003270196988989671,4
CAT,2023-02-02,2023-02-06,dynamic,1,1557.8541314523848,1570.755697915155,12.901566462770234,0.00828162675971611,3
SBUX,2023-02-06,2023-02-07,take_profit,1,1556.260553466725,1602.7880752337196,46.527521766994596,0.02989699999999984,1
CVX,2023-02-02,2023-02-07,dynamic,1,1557.8250622619423,1584.6119611562708,26.786898894328488,0.017195062233389846,4
RTX,2023-02-06,2023-02-07,dynamic,1,1556.32555727292,1574.1845016234797,17.858944350559796,0.011475069767441948,2
MRK,2023-01-25,2023-02-08,dynamic,2,3113.5446350033576,3122.800211271054,9.255576267696597,0.0029726814138595348,11
ABBV,2023-01-12,2023-02-09,time_stop,2,3120.7933770300433,3056.016516045121,-64.77686098492222,-0.02075653629032248,20
PEP,2023-01-17,2023-02-09,dynamic,2,3117.7857625866873,3123.0359832634354,5.250220676748086,0.0016839581281531402,18
WMT,2023-02-07,2023-02-09,dynamic,1,1556.9020360162835,1576.2376855023567,19.33564948607318,0.012419310296200914,3
JNJ,2023-01-13,2023-02-10,time_stop,2,3119.6965005613074,2981.383870637704,-138.31262992360325,-0.044335283864541775,20
LOW,2023-02-10,2023-02-13,take_profit,1,1557.5418520340097,1604.1076807842708,46.56582875026106,0.029897000000000284,1
HD,2023-02-10,2023-02-13,take_profit,1,1557.8275190865472,1604.4018884246777,46.57436933813051,0.029897000000000062,1
LLY,2023-01-24,2023-02-13,dynamic,4,10905.329977203597,10960.731419551668,55.401442348071214,0.005080216963987416,15
C,2023-02-06,2023-02-13,dynamic,1,1556.0081837584453,1574.3746374988798,18.36645374043451,0.011803571428571358,6
NKE,2023-02-08,2023-02-13,dynamic,1,1559.4407045539397,1581.6541398485012,22.213435294561577,0.014244488571891756,4
COST,2023-02-09,2023-02-13,dynamic,1,1557.8613887309743,1561.281645060796,3.4202563298217683,0.0021954818025291534,3
ORCL,2023-02-09,2023-02-13,dynamic,1,1557.790607040259,1598.390019714618,40.59941267435897,0.02606217580904291,3
GE,2023-02-10,2023-02-13,dynamic,1,1557.672401534309,1593.5586596656522,35.886258131343084,0.023038386053444215,2
UPS,2023-02-10,2023-02-13,dynamic,1,1557.6642821106282,1591.1293045736813,33.465022463053174,0.021484104660670633,2
TGT,2023-02-13,2023-02-13,dynamic,1,1561.857534488073,1582.981915683286,21.12438119521289,0.013525165214339996,1
AMGN,2023-01-19,2023-02-15,time_stop,3,6222.950224824071,6008.661875702879,-214.28834912119146,-0.03443517003661223,20
PG,2023-01-19,2023-02-15,time_stop,2,3112.1549564104944,3080.249765316283,-31.905191094211204,-0.010251800293070934,20
DIS,2023-02-14,2023-02-15,dynamic,1,1569.9904585927984,1605.3979322309272,35.40747363812875,0.022552668039693025,2
LMT,2023-02-17,2023-02-21,dynamic,1,1567.6149813864083,1592.0437151873925,24.42873380098422,0.015583376078339928,2
LIN,2023-02-17,2023-02-22,take_profit,1,1568.0991507886758,1614.9806110998047,46.881460311128876,0.02989699999999984,2
UPS,2023-02-21,2023-02-24,dynamic,1,1569.227712016398,1577.5650333883364,8.337321371938287,0.005313009264426682,4
SCHW,2023-02-22,2023-02-24,dynamic,1,1564.5014709909967,1582.605857663087,18.104386672090186,0.011571984435797544,3
META,2023-02-23,2023-02-28,take_profit,1,1563.4625754048354,1610.2054160217137,46.74284061687831,0.029897000000000062,3
XOM,2023-02-21,2023-03-01,dynamic,1,1569.1302338540768,1570.1060513213192,0.9758174672424502,0.0006218843064706991,7
MCD,2023-02-27,2023-03-02,dynamic,1,1556.4394881727435,1571.1989895445645,14.759501371820988,0.009482862317473417,4
GS,2023-03-02,2023-03-03,take_profit,1,1555.889035056701,1602.4054495377914,46.51641448109035,0.029897000000000062,1
AXP,2023-02-17,2023-03-03,dynamic,1,1567.521493761022,1594.4297164170955,26.908222656073576,0.017166094859415004,10
TMO,2023-02-17,2023-03-03,dynamic,1,1567.7715664171405,1586.1000103159474,18.32844389880688,0.011690761773855307,10
ADBE,2023-02-17,2023-03-03,dynamic,3,6273.155410673312,6353.9726980096775,80.81728733636555,0.012883036055325592,10
MSFT,2023-02-21,2023-03-03,dynamic,1,1569.7547689081227,1574.593762515951,4.838993607828343,0.003082643036780963,9
MA,2023-02-21,2023-03-03,dynamic,1,1570.0836616474344,1590.7850800571223,20.701418409687903,0.013184914228052458,9
SCHW,2023-03-03,2023-03-03,dynamic,1,1561.7494235768313,1582.8588893124866,21.10946573565525,0.013516551001702126,1
MRK,2023-03-01,2023-03-06,take_profit,1,1558.8509948186609,1605.4559630107544,46.604968192093565,0.029897000000000062,3
V,2023-02-17,2023-03-06,dynamic,1,1568.6695047348448,1586.4940700223312,17.824565287486394,0.01136285574092244,11
T,2023-02-07,2023-03-07,time_stop,2,3113.593075380017,3050.950855650428,-62.642219729589215,-0.02011894881990761,20
BLK,2023-02-09,2023-03-09,time_stop,3,6232.626177507572,5787.323372211561,-445.3028052960108,-0.07144705820846897,20
ABT,2023-02-10,2023-03-10,time_stop,3,6231.80701712027,5881.559062811526,-350.24795430874383,-0.056203273520269215,20
ABBV,2023-03-09,2023-03-13,dynamic,1,1563.9839150961377,1583.4183458603868,19.4344307642491,0.012426234423935645,3
BA,2023-03-10,2023-03-14,take_profit,1,1549.866374348319,1596.6420309369994,46.77565658868048,0.03018044481954041,2
CRM,2023-03-13,2023-03-14,take_profit,1,1550.0562011516377,1631.4749426647604,81.41874151312277,0.05252631578947353,1
RTX,2023-02-27,2023-03-14,dynamic,2,3113.051784347203,3124.8307060749216,11.778921727718625,0.0037837217443488225,12
JPM,2023-03-09,2023-03-14,dynamic,2,3128.243519414077,3143.130831123558,14.887311709480855,0.004759000255923018,4
MCD,2023-03-10,2023-03-14,dynamic,1,1549.8421207438776,1562.4381359868291,12.59601524295158,0.00812728927312012,3
WMT,2023-03-08,2023-03-15,dynamic,1,1565.2885003693204,1577.3313257127122,12.042825343391769,0.00769367777285157,6
MRK,2023-03-14,2023-03-15,dynamic,1,1530.586643553224,1562.0727049937307,31.486061440506774,0.02057123755334267,2
ORCL,2023-03-16,2023-03-16,dynamic,1,1534.8948810178285,1569.9079212439872,35.01304022615864,0.022811360347322562,1
GILD,2023-02-17,2023-03-17,time_stop,3,6270.342864489168,6109.738481547384,-160.60438294178402,-0.025613333499087343,20
BAC,2023-02-17,2023-03-17,time_stop,4,10975.771884182763,9557.676107976782,-1418.0957762059807,-0.1292023732972808,20
CAT,2023-03-16,2023-03-20,dynamic,1,1534.909238171321,1567.7750205225466,32.86578235122556,0.02141219919321191,3
LMT,2023-03-20,2023-03-20,dynamic,1,1522.1203340089103,1546.2821656993501,24.16183169043984,0.01587379864166394,1
GILD,2023-03-20,2023-03-20,dynamic,1,1521.8443570500713,1555.9601085566533,34.115751506582,0.02241737228155949,1
DE,2023-03-20,2023-03-20,dynamic,1,1521.7245724672664,1542.4512072256982,20.72663475843183,0.01362049028677137,1
XOM,2023-03-10,2023-03-21,take_profit,3,6198.720536116099,6384.043683984361,185.32314786826282,0.029897000000000062,7
AXP,2023-03-10,2023-03-21,dynamic,3,6198.346307883249,6316.1997904294485,117.8534825461993,0.01901369763678895,8
MS,2023-03-10,2023-03-21,dynamic,3,6199.039100166853,6318.221108308215,119.18200814136162,0.019225884240374302,8
MRK,2023-03-20,2023-03-27,dynamic,1,1522.0034578127888,1552.4857370821132,30.48227926932441,0.020027733257012015,6
C,2023-03-10,2023-03-29,dynamic,3,6198.313730978916,6242.35544092789,44.04170994897413,0.007105434132650634,14
SBUX,2023-03-10,2023-03-30,dynamic,1,1549.6546823159506,1560.2793809482298,10.624698632279205,0.006856171735241556,15
WFC,2023-03-09,2023-04-05,time_stop,4,10947.356673145447,10177.332107948341,-770.0245651971054,-0.07033885788027938,20
AMD,2023-04-06,2023-04-10,take_profit,1,1540.7226991703888,1586.7856857074862,46.06298653709746,0.029897000000000284,1
TXN,2023-04-06,2023-04-11,take_profit,1,1540.995787847261,1587.0669389165305,46.07115106926949,0.029897000000000062,2
CAT,2023-04-06,2023-04-11,take_profit,1,1541.15504578181,1587.2309581855486,46.075912403738585,0.02989699999999984,2
AXP,2023-04-10,2023-04-11,dynamic,1,1540.8769595691886,1577.6713639284048,36.79440435921629,0.023878872437357757,2
AVGO,2023-04-10,2023-04-13,dynamic,1,1540.9901847759645,1556.268130690484,15.277945914519478,0.00991436938759005,4
CRM,2023-04-11,2023-04-13,dynamic,1,1542.9688365806355,1583.290368094825,40.32153151418947,0.026132434147889683,3
ADBE,2023-04-12,2023-04-13,dynamic,1,1543.3513023508194,1552.954176672752,9.602874321932632,0.0062220923436586695,2
NFLX,2023-04-13,2023-04-13,dynamic,1,1542.7079708320268,1570.6834477928676,27.97547696084075,0.018134006882555287,1
AAPL,2023-04-13,2023-04-13,dynamic,1,1542.2388916012176,1579.5801372666476,37.34124566543005,0.024212361566541052,1
INTC,2023-04-13,2023-04-17,dynamic,1,1542.095815447444,1557.4482467796984,15.352431332254355,0.009955562539283536,3
BA,2023-04-17,2023-04-18,take_profit,1,1545.2034386176708,1591.4003858220233,46.196947204352455,0.029897000000000062,1
TGT,2023-04-17,2023-04-19,dynamic,1,1545.167845391929,1554.5793822796538,9.411536887724878,0.00609094792892062,3
ABBV,2023-04-19,2023-04-20,dynamic,1,1545.6286024647688,1575.3763859937953,29.747783529026492,0.01924639818491225,2
NFLX,2023-04-20,2023-04-24,take_profit,1,1544.660351095768,1591.7970075440226,47.1366564482546,0.030515871281875162,2
NKE,2023-04-21,2023-04-24,dynamic,1,1543.8632616148784,1577.0897183315356,33.22645671665714,0.021521631832797317,2
CAT,2023-04-24,2023-04-24,dynamic,1,1544.4928882943987,1564.6467030654076,20.15381477100891,0.013048823289348421,1
CVX,2023-04-24,2023-04-24,dynamic,1,1544.463257709946,1566.0442044716635,21.58094676171754,0.013973104671791692,1
MSFT,2023-04-25,2023-04-26,take_profit,1,1545.702810256932,1640.6002032158112,94.89739295887921,0.061394332939787466,1
META,2023-04-21,2023-04-27,take_profit,1,1543.6725508757597,1761.4508209350795,217.77827005931977,0.1410780219780221,4
CMCSA,2023-04-25,2023-04-27,take_profit,1,1545.5546280599638,1591.7620747750725,46.207446715108745,0.029897000000000062,2
MS,2023-04-26,2023-04-27,take_profit,1,1539.7420323666856,1585.7756999083526,46.033667541667,0.029897000000000062,1
AMD,2023-04-18,2023-04-27,dynamic,3,6183.1127960549475,6219.111134320559,35.99833826561189,0.00582204133306119,8
MA,2023-04-26,2023-04-27,dynamic,1,1539.551017438033,1556.1803383919525,16.629320953919432,0.010801409479493707,2
CRM,2023-04-26,2023-04-27,dynamic,1,1539.4793608427037,1565.8572391492212,26.37787830651746,0.01713428512096349,2
INTC,2023-04-20,2023-04-28,take_profit,2,3089.710923489221,3283.4267240543554,193.7158005651345,0.06269706304639344,6
TMO,2023-04-21,2023-04-28,take_profit,3,6175.941082325591,6360.583192863879,184.64211053828785,0.02989699999999984,5
AXP,2023-04-26,2023-04-28,take_profit,1,1539.6924488235309,1585.724633966008,46.03218514247715,0.029897000000000062,2
JPM,2023-04-26,2023-04-28,dynamic,1,1539.546168700023,1546.3274209770022,6.78125227697933,0.004404708617933295,3
V,2023-04-26,2023-04-28,dynamic,1,1539.7161419057222,1549.616399498089,9.90025759236687,0.00642992388201713,3
KO,2023-04-27,2023-04-28,dynamic,1,1540.0760982724014,1554.9504504329316,14.87435216053018,0.009658192979694835,2
AMD,2023-05-04,2023-05-05,take_profit,1,1554.7448422541722,1619.7689146348878,65.02407238071555,0.04182298639205606,1
SBUX,2023-05-04,2023-05-05,take_profit,1,1554.7568053267055,1601.2393695355581,46.48256420885264,0.029897000000000062,1
LOW,2023-05-05,2023-05-05,dynamic,1,1553.919137191209,1567.1654810858133,13.246343894604252,0.0085244743935311,1
NKE,2023-05-05,2023-05-05,dynamic,1,1553.5528397790756,1561.5388514431381,7.9860116640625165,0.005140482807908908,1
AAPL,2023-05-05,2023-05-05,dynamic,1,1553.1322974171906,1576.5475370400088,23.415239622818262,0.01507613978651845,1
XOM,2023-05-03,2023-05-08,dynamic,1,1556.9419469038498,1557.214411744558,0.27246484070815313,0.00017500000000003624,4
LIN,2023-05-05,2023-05-08,dynamic,1,1553.7740178595636,1559.8037676574475,6.029749797883824,0.003880712206907777,2
BRK-B,2023-05-05,2023-05-08,dynamic,1,1552.423461712418,1565.6134248642618,13.189963151843813,0.008496369371598256,2
CSCO,2023-04-12,2023-05-09,time_stop,3,6173.778919830797,5948.986288091045,-224.79263173975232,-0.036410865153868044,20
BA,2023-05-04,2023-05-09,dynamic,1,1554.6829009975243,1564.056805955519,9.373904957994682,0.006029464241216198,4
PG,2023-05-05,2023-05-12,dynamic,1,1553.9049690576785,1559.348676141172,5.443707083493564,0.003503243243243359,6
MDT,2023-05-12,2023-05-15,dynamic,1,1557.3161494617668,1569.9931916674145,12.677042205647695,0.008140313840596214,2
GE,2023-05-15,2023-05-15,dynamic,1,1557.4599800784026,1602.2294968066612,44.76951672825862,0.028745211627206668,1
JPM,2023-05-15,2023-05-17,take_profit,1,1557.3775243490325,1603.9384401944953,46.56091584546289,0.02989699999999984,2
LOW,2023-05-16,2023-05-17,take_profit,1,1558.992246744205,1605.6014379451167,46.60919120091171,0.029897000000000062,1
NKE,2023-05-12,2023-05-18,dynamic,2,3114.8596948591776,3123.7242289213236,8.864534062146049,0.00284588550706677,5
WMT,2023-05-17,2023-05-18,dynamic,1,1556.8591626526006,1560.1023926244059,3.243229971805249,0.0020831877729257098,2
MCD,2023-05-12,2023-05-19,dynamic,1,1557.6650067859753,1559.408706142889,1.743699356913794,0.0011194315525593357,6
LMT,2023-04-25,2023-05-22,time_stop,2,3091.092672443107,2984.6497291501582,-106.44294329294871,-0.03443537757437065,20
RTX,2023-04-26,2023-05-23,time_stop,2,3079.104499165936,2943.0439372975666,-136.0605618683694,-0.04418835473275606,20
GILD,2023-05-01,2023-05-26,time_stop,2,3120.027415465363,2976.952274861837,-143.07514060352605,-0.045857013914150424,20
MA,2023-05-24,2023-05-26,dynamic,1,1556.0506900327969,1576.9565556431098,20.905865610312958,0.013435208598424397,3
LLY,2023-05-24,2023-05-30,dynamic,1,1556.598628078488,1568.3365418407245,11.73791376223653,0.007540745283018957,4
V,2023-05-24,2023-06-01,dynamic,1,1556.3251313590283,1583.7896719325752,27.464540573546856,0.01764704560772845,6
LIN,2023-05-24,2023-06-01,dynamic,1,1556.5357382339457,1574.853570237467,18.31783200352129,0.011768333712854462,6
BRK-B,2023-05-24,2023-06-01,dynamic,1,1556.5477749566585,1558.3695016339473,1.8217266772887797,0.00117036348424282,6
MCD,2023-05-24,2023-06-01,dynamic,1,1556.5743803185967,1564.1342564343802,7.5598761157834815,0.004856739396055243,6
SBUX,2023-05-24,2023-06-02,dynamic,2,3113.415046952403,3136.974436985429,23.55939003302592,0.0075670572916666234,7
SO,2023-05-16,2023-06-08,dynamic,2,3117.7573144473404,3126.0979292496913,8.340614802350956,0.002675196932006685,17
NVDA,2023-06-08,2023-06-09,take_profit,1,1550.1087591887692,1603.9005533052898,53.79179411652058,0.03470194836178586,1
MCD,2023-06-08,2023-06-09,dynamic,1,1550.1743085060282,1582.126321270777,31.952012764748815,0.02061188383101409,2
META,2023-06-08,2023-06-12,take_profit,1,1549.9108018441732,1596.2484850869084,46.33768324273524,0.029897000000000062,2
MSFT,2023-06-08,2023-06-12,dynamic,1,1549.9529599450568,1587.6655951619657,37.71263521690889,0.02433147081976328,3
MRK,2023-05-16,2023-06-13,time_stop,2,3117.791415887419,3020.6693125499833,-97.12210333743587,-0.031150930380566155,20
MDT,2023-05-24,2023-06-13,dynamic,2,3113.1055783717393,3126.9564577086358,13.850879336896469,0.0044492160603628594,14
ABT,2023-05-18,2023-06-15,time_stop,2,3118.610255503096,3074.6461364568117,-43.964119046284395,-0.014097343189552247,20
PEP,2023-05-18,2023-06-15,time_stop,2,3118.644298491281,3098.301038147812,-20.343260343468955,-0.006523110171079982,20
PG,2023-05-19,2023-06-16,time_stop,2,3119.0677062349346,3122.54847542997,3.480769195035464,0.0011159646159899506,20
KO,2023-05-19,2023-06-16,time_stop,2,3119.0814388679496,3115.825907414326,-3.255531453623462,-0.0010437468586280696,20
RTX,2023-06-15,2023-06-21,dynamic,1,1557.8490386277167,1587.9879671374995,30.138928509782772,0.019346501337723643,4
GOOGL,2023-06-22,2023-06-22,dynamic,1,1560.5538051268245,1601.3581906771526,40.80438555032811,0.026147375000000084,1
INTC,2023-06-23,2023-06-26,take_profit,1,1560.6255082697717,1607.9472494073818,47.32174113761016,0.030322291213908503,1
QCOM,2023-06-21,2023-06-26,dynamic,2,3121.914927350761,3133.4404468202783,11.525519469517349,0.0036918108717645115,4
CMCSA,2023-06-26,2023-06-26,dynamic,1,1560.5724594228718,1571.6535895862075,11.081130163335729,0.007100682891349797,1
AMD,2023-06-22,2023-06-27,dynamic,2,3121.317504740439,3133.512520249345,12.195015508906181,0.003907008976300919,4
IBM,2023-06-22,2023-06-27,dynamic,1,1560.62929730006,1568.294561334823,7.665264034762913,0.0049116494532199795,4
BA,2023-06-23,2023-06-27,dynamic,1,1560.9865542086288,1602.2190094427426,41.232455234113786,0.026414356435643604,3
AVGO,2023-06-23,2023-06-27,dynamic,1,1561.1666925313557,1587.9442363537703,26.7775438224146,0.017152264361338654,3
CAT,2023-06-23,2023-06-27,dynamic,1,1561.5742453219927,1603.0443592221454,41.47011390015268,0.026556607234260454,3
BLK,2023-06-23,2023-06-27,dynamic,1,1561.861650783827,1594.9966872478255,33.13503646399863,0.021215090624300714,3
NFLX,2023-06-27,2023-06-28,take_profit,1,1561.2668825417006,1607.9440785290499,46.67719598734925,0.029897000000000062,1
TSLA,2023-06-27,2023-06-28,take_profit,1,1560.984241283698,1607.652987145357,46.66874586165886,0.029897000000000062,1
AXP,2023-06-21,2023-06-28,dynamic,1,1561.19398386945,1567.3152491419107,6.121265272460732,0.0039208870490834435,6
MCD,2023-06-27,2023-06-28,dynamic,1,1561.1831837456791,1568.7163241630044,7.533140417325285,0.004825276428645164,2
JPM,2023-06-23,2023-06-29,take_profit,1,1561.400769233454,1608.0819680312266,46.681198797772595,0.029897000000000062,4
BRK-B,2023-06-26,2023-06-29,dynamic,1,1560.4654863504686,1568.4096230678035,7.9441367173349136,0.005090876271742539,4
RTX,2023-06-29,2023-06-29,dynamic,1,1566.3901307463848,1595.6003697033095,29.21023895692474,0.018648124999999904,1
ORCL,2023-06-26,2023-06-30,take_profit,1,1560.4458540193016,1607.0985037169164,46.652649697614834,0.02989699999999984,4
NVDA,2023-06-27,2023-06-30,take_profit,1,1561.0824311264182,1607.7541125698049,46.67168144338666,0.029897000000000062,3
MDT,2023-06-29,2023-06-30,take_profit,1,1566.2776611116199,1613.104664345874,46.82700323425411,0.029897000000000062,1
BLK,2023-07-07,2023-07-10,take_profit,1,1569.5169776591042,1616.4408267401786,46.92384908107442,0.029897000000000062,1
INTC,2023-07-07,2023-07-10,dynamic,1,1569.5414191612256,1605.6764807728812,36.1350616116556,0.02302268750000014,2
HD,2023-07-07,2023-07-10,dynamic,1,1569.51699317289,1612.4409207868475,42.92392761395763,0.027348494983277627,2
C,2023-06-22,2023-07-11,dynamic,2,3121.968569050527,3140.1255113080147,18.15694225748757,0.005815863246505959,13
LIN,2023-07-06,2023-07-11,dynamic,1,1570.085308437835,1589.2502277661038,19.164919328268752,0.012206291737954622,4
ABT,2023-07-10,2023-07-11,dynamic,1,1570.0205295692533,1583.4146106962082,13.394081126954916,0.00853115030962659,2
ORCL,2023-07-10,2023-07-12,take_profit,1,1569.9428619728753,1616.8794437172783,46.93658174440293,0.02989699999999984,2
GOOGL,2023-07-11,2023-07-12,take_profit,1,1572.318170409679,1619.325766750417,47.00759634073802,0.02989699999999984,1
WMT,2023-07-10,2023-07-12,dynamic,1,1570.008508608869,1574.7268229994925,4.718314390623391,0.0030052795031054735,3
COST,2023-07-10,2023-07-12,dynamic,1,1569.8431187868844,1608.3707392441875,38.5276204573031,0.024542338018512133,3
PG,2023-07-10,2023-07-13,dynamic,1,1569.96735289437,1569.9157550013094,-0.051597893060488786,-3.286558345649837e-05,4
AAPL,2023-07-11,2023-07-13,dynamic,1,1572.3482615291982,1583.6608068724797,11.3125453432815,0.007194681750898768,3
LLY,2023-07-12,2023-07-14,dynamic,1,1573.0630076705581,1612.3296839867407,39.26667631618261,0.024961922138344583,3
BA,2023-07-19,2023-07-20,dynamic,1,1575.0384990785367,1593.455520039728,18.417020961191383,0.011693060818491752,2
SO,2023-07-19,2023-07-20,dynamic,1,1575.0864941840543,1617.0211355380898,41.93464135403542,0.02662370702109218,2
MCD,2023-07-19,2023-07-20,dynamic,1,1575.0397597157744,1586.253439484636,11.213679768861539,0.00711961694915253,2
MDT,2023-07-20,2023-07-20,dynamic,1,1574.9937490175616,1612.7406178289016,37.74686881133994,0.023966361031518613,1
MRK,2023-07-10,2023-07-21,dynamic,1,1570.053094576498,1587.8763908208593,17.823296244361245,0.011352034084661788,10
GOOGL,2023-07-21,2023-07-24,dynamic,1,1576.6019549881446,1588.3375488820282,11.73559389388356,0.007443599734703987,2
TSLA,2023-07-21,2023-07-25,take_profit,2,3154.10897448508,3272.1147583683114,118.00578388323129,0.03741335027985082,2
AMD,2023-07-21,2023-07-25,dynamic,1,1577.2103528491007,1605.9020221227465,28.691669273645857,0.018191403081914137,3
META,2023-07-24,2023-07-26,dynamic,1,1577.4094895266414,1592.1294697844362,14.71998025779476,0.009331743187504182,3
MCD,2023-07-27,2023-07-27,dynamic,1,1580.2301223475413,1597.3338458999629,17.10372355242157,0.010823565068493135,1
TSLA,2023-07-28,2023-07-28,dynamic,1,1579.1173108868793,1618.9407462136103,39.82343532673099,0.025218794735626604,1
AXP,2023-07-24,2023-07-31,dynamic,1,1577.0406261795144,1589.0207523545646,11.980126175050145,0.007596586908526826,6
NFLX,2023-07-27,2023-07-31,dynamic,1,1580.2074579511288,1625.1672695771608,44.95981162603198,0.028451841180604287,3
V,2023-07-28,2023-07-31,dynamic,1,1579.1338162617196,1600.178793553093,21.04497729137347,0.013326911927700413,2
CSCO,2023-07-31,2023-08-01,dynamic,1,1580.805158371964,1605.6495972203631,24.84443884839925,0.015716319444444293,2
NVDA,2023-08-03,2023-08-04,take_profit,1,1581.3293503676616,1628.6063539556035,47.27700358794186,0.02989699999999984,1
GE,2023-08-03,2023-08-04,dynamic,1,1582.1764864451404,1599.418625619415,17.242139174274598,0.010897734432278483,2
COST,2023-08-02,2023-08-07,dynamic,1,1582.3392074201226,1599.8002343312735,17.46102691115084,0.011034945496686266,4
TMO,2023-08-02,2023-08-07,dynamic,1,1582.474793627455,1605.2701728241514,22.79537919669633,0.01440489244346388,4
MCD,2023-08-03,2023-08-07,dynamic,1,1582.408471352899,1596.494865544943,14.086394192044054,0.008901869806094309,3
LIN,2023-08-07,2023-08-07,dynamic,1,1578.5154014728894,1594.803952749627,16.288551276737508,0.010318905511811138,1
MDT,2023-08-03,2023-08-11,dynamic,2,3164.1008685004936,3170.8021665873307,6.7012980868371415,0.0021179154411765655,7
INTC,2023-08-10,2023-08-11,dynamic,1,1575.3745594937234,1583.8421296512372,8.46757015751382,0.005374956772334238,2
NVDA,2023-08-10,2023-08-14,take_profit,1,1575.4676025484696,1622.5693574618613,47.10175491339169,0.029897000000000062,2
LOW,2023-08-02,2023-08-14,dynamic,2,3165.114172489086,3180.509400840249,15.395228351163041,0.004864035706824366,9
CRM,2023-08-03,2023-08-14,dynamic,2,3163.16193172352,3166.911330195701,3.7493984721809284,0.001185332446808296,8
AMD,2023-08-14,2023-08-14,dynamic,1,1576.4212297597658,1653.489428979557,77.06819921979127,0.048888074941451976,1
TSLA,2023-08-10,2023-08-21,take_profit,4,11029.80262169885,11359.560630679782,329.7580089809326,0.029897000000000284,7
AAPL,2023-08-08,2023-08-22,dynamic,2,3161.9314442614573,3185.2050745293745,23.27363026791727,0.007360573965054185,11
NFLX,2023-08-14,2023-08-23,take_profit,2,3153.201008590757,3247.4722591445952,94.2712505538384,0.029897000000000062,7
MSFT,2023-08-04,2023-08-23,dynamic,2,3160.729582627821,3178.81624290879,18.086660280969227,0.0057223055019886004,14
PG,2023-08-17,2023-08-23,dynamic,1,1569.3602237702507,1569.6129746580616,0.25275088781086197,0.00016105345604056076,5
BLK,2023-07-28,2023-08-24,time_stop,3,6314.946645583393,6068.310984447332,-246.63566113606066,-0.03905585826422697,20
MS,2023-07-31,2023-08-25,time_stop,3,6323.668557556898,6041.0103007439975,-282.6582568129006,-0.04469846169833158,20
BA,2023-08-25,2023-08-28,take_profit,1,1574.209876361269,1621.2740290348418,47.064152673572835,0.029897000000000062,1
CMCSA,2023-08-25,2023-08-28,dynamic,1,1574.2487188950593,1597.367410609802,23.11869171474268,0.014685539481314791,2
SO,2023-08-02,2023-08-29,time_stop,2,3164.3006094906505,3118.477589643538,-45.82301984711239,-0.014481247359898752,20
ABT,2023-08-02,2023-08-29,time_stop,2,3164.469627787371,3049.099709509147,-115.36991827822385,-0.036457900327168447,20
CAT,2023-08-16,2023-08-29,dynamic,1,1573.3160218889914,1590.3668882347051,17.050866345713757,0.010837534296028961,10
AMGN,2023-08-23,2023-08-29,dynamic,1,1571.4361738673601,1572.126733773037,0.6905599056767642,0.00043944508670512583,5
WFC,2023-08-03,2023-08-30,time_stop,3,6328.815296114248,6196.38117837087,-132.434117743378,-0.020925577939474693,20
UPS,2023-08-03,2023-08-30,time_stop,3,6329.893970243284,6292.483180412028,-37.4107898312559,-0.005910176380066301,20
UNP,2023-08-07,2023-09-01,time_stop,2,3157.4015788299835,3092.9981567563846,-64.4034220735989,-0.020397602416308502,20
PG,2023-09-06,2023-09-07,dynamic,1,1579.0906853571894,1592.4110914057019,13.320406048512496,0.008435491496487035,2
AMGN,2023-09-07,2023-09-07,dynamic,1,1578.7817684287052,1602.8822999966924,24.10053156798722,0.015265271014608617,1
CMCSA,2023-09-06,2023-09-08,dynamic,1,1579.0504534026704,1598.4157496728913,19.365296270220824,0.012263886963517212,3
GE,2023-09-07,2023-09-11,dynamic,1,1578.6870686183092,1607.2246171863487,28.537548568039483,0.01807676083203491,3
JNJ,2023-08-22,2023-09-12,dynamic,2,3149.7180820367857,3151.817476450865,2.0993944140791427,0.0006665340704783418,15
UNP,2023-09-06,2023-09-12,dynamic,2,3158.131982499207,3194.3297446959978,36.19776219679079,0.011461763598665575,5
JPM,2023-08-16,2023-09-13,time_stop,2,3146.6903700676176,3122.5628670051315,-24.127503062486085,-0.007667580926294826,20
DHR,2023-09-07,2023-09-13,dynamic,2,3157.2695609369043,3176.792654887432,19.52309395052771,0.006183537253858784,5
ORCL,2023-09-13,2023-09-14,take_profit,1,1580.6568077667227,1656.0801996561568,75.42339188943401,0.0477164881831611,1
AVGO,2023-09-13,2023-09-14,take_profit,1,1580.936801157714,1628.2020687019262,47.26526754421229,0.029897000000000062,1
MCD,2023-08-17,2023-09-14,time_stop,1,1569.4242798921634,1561.6444767300306,-7.779803162132794,-0.004957106412720513,20
NVDA,2023-09-07,2023-09-14,dynamic,1,1577.8908719029719,1579.6738417973893,1.7829698944174197,0.0011299703459639598,6
CAT,2023-09-14,2023-09-14,dynamic,1,1581.8535629534256,1601.8775838489073,20.024020895481726,0.012658580645161344,1
V,2023-09-15,2023-09-18,dynamic,1,1583.0646977451283,1600.9668362522864,17.902138507158043,0.011308532451426156,2
AAPL,2023-09-08,2023-09-19,dynamic,1,1578.6071618411768,1584.8215102464392,6.214348405262399,0.003936602186711546,8
AMD,2023-09-18,2023-09-20,take_profit,1,1581.2281045899954,1628.5020812329224,47.27397664292698,0.02989699999999984,2
AVGO,2023-09-21,2023-09-22,take_profit,1,1578.7475561063914,1625.947371791304,47.199815684912664,0.02989699999999984,1
XOM,2023-09-22,2023-09-25,dynamic,1,1569.983431602158,1576.9493655217432,6.965933919585268,0.004436947409359959,2
NVDA,2023-09-20,2023-09-28,dynamic,2,3164.6491469679895,3203.0902826286165,38.44113566062697,0.012147045019968994,7
CSCO,2023-09-21,2023-09-28,dynamic,1,1577.412121051683,1591.1339821336167,13.721861081933639,0.008698970230293979,6
GOOGL,2023-09-21,2023-09-28,dynamic,1,1578.335646526742,1588.623755576796,10.28810905005389,0.006518327754108322,6
JPM,2023-09-25,2023-09-28,dynamic,1,1568.1275700946226,1592.1348749601536,24.00730486553107,0.015309535603715174,4
CMCSA,2023-09-26,2023-09-28,dynamic,1,1571.7748814305573,1602.6999521375176,30.92507070696024,0.01967525443517304,3
INTC,2023-09-20,2023-09-29,dynamic,2,3164.557299559031,3170.4107640277343,5.853464468703351,0.0018496945748205373,8
MSFT,2023-09-21,2023-10-02,dynamic,1,1579.8013133326103,1592.2108144589706,12.409501126360283,0.007855102424356275,8
BA,2023-09-07,2023-10-04,time_stop,4,11051.002925951696,10386.336045800683,-664.6668801510132,-0.06014538993471252,20
MA,2023-10-04,2023-10-05,dynamic,1,1555.0713659388748,1563.6424273975997,8.571061458724898,0.005511683673469214,2
LLY,2023-09-18,2023-10-06,take_profit,3,6325.333063381873,6514.441545977801,189.10848259592785,0.029897000000000062,14
GE,2023-10-04,2023-10-06,take_profit,1,1555.1190689055504,1601.6124637086198,46.49339480306935,0.029897000000000062,2
IBM,2023-09-29,2023-10-06,dynamic,1,1563.4768059549006,1563.650737244363,0.17393128946241632,0.00011124647887328365,6
AMGN,2023-10-04,2023-10-06,dynamic,1,1555.1884920241114,1586.8930535486186,31.7045615245072,0.02038631438382299,3
XOM,2023-10-05,2023-10-09,take_profit,2,3118.5185365405114,3211.752885227463,93.23434868695176,0.029897000000000062,2
ADBE,2023-09-13,2023-10-09,dynamic,3,6323.438770633007,6339.573238610908,16.134467977901295,0.002551533835170927,19
CMCSA,2023-10-04,2023-10-09,dynamic,1,1555.0891453846598,1580.0189952185717,24.92984983391193,0.01603113873432993,4
CAT,2023-10-05,2023-10-09,dynamic,1,1559.6190524354597,1603.191877456793,43.5728250213333,0.027938120500189623,3
HD,2023-09-20,2023-10-10,dynamic,3,6330.065323337607,6336.393491115743,6.328167778136049,0.0009997002329193982,15
NFLX,2023-09-14,2023-10-11,time_stop,3,6326.356995321594,5944.266084531681,-382.0909107899124,-0.0603966723775583,20
AMZN,2023-09-20,2023-10-11,dynamic,3,6329.938269883617,6359.586418520763,29.648148637145823,0.004683797435782955,16
WMT,2023-10-10,2023-10-11,dynamic,1,1576.6650238359719,1596.6892144767144,20.024190640742518,0.012700345563589899,2
LOW,2023-09-18,2023-10-13,time_stop,3,6324.939459135696,5928.048058876974,-396.89140025872166,-0.06275022912439976,20
CRM,2023-09-18,2023-10-13,time_stop,2,3162.449898429858,3078.014821389058,-84.43507704080002,-0.02669926157019009,20
CRM,2023-10-16,2023-10-16,dynamic,1,1572.888552113865,1593.2843486558834,20.395796542018388,0.012967095802565165,1
ORCL,2023-10-16,2023-10-17,dynamic,1,1572.943909447099,1574.0858421819464,1.141932734847387,0.0007259843965121693,2
IBM,2023-10-16,2023-10-18,dynamic,1,1572.7429180999636,1580.3763107684322,7.633392668468559,0.004853553991958526,3
NVDA,2023-10-19,2023-10-23,take_profit,2,3143.4196623259763,3237.398479970536,93.97881764455951,0.02989699999999984,2
WMT,2023-10-23,2023-10-23,dynamic,1,1563.2663907603367,1585.562599534834,22.296208774497245,0.014262577962578016,1
LLY,2023-10-20,2023-10-24,dynamic,1,1568.2774283950982,1574.5791312617248,6.301702866626556,0.0040182322033899265,3
CMCSA,2023-10-20,2023-10-24,dynamic,1,1568.306973146991,1590.1027732058822,21.795800058891245,0.0138976618940585,3
UNH,2023-10-23,2023-10-25,dynamic,1,1563.3807495612418,1572.6566138818355,9.275864320593655,0.005933208735745765,3
IBM,2023-10-23,2023-10-26,take_profit,1,1563.2684777253999,1626.8355987323328,63.567121006932894,0.0406629583546807,3
BRK-B,2023-09-29,2023-10-26,time_stop,2,3126.810190438855,3002.7968289696814,-124.01336146917356,-0.0396613014273719,20
INTC,2023-10-24,2023-10-27,take_profit,2,3128.547312309451,3290.2334204589,161.68610814944896,0.05168088956599304,3
META,2023-10-26,2023-10-27,take_profit,2,3126.4250243021925,3219.895753253755,93.4707289515627,0.029897000000000062,1
GOOGL,2023-10-26,2023-10-30,take_profit,1,1562.7698719422697,1609.4920028037277,46.72213086145803,0.029897000000000062,2
COST,2023-10-24,2023-10-30,dynamic,1,1564.4177860229836,1572.1379001889554,7.720114165971836,0.004934816156493493,5
ADBE,2023-10-25,2023-10-30,dynamic,2,3143.3681006980296,3168.725040561393,25.35693986336355,0.008066805748182304,4
BRK-B,2023-10-30,2023-10-30,dynamic,1,1556.3615840298778,1577.0045917567109,20.643007726833048,0.013263632268140535,1
AMD,2023-10-19,2023-11-01,take_profit,3,6288.3389135737125,6476.341382072826,188.0024684991131,0.029897000000000062,9
AAPL,2023-10-19,2023-11-01,dynamic,2,3144.2277557419143,3171.6730482976827,27.445292555768447,0.008728786426380308,10
LLY,2023-10-30,2023-11-02,take_profit,2,3113.62560663495,3217.79017028175,104.1645636467997,0.033454427990581515,3
CAT,2023-10-20,2023-11-02,dynamic,3,6273.679534329353,6341.118946825822,67.43941249646832,0.010749578796213966,10
CSCO,2023-10-20,2023-11-02,dynamic,2,3137.1308842060957,3163.782302805773,26.651418599677072,0.0084954755103952,10
MA,2023-10-20,2023-11-02,dynamic,2,3137.2941283935606,3165.368251998905,28.07412360534454,0.008948515012113356,10
AMGN,2023-10-23,2023-11-02,dynamic,3,6253.51361796047,6294.598727472302,41.08510951183234,0.006569924049391052,9
TSLA,2023-10-16,2023-11-03,take_profit,4,11009.529708618418,11338.681618316985,329.15190969856667,0.029897000000000062,14
JPM,2023-10-20,2023-11-03,dynamic,2,3137.064481798242,3167.325615457029,30.261133658787003,0.009646321851006556,11
CSCO,2023-11-10,2023-11-14,dynamic,1,1593.2937770779963,1621.1858102243891,27.892033146392805,0.017505894736842054,3
WMT,2023-11-17,2023-11-24,dynamic,1,1593.7097676345265,1594.6744244763383,0.9646568418118022,0.0006052901609829853,5
AMGN,2023-11-22,2023-11-24,dynamic,1,1593.6935809288036,1597.5663423979788,3.8727614691752024,0.002430054005060578,2
NVDA,2023-11-27,2023-11-29,dynamic,1,1593.8896772764365,1605.0664451711561,11.17676789471966,0.0070122594142261185,3
UNH,2023-11-30,2023-11-30,dynamic,1,1593.174126579354,1644.0945128220162,50.92038624266229,0.031961595027902856,1
CMCSA,2023-11-29,2023-12-01,dynamic,1,1593.523846798523,1602.4759554752031,8.952108676680155,0.00561780653277677,3
AMD,2023-12-05,2023-12-06,take_profit,1,1592.195363319221,1639.7972280963759,47.60186477715479,0.029897000000000062,1
NVDA,2023-12-05,2023-12-06,take_profit,1,1592.907230724874,1654.0007393044266,61.09350857955269,0.038353463027317236,1
LLY,2023-12-04,2023-12-06,dynamic,1,1593.5305077108442,1612.8595895821347,19.329081871290555,0.012129721883428202,3
GOOGL,2023-12-01,2023-12-07,take_profit,1,1593.637098716581,1641.282067056911,47.644968340330024,0.029897000000000284,4
META,2023-12-04,2023-12-07,take_profit,1,1593.6065443112157,1641.2505991664882,47.64405485527254,0.029897000000000062,3
AVGO,2023-11-30,2023-12-07,dynamic,2,3186.2712174701514,3187.5565701992846,1.2853527291331375,0.00040340342720535105,6
DIS,2023-12-05,2023-12-07,dynamic,1,1591.8451807314798,1604.5431912488605,12.69801051738068,0.007976913000764085,3
ADBE,2023-12-05,2023-12-07,dynamic,1,1592.5977824801316,1624.4863579778687,31.888575497737065,0.020022993783199494,3
AMD,2023-12-07,2023-12-07,dynamic,1,1591.072622513843,1690.8189589174717,99.74633640362867,0.06269125305294532,1
INTC,2023-12-05,2023-12-08,dynamic,1,1591.9470509168184,1621.7929243674719,29.84587345065347,0.0187480314960633,4
MSFT,2023-12-05,2023-12-08,dynamic,1,1592.4248283916938,1626.070542269534,33.64571387784008,0.021128604175194576,4
LIN,2023-12-06,2023-12-11,dynamic,1,1592.052895977995,1608.7201531961066,16.667257218111672,0.010469034829318824,4
ORCL,2023-12-07,2023-12-11,dynamic,1,1591.2339650759604,1629.5742951922018,38.340330116241375,0.024094715772618125,3
BLK,2023-12-07,2023-12-11,dynamic,1,1591.150891154459,1605.8678394362055,14.716948281746454,0.009249247424339968,3
HON,2023-12-11,2023-12-11,dynamic,1,1598.2034550732435,1630.0939865865273,31.890531513283804,0.019953987342507862,1
BRK-B,2023-11-30,2023-12-12,dynamic,1,1593.1289018203956,1595.4956500393812,2.366748218985549,0.0014855974405343364,9
NFLX,2023-12-01,2023-12-13,take_profit,2,3187.1981481317353,3282.48581116643,95.28766303469456,0.029897000000000062,8
SO,2023-12-13,2023-12-13,dynamic,1,1601.6246755194538,1658.6596742323268,57.03499871287295,0.03561071428571427,1
VZ,2023-12-12,2023-12-14,dynamic,1,1601.270210909934,1613.895099198043,12.624888288109105,0.00788429598083562,3
T,2023-12-13,2023-12-14,dynamic,1,1601.5916297531894,1632.812858868773,31.221229115583583,0.01949387630128596,2
ADBE,2023-12-15,2023-12-18,take_profit,1,1604.6400560589757,1652.6139798149711,47.97392375599543,0.029897000000000062,1
SBUX,2023-11-27,2023-12-22,time_stop,2,3187.555095608337,3030.6632380458254,-156.89185756251163,-0.049220124156808986,20
IBM,2023-12-21,2023-12-22,dynamic,1,1603.261882250528,1618.57454573723,15.312663486701922,0.009550943396226197,2
ABBV,2023-12-21,2023-12-22,dynamic,1,1603.178610421742,1633.4867099595845,30.30809953784251,0.018905004932587843,2
GILD,2023-12-21,2023-12-22,dynamic,1,1603.1192693532919,1620.0420013776145,16.922732024322613,0.010556127886323319,2
CMCSA,2023-12-27,2023-12-28,dynamic,1,1604.5747030929917,1612.454608201167,7.879905108175308,0.004910899500650157,2
UNH,2023-12-18,2024-01-02,dynamic,1,1604.2866790202104,1635.1409950010661,30.854315980855745,0.01923242047967344,10
NVDA,2024-01-03,2024-01-05,take_profit,1,1606.4324794122238,1654.4599912492113,48.027511836987514,0.029897000000000062,2
COST,2024-01-03,2024-01-05,dynamic,1,1604.5443668950209,1616.2096565037236,11.665289608702778,0.007270157092182261,3
META,2024-01-03,2024-01-05,dynamic,1,1606.7766613345602,1639.0761651461032,32.29950381154299,0.020102049394167487,3
NFLX,2024-01-03,2024-01-08,take_profit,1,1604.4860028411563,1652.4553208680984,47.96931802694212,0.029897000000000062,3
CRM,2024-01-03,2024-01-08,take_profit,1,1604.8522699037171,1652.8325382170287,47.980268313311626,0.029897000000000062,3
INTC,2024-01-03,2024-01-08,take_profit,1,1605.0996118247112,1653.0872749194348,47.98766309472353,0.029897000000000062,3
HD,2024-01-02,2024-01-08,dynamic,1,1604.9187434037892,1622.1014452068248,17.18270180303557,0.010706275238953067,5
AMZN,2024-01-02,2024-01-08,dynamic,2,3210.159987631334,3223.951121657978,13.791134026644158,0.00429608931635217,5
IBM,2024-01-03,2024-01-08,dynamic,1,1604.4136696944388,1605.6482311347104,1.234561440271591,0.0007694782608693718,4
AVGO,2024-01-03,2024-01-08,dynamic,1,1605.455028929522,1612.2694594572158,6.81443052769373,0.004244547748084582,4
ADBE,2024-01-03,2024-01-08,dynamic,1,1605.794203731549,1622.3164756758902,16.522271944341128,0.010289159037905726,4
GOOGL,2024-01-03,2024-01-08,dynamic,1,1606.0219408035443,1624.464759581333,18.442818777788716,0.011483540983606488,4
LOW,2024-01-03,2024-01-08,dynamic,1,1606.1810115723313,1611.7357685369077,5.554756964576427,0.003458362989323893,4
MSFT,2024-01-08,2024-01-08,dynamic,1,1601.9524209727851,1625.1706717005995,23.218250727814393,0.014493720552396283,1
MCD,2024-01-08,2024-01-10,dynamic,1,1601.9148467666294,1632.7337928386173,30.818946071987966,0.01923881667879801,3
LIN,2024-01-10,2024-01-12,dynamic,1,1607.3271097289219,1625.009210222238,17.682100493316057,0.011000934648764948,3
LMT,2024-01-12,2024-01-12,dynamic,1,1605.590989660979,1625.8243147292415,20.233325068262502,0.012601792859173067,1
VZ,2024-01-12,2024-01-16,take_profit,1,1605.3653143638041,1653.3609211673388,47.995606803534656,0.029897000000000062,1
UNP,2024-01-10,2024-01-18,dynamic,1,1607.4594275887873,1615.03488809347,7.575460504682724,0.004712691576947536,6
T,2024-01-12,2024-01-18,dynamic,1,1605.1800485227589,1610.9131150852918,5.73306656253294,0.003571603427172665,4
DHR,2024-01-16,2024-01-18,dynamic,1,1603.205199564629,1612.3781625626661,9.172962998037065,0.005721639999999972,3
AAPL,2023-12-26,2024-01-19,dynamic,2,3209.3189294805643,3241.1664304181413,31.847500937577024,0.00992344532823708,17
HON,2024-01-09,2024-01-19,dynamic,1,1608.5816515034014,1610.8276456521482,2.2459941487468313,0.0013962574710757458,8
CAT,2024-01-17,2024-01-19,dynamic,1,1591.4442670917852,1628.095326162511,36.65105907072575,0.02303006132769081,3
AXP,2024-01-19,2024-01-19,dynamic,1,1595.6382481732912,1614.6067989619335,18.968550788642233,0.01188775138121545,1
WFC,2024-01-19,2024-01-19,dynamic,1,1595.475850107055,1646.2925257851334,50.816675678078354,0.031850482521981416,1
SCHW,2024-01-12,2024-01-22,dynamic,2,3209.42212110482,3230.8330764341254,21.41095532930558,0.006671280536302504,6
C,2024-01-12,2024-01-22,dynamic,1,1604.5656594309185,1620.9707632769657,16.40510384604727,0.010224015296367295,6
BAC,2024-01-12,2024-01-22,dynamic,1,1604.462008477723,1619.2252977399157,14.763289262192757,0.009201395348837016,6
TGT,2024-01-19,2024-01-22,dynamic,1,1595.6092456903273,1631.9582987445115,36.349053054184196,0.0227806733712288,2
UNH,2024-01-16,2024-01-23,dynamic,2,3206.6172643333102,3221.908403673588,15.291139340277823,0.004768620037806981,6
MDT,2024-01-25,2024-01-26,dynamic,1,1599.6989125908274,1623.5526636314878,23.853751040660427,0.01491140042223793,2
HD,2024-01-25,2024-01-26,dynamic,1,1599.5445360169836,1611.6774208839436,12.132884866960012,0.007585212286224996,2
COST,2024-01-26,2024-01-26,dynamic,1,1575.651099198484,1591.2466161256807,15.59551692719674,0.009897823785437021,1
ABT,2024-01-25,2024-01-29,dynamic,1,1599.8391676229762,1628.9704998785567,29.131332255580446,0.018208913023965767,3
TMO,2024-01-26,2024-01-29,dynamic,1,1575.6424801960618,1586.2061761161362,10.563695920074451,0.0067043736462093495,2
BA,2024-01-03,2024-01-31,time_stop,4,11231.648840696751,10684.661526350257,-546.9873143464938,-0.048700535611880924,20
SO,2024-01-12,2024-02-01,dynamic,2,3210.0311019362093,3251.2149707935937,41.18386885738437,0.012829741379310367,14
DUK,2024-01-12,2024-02-01,dynamic,1,1604.8538843366246,1605.842892786979,0.989008450354504,0.0006162607449857749,14
LOW,2024-01-24,2024-02-01,dynamic,1,1600.7864184102866,1638.3432738762071,37.556855465920535,0.023461503067484513,7
MCD,2024-01-29,2024-02-01,dynamic,1,1580.4232015892117,1615.1606044264136,34.7374028372019,0.021979810725551996,4
BLK,2024-02-01,2024-02-01,dynamic,1,1590.1812142039234,1607.3048234633272,17.123609259403793,0.010768338291542667,1
AMD,2024-02-01,2024-02-02,take_profit,1,1590.4062773626601,1637.9546538369716,47.54837647431145,0.029897000000000062,1
AAPL,2024-01-31,2024-02-05,take_profit,2,3170.6652899510723,3265.4586701247395,94.79338017366717,0.029897000000000062,3
TSLA,2024-01-08,2024-02-05,time_stop,4,11212.944148089435,9763.339892318238,-1449.6042557711971,-0.12927953948813653,20
QCOM,2024-01-31,2024-02-06,dynamic,2,3170.914811002695,3209.037635568613,38.12282456591811,0.012022658077611048,5
GOOGL,2024-02-01,2024-02-06,dynamic,1,1590.7478110967907,1612.748641310791,22.000830214000416,0.013830495356037087,4
CVS,2024-01-11,2024-02-07,dynamic,3,6436.054339946562,6498.549373753643,62.49503380708029,0.009710147010287606,19
SCHW,2024-02-02,2024-02-07,dynamic,1,1593.3520143444798,1604.242241272586,10.89022692810613,0.006834790322580719,4
MCD,2024-02-07,2024-02-08,dynamic,1,1589.9230532639147,1628.134791494968,38.21173823105346,0.02403370285914752,2
INTC,2024-01-29,2024-02-09,dynamic,2,3160.9162286206174,3196.92004343746,36.003814816842805,0.01139030971173649,10
HON,2024-02-05,2024-02-09,dynamic,1,1593.9556551129308,1601.0273439191808,7.071688806249995,0.004436565586731334,5
NFLX,2024-02-07,2024-02-09,dynamic,1,1590.0228633769104,1598.8648102826432,8.841946905732812,0.0055608929339256985,3
MS,2024-02-02,2024-02-12,dynamic,1,1593.4537061819117,1600.6647522109063,7.211046028994588,0.00452541922053884,7
RTX,2024-02-09,2024-02-14,dynamic,1,1589.0609629996732,1593.4353010029552,4.374338003281991,0.0027527817403711907,4
C,2024-02-13,2024-02-14,dynamic,1,1594.9024266655053,1615.391700283446,20.489273617940626,0.012846725464439768,2
CRM,2024-02-14,2024-02-14,dynamic,1,1591.1181083739534,1614.1255924779823,23.00748410402889,0.014459947368421044,1
UNP,2024-02-14,2024-02-14,dynamic,1,1590.6573381700844,1614.7082437044764,24.050905534392086,0.01512010472479286,1
TMO,2024-02-14,2024-02-14,dynamic,1,1590.5823150065548,1609.8909958497509,19.308680843196043,0.01213937855402114,1
VZ,2024-02-06,2024-02-15,dynamic,2,3177.5482811472393,3180.7328491691687,3.184568021929408,0.001002209168881496,8
T,2024-02-08,2024-02-15,dynamic,2,3184.1705824171113,3210.7293374195215,26.55875500241018,0.008340870664739652,6
DUK,2024-02-09,2024-02-15,dynamic,1,1589.035039055984,1590.5983078212655,1.5632687652814639,0.0009837849555602851,5
MDT,2024-02-12,2024-02-15,dynamic,1,1591.6584315866394,1593.1917498970543,1.5333183104148702,0.0009633463310882995,4
KO,2024-02-12,2024-02-20,dynamic,1,1591.7576033041269,1619.3433548761054,27.585751571978562,0.017330372108615544,6
PG,2024-02-13,2024-02-20,dynamic,1,1595.1828608821786,1602.7077656729398,7.524904790761184,0.004717267828842964,5
GOOGL,2024-02-20,2024-02-22,take_profit,1,1591.616951718784,1651.5697791566513,59.9528274378672,0.037667874404783364,2
ADBE,2024-02-20,2024-02-22,take_profit,1,1591.7624374804857,1658.816565592298,67.05412811181236,0.04212571331809323,2
AVGO,2024-02-21,2024-02-22,take_profit,1,1592.9280626426857,1676.0818226494578,83.15376000677202,0.052201830049261044,1
NVDA,2024-02-21,2024-02-22,take_profit,1,1593.0934015133455,1757.3431795031895,164.249777989844,0.10310116019174798,1
AMD,2024-02-21,2024-02-22,take_profit,1,1593.5991169798342,1695.8569861386331,102.25786915879894,0.06416787513825728,1
MSFT,2024-02-22,2024-02-22,dynamic,1,1593.321534743441,1598.8327865042047,5.511251760763798,0.0034589702333065464,1
IBM,2024-02-22,2024-02-23,dynamic,1,1593.6842402871314,1622.0851696487555,28.400929361624094,0.017820926281173044,2
ADBE,2024-02-23,2024-02-23,dynamic,1,1601.814109178864,1630.9763745126722,29.162265333808136,0.018205773795286095,1
DIS,2024-02-22,2024-02-27,dynamic,1,1593.629309034884,1614.5706223048205,20.941313269936472,0.013140642652097467,4
RTX,2024-02-22,2024-02-27,dynamic,1,1593.5560840628773,1605.8284907139239,12.272406651046595,0.0077012706197057135,4
CMCSA,2024-02-06,2024-02-29,dynamic,3,6355.063998374344,6385.450757705142,30.38675933079776,0.004781503276532151,17
INTC,2024-02-28,2024-02-29,dynamic,1,1603.8776257082702,1626.7678391508566,22.8902134425864,0.01427179547596591,2
ORCL,2024-02-14,2024-03-01,dynamic,2,3181.5866218443994,3232.2048419099074,50.61822006550801,0.015909741296361135,12
VZ,2024-02-27,2024-03-01,dynamic,1,1602.8939993023585,1623.7372766652625,20.84327736290402,0.013003528225806527,4
HON,2024-02-29,2024-03-01,dynamic,1,1601.9389478467044,1604.8483796055923,2.9094317588878766,0.001816193908512398,2
AMGN,2024-02-08,2024-03-07,time_stop,3,6368.497262815204,6166.036712447027,-202.46055036817688,-0.031790945652173996,20
MSFT,2024-03-06,2024-03-07,dynamic,1,1598.928816088172,1623.5258978716968,24.5970817835248,0.015383475196664609,2
GOOGL,2024-02-27,2024-03-08,dynamic,2,3205.9495975579753,3210.767717399153,4.818119841177577,0.0015028682437328023,9
BRK-B,2024-03-05,2024-03-08,dynamic,1,1602.07648770514,1604.3039331877414,2.2274454826015244,0.0013903490249658201,4
UNH,2024-02-28,2024-03-11,dynamic,2,3206.0148194473177,3230.9328159973265,24.917996550008866,0.007772264931172224,9
CVS,2024-02-29,2024-03-11,dynamic,1,1602.087476603677,1608.0681655120407,5.980688908363618,0.0037330601454061973,8
KO,2024-03-01,2024-03-11,dynamic,1,1603.3382908624437,1612.2777985257003,8.939507663256563,0.005575559265442287,7
VZ,2024-03-08,2024-03-11,dynamic,1,1599.2524526661646,1620.0854108912051,20.832958225040556,0.013026685180509867,2
AMGN,2024-03-08,2024-03-11,dynamic,1,1599.2016038267889,1613.9881896352101,14.78658580842125,0.009246229976907161,2
GS,2024-03-11,2024-03-12,dynamic,1,1600.8194739516307,1611.076730853331,10.257256901700202,0.00640750382451305,2
HD,2024-03-11,2024-03-13,take_profit,1,1600.7062033520917,1648.5625167137093,47.856313361617595,0.029897000000000062,2
AAPL,2024-02-14,2024-03-13,time_stop,3,6364.591811835152,6193.388126422677,-171.20368541247535,-0.02689939755352677,20
LLY,2024-03-12,2024-03-14,take_profit,1,1603.8646649956288,1655.627277937888,51.76261294225924,0.03227367874109266,2
SCHW,2024-03-13,2024-03-15,dynamic,1,1605.1670764500202,1612.9461814589845,7.7791050089642795,0.004846289911557777,3
TGT,2024-03-15,2024-03-18,take_profit,1,1603.4988651589044,1651.4386707305605,47.93980557165605,0.029897000000000284,1
AMD,2024-03-15,2024-03-18,take_profit,1,1603.7018126179835,1676.8950262478045,73.193213629821,0.04564016393442616,1
HON,2024-03-15,2024-03-19,dynamic,1,1603.7091177081595,1625.1863318303222,21.47721412216265,0.013392213017317856,3
CRM,2024-03-18,2024-03-19,dynamic,1,1604.7694000561164,1614.4094515498016,9.640051493685178,0.006007125692543802,2
AVGO,2024-03-14,2024-03-20,take_profit,2,3208.8195874133776,3304.7536666182755,95.9340792048979,0.029897000000000062,4
BLK,2024-03-15,2024-03-20,dynamic,1,1603.9896403911969,1636.4424434821515,32.4528030909546,0.02023255155378667,4
AMGN,2024-03-18,2024-03-20,dynamic,1,1604.914228817827,1622.8815110951475,17.967282277320464,0.011195166666666756,3
MDT,2024-03-18,2024-03-20,dynamic,1,1604.8110684976748,1609.2462453976725,4.435176899997714,0.0027636754176612044,3
QCOM,2024-03-20,2024-03-20,dynamic,1,1606.3764289441556,1641.159059887157,34.78263094300132,0.021652851919561122,1
TXN,2024-03-20,2024-03-20,dynamic,1,1605.7616171787593,1633.4693856360825,27.707768457323255,0.017255219056739213,1
AMD,2024-03-20,2024-03-21,take_profit,2,3212.748038759025,3350.33319362928,137.58515487025488,0.04282475725155188,1
TMO,2024-03-15,2024-03-21,dynamic,1,1604.2036436428896,1629.0310134632978,24.827369820408194,0.015476445224890112,5
AMD,2024-03-22,2024-03-25,take_profit,1,1612.4661183483072,1660.6740178885666,48.207899540259405,0.029897000000000062,1
MRK,2024-03-01,2024-03-25,dynamic,2,3206.5752387068237,3232.8059425714246,26.230703864600855,0.008180286415228277,17
MDT,2024-03-25,2024-03-26,dynamic,1,1611.9626532818763,1629.1242839305046,17.16163064862826,0.010646419514551475,2
INTC,2024-03-20,2024-03-27,take_profit,2,3212.5817262317332,3308.628282100884,96.04655586915078,0.029897000000000284,5
ABT,2024-03-18,2024-03-27,dynamic,2,3209.485184180609,3222.91249741445,13.427313233841232,0.004183634590377183,8
PG,2024-03-26,2024-03-27,dynamic,1,1612.5875388047182,1635.05012097198,22.46258216726187,0.013929527313544465,2
IBM,2024-03-26,2024-03-27,dynamic,1,1612.5594770060743,1627.5821636754722,15.022686669397899,0.009316051211512244,2
DUK,2024-03-27,2024-03-27,dynamic,1,1612.9593605451832,1646.9050587491097,33.94569820392644,0.02104560042508008,1
SO,2024-03-27,2024-03-27,dynamic,1,1612.8463822551807,1645.3371077783552,32.49072552317443,0.020144959793222172,1
TMO,2024-03-27,2024-03-27,dynamic,1,1612.715426262151,1631.847796792865,19.13237053071407,0.011863451058478303,1
META,2024-03-28,2024-04-02,dynamic,1,1617.4511673048587,1632.154938547418,14.703771242559242,0.009090704894083368,3
CRM,2024-03-28,2024-04-02,dynamic,1,1617.498954184799,1638.9017003465722,21.402746161773166,0.01323199999999991,3
NFLX,2024-04-01,2024-04-03,take_profit,1,1617.4188030453008,1665.774772999946,48.35596995464516,0.02989699999999984,2
LLY,2024-04-02,2024-04-03,take_profit,1,1617.389661181821,1665.744759882174,48.35509870035298,0.029897000000000062,1
UNP,2024-03-07,2024-04-04,time_stop,2,3196.6672810437217,3099.8878739220836,-96.77940712163809,-0.030275095470692626,20
WMT,2024-04-03,2024-04-05,dynamic,1,1617.2121469198876,1629.8495786200058,12.637431700118213,0.007814331424722099,3
CVS,2024-04-03,2024-04-08,dynamic,1,1617.243325898295,1625.8178608934506,8.574534995155545,0.005301944894651411,4
LOW,2024-04-03,2024-04-08,dynamic,1,1617.119845721323,1627.220914557365,10.101068836042032,0.006246332863187654,4
SO,2024-04-08,2024-04-09,dynamic,1,1614.304466918945,1633.3480066596383,19.043539740693177,0.0117967459862387,2
COST,2024-04-02,2024-04-10,dynamic,1,1617.7958637495326,1623.4306062980759,5.634742548543272,0.0034829750000000548,7
NVDA,2024-04-03,2024-04-10,dynamic,2,3234.9170813853148,3248.0575068994767,13.140425514161961,0.004062059454251754,6
PG,2024-04-04,2024-04-10,dynamic,1,1617.8861876673714,1621.4366681948152,3.550480527443824,0.002194518103008747,5
GS,2024-04-11,2024-04-15,take_profit,1,1610.591219103206,1658.7430647807346,48.15184567752863,0.029897000000000062,2
META,2024-04-16,2024-04-18,dynamic,1,1600.075407462219,1611.7675768014997,11.692169339280781,0.007307261448274538,3
TGT,2024-04-05,2024-04-19,dynamic,2,3223.791430188448,3226.9673094696063,3.175879281158359,0.00098513795012245,11
AMGN,2024-04-03,2024-04-22,dynamic,2,3234.3376373714354,3256.123975528485,21.786338157049613,0.0067359504787989355,14
MRK,2024-04-09,2024-04-22,dynamic,1,1613.5625291637461,1617.9897684413077,4.427239277561512,0.002743766787802082,10
BRK-B,2024-04-11,2024-04-22,dynamic,1,1610.6056941550517,1611.9430884356914,1.337394280639728,0.0008303672869736101,8
ORCL,2024-03-26,2024-04-23,time_stop,3,6450.871320731166,6172.511155855658,-278.3601648755075,-0.043150785535116976,20
ABBV,2024-04-04,2024-04-23,dynamic,3,6469.762841515045,6506.526618968223,36.76377745317859,0.005682399549064465,14
QCOM,2024-04-19,2024-04-23,dynamic,1,1594.6481241378335,1595.1806687875862,0.5325446497527082,0.0003339574679150914,3
LLY,2024-04-22,2024-04-23,dynamic,1,1594.7338063083512,1629.4271032434453,34.69329693509417,0.021754914078986998,2
V,2024-03-27,2024-04-24,take_profit,2,3225.1133416114553,3321.534555185613,96.42121357415772,0.029897000000000062,19
NFLX,2024-04-23,2024-04-24,take_profit,1,1597.0106131587543,1647.985493587809,50.97488042905479,0.03191893654872513,1
T,2024-04-09,2024-04-24,dynamic,2,3226.418188060349,3256.498333926099,30.080145865749728,0.009323077205882324,12
UNP,2024-04-11,2024-04-25,dynamic,1,1610.6452786153714,1655.9715880309593,45.32630941558796,0.02814170818204853,11
LIN,2024-04-01,2024-04-26,time_stop,2,3235.011172972951,3140.7788215863116,-94.2323513866395,-0.02912891064300116,20
DE,2024-04-25,2024-04-29,take_profit,1,1602.9733617256384,1650.8974563211498,47.924094595511406,0.029897000000000062,2
CAT,2024-04-26,2024-04-29,take_profit,1,1606.441332437933,1654.46910895383,48.02777651589713,0.029897000000000062,1
HD,2024-04-02,2024-04-29,time_stop,3,6470.253242931593,6300.1329142409595,-170.12032869063387,-0.026292684737878158,20
VZ,2024-04-10,2024-04-29,dynamic,2,3230.477016172052,3255.2259076187142,24.748891446662128,0.007661064085200842,14
INTC,2024-04-04,2024-05-01,time_stop,4,11326.314426791121,9277.269962952461,-2049.04446383866,-0.18091008130516628,20
HON,2024-04-04,2024-05-01,time_stop,2,3235.5416693845564,3214.079092557809,-21.46257682674741,-0.0066333798231780206,20
META,2024-04-26,2024-05-02,dynamic,1,1606.353697663397,1607.5756413804597,1.2219437170626861,0.0007606940606170731,5
DIS,2024-05-01,2024-05-02,dynamic,1,1586.5179907142574,1605.3175375022756,18.799546788018233,0.01184956420163541,2
MS,2024-05-01,2024-05-02,dynamic,1,1586.4749821631358,1610.1249825449693,23.65000038183348,0.014907263365468992,2
SCHW,2024-05-01,2024-05-02,dynamic,1,1586.3578923840294,1615.5812601309574,29.223367746928034,0.018421673877771827,2
WFC,2024-05-01,2024-05-02,dynamic,1,1586.390735794807,1592.8879883657441,6.497252570937235,0.004095619335347411,2
WMT,2024-05-02,2024-05-02,dynamic,1,1585.0354216727173,1605.5819610039896,20.546539331272243,0.012962826603325484,1
AMD,2024-05-02,2024-05-03,take_profit,1,1584.996739439923,1632.3833869589582,47.38664751903525,0.02989699999999984,1
ABBV,2024-04-29,2024-05-03,dynamic,1,1593.3389720230618,1635.1080451697133,41.76907314665141,0.026214806692148596,5
AVGO,2024-05-03,2024-05-06,take_profit,1,1585.6514369244917,1633.0576579342235,47.40622100973178,0.029897000000000062,1
IBM,2024-04-26,2024-05-06,dynamic,1,1606.2409239154929,1616.7235782278995,10.482654312406567,0.0065262029850747805,7
BRK-B,2024-04-29,2024-05-06,dynamic,1,1593.1998210160757,1601.98172075368,8.781899737604363,0.00551211443898092,6
MA,2024-04-30,2024-05-06,dynamic,2,3184.8282599951176,3201.7624622728745,16.934202277756867,0.00531714770635161,5
V,2024-05-01,2024-05-06,dynamic,1,1586.3522955177716,1612.930916840533,26.578621322761364,0.01675455155696448,4
BAC,2024-05-03,2024-05-06,dynamic,1,1585.2630990487298,1603.8279556114444,18.564856562714567,0.011710899328858826,2
JPM,2024-05-06,2024-05-06,dynamic,1,1588.1473356268787,1590.224774482432,2.0774388555532823,0.0013080895008605875,1
MRK,2024-05-06,2024-05-07,dynamic,1,1588.0860344820205,1627.8813627146428,39.795328232622296,0.025058672747287458,2
TGT,2024-04-26,2024-05-09,dynamic,2,3212.6938433139626,3262.8161275176262,50.12228420366364,0.01560132606721143,10
XOM,2024-04-29,2024-05-09,dynamic,1,1593.3007717711341,1602.3409676819995,9.04019591086535,0.005673879076086852,9
GE,2024-05-13,2024-05-15,dynamic,1,1594.5222380569312,1598.1756475358168,3.653409478885578,0.0022912251655629046,3
WMT,2024-05-15,2024-05-16,take_profit,1,1593.8179104457638,1710.5925239880676,116.77461354230377,0.073267223800769,1
TGT,2024-05-16,2024-05-16,dynamic,1,1594.1154247738655,1597.9346865873479,3.819261813482399,0.0023958502340093446,1
RTX,2024-05-17,2024-05-20,dynamic,1,1595.9371758092495,1600.807733988605,4.870558179355385,0.003051848314070238,2
C,2024-05-21,2024-05-21,dynamic,1,1595.8534603522462,1633.025947959249,37.17248760700272,0.023293171040151606,1
KO,2024-05-21,2024-05-22,dynamic,1,1595.9511235675877,1600.36399701814,4.412873450552297,0.0027650429799428444,2
LIN,2024-04-29,2024-05-24,time_stop,2,3186.682149586415,3186.387767143489,-0.29438244292623494,-9.237897885872037e-05,20
META,2024-05-22,2024-05-24,dynamic,1,1596.0198671568594,1631.1631350795437,35.143267922684345,0.022019317331737565,3
TGT,2024-05-23,2024-05-28,take_profit,1,1595.4301662100686,1643.1287418892512,47.69857567918257,0.029897000000000062,2
ORCL,2024-05-28,2024-05-28,dynamic,1,1592.4449534929388,1608.4359616448387,15.991008151899905,0.01004179649464465,1
VZ,2024-05-20,2024-05-30,dynamic,1,1596.5070366903337,1607.5078670871956,11.00083039686183,0.0068905617977528255,8
LMT,2024-05-29,2024-05-31,take_profit,1,1590.348875775084,1637.8955361141316,47.54666033904755,0.02989699999999984,2
DIS,2024-05-16,2024-05-31,dynamic,1,1594.1804755062035,1608.2533883288193,14.072912822615763,0.008827678571428521,11
DE,2024-05-17,2024-05-31,dynamic,3,6383.327528571562,6390.579787343558,7.252258771995912,0.001136125122756848,10
CVX,2024-05-17,2024-05-31,dynamic,1,1595.8270610897482,1601.8824429053186,6.055381815570399,0.0037945100463676606,10
LOW,2024-05-22,2024-05-31,dynamic,2,3191.805522903437,3216.2626232606713,24.45710035723414,0.007662465705299715,7
ABBV,2024-05-23,2024-05-31,dynamic,1,1595.557086878291,1617.568370280996,22.011283402704976,0.013795359366157278,6
SCHW,2024-05-23,2024-05-31,dynamic,2,3191.283962280641,3200.2338473447735,8.949885064132559,0.0028044778120392966,6
HON,2024-05-23,2024-05-31,dynamic,1,1595.857787814199,1600.924028076338,5.06624026213899,0.003174618879466795,6
PG,2024-05-28,2024-05-31,dynamic,1,1592.378603428886,1592.7033522441973,0.3247488153112954,0.00020393944920638063,4
ORCL,2024-05-31,2024-06-04,take_profit,1,1591.2608582628116,1638.834784142295,47.57392587948334,0.029897000000000062,2
PEP,2024-05-29,2024-06-04,dynamic,1,1590.2198417883387,1603.5241892695317,13.304347481192963,0.008366357362407983,5
AVGO,2024-06-03,2024-06-05,take_profit,1,1598.8077909217754,1646.6073474469638,47.799556525188336,0.029897000000000062,2
AMZN,2024-05-17,2024-06-05,dynamic,2,3191.4539877072184,3213.652464091535,22.198476384316564,0.006955599695255055,13
NFLX,2024-06-04,2024-06-05,dynamic,1,1598.4338540715528,1639.8586906006499,41.42483652909709,0.02591589037205333,2
MSFT,2024-06-04,2024-06-05,dynamic,1,1598.6227310664983,1643.343697105172,44.72096603867362,0.0279746841888322,2
TXN,2024-06-05,2024-06-05,dynamic,1,1599.4446279966721,1609.9586238182653,10.513995821593198,0.006573529109764831,1
AMD,2024-06-05,2024-06-05,dynamic,1,1599.2599325429371,1639.5535761606764,40.293643617739235,0.025195181094588737,1
V,2024-05-22,2024-06-06,dynamic,1,1595.8686656797388,1604.454118224516,8.585452544777127,0.005379798932965585,11
TMO,2024-05-22,2024-06-06,dynamic,2,3191.95024428683,3203.8093351864622,11.859090899632065,0.003715311954144207,11
C,2024-06-05,2024-06-06,dynamic,1,1599.5449106922217,1616.6107080140239,17.065797321802165,0.010669157963446363,2
CAT,2024-06-04,2024-06-10,dynamic,1,1598.431834730403,1602.648021458987,4.216186728584034,0.002637701925709779,5
TGT,2024-06-07,2024-06-10,dynamic,1,1604.6884964256465,1647.6837630891803,42.99526666353381,0.026793528313628023,2
NEE,2024-06-10,2024-06-10,dynamic,1,1605.279274423105,1637.0211993874543,31.74192496434921,0.019773459652842273,1
BLK,2024-06-12,2024-06-12,dynamic,1,1603.2526604739503,1604.675944975574,1.4232845016238116,0.0008877480990445719,1
SO,2024-06-10,2024-06-13,dynamic,1,1605.2513419894285,1622.2013405900077,16.949998600579192,0.010559093244284501,4
GE,2024-06-14,2024-06-17,take_profit,1,1600.9635237244163,1648.8275301932051,47.86400646878883,0.029897000000000062,1
WFC,2024-06-07,2024-06-17,dynamic,1,1604.7693028598396,1623.2832729223069,18.51397006246725,0.01153684210526329,7
AXP,2024-06-07,2024-06-17,dynamic,2,3209.66759187475,3217.847782622068,8.180190747317738,0.0025486099457856515,7
AMGN,2024-06-12,2024-06-17,dynamic,1,1605.0973319813434,1615.5373210243201,10.439989042976777,0.006504271631982306,4
T,2024-06-11,2024-06-18,dynamic,1,1606.5229200544738,1625.2712406453227,18.748320590848834,0.011670123318385794,6
GS,2024-06-12,2024-06-18,dynamic,1,1605.0251204168362,1611.310847603578,6.285727186741724,0.003916279631255515,5
MS,2024-06-12,2024-06-18,dynamic,1,1604.4239990529597,1608.384661145073,3.9606620921133526,0.0024685881627619644,5
BAC,2024-06-12,2024-06-18,dynamic,1,1602.8839050162746,1610.3748097704693,7.4909047541946165,0.004673391959799211,5
V,2024-06-13,2024-06-18,dynamic,1,1602.939391531138,1622.345430168389,19.40603863725096,0.01210653299792841,4
LMT,2024-06-13,2024-06-18,dynamic,1,1602.9541060378674,1607.5465569696084,4.592450931741041,0.002864992150706458,4
UNP,2024-05-22,2024-06-20,time_stop,2,3191.7033731011315,3124.653478748718,-67.0498943524135,-0.021007558195254905,20
XOM,2024-06-13,2024-06-20,dynamic,1,1602.9369871220506,1615.790939400251,12.853952278200495,0.008019000360880435,5
MRK,2024-06-18,2024-06-20,dynamic,1,1603.6674577030763,1621.0085326610574,17.341074957981164,0.010813385826771604,2
SO,2024-06-18,2024-06-20,dynamic,1,1603.46648897609,1629.1259397751307,25.65945079904077,0.01600248647255853,2
AMD,2024-06-20,2024-06-20,dynamic,1,1606.4809726804724,1667.7073775778654,61.22640489739297,0.03811212578212775,1
NEE,2024-06-20,2024-06-20,dynamic,1,1606.2937648108648,1639.160661881344,32.866897070479126,0.020461323943661736,1
SCHW,2024-06-18,2024-06-21,dynamic,1,1603.5206508677004,1616.141345714454,12.620694846753622,0.00787061572292469,3
KO,2024-06-21,2024-06-21,dynamic,1,1609.0785434555266,1624.1839817736593,15.105438318132656,0.009387632679318081,1
VZ,2024-06-11,2024-06-24,dynamic,1,1606.453559657688,1641.3769988037207,34.923439146032706,0.021739463886820687,9
C,2024-06-12,2024-06-24,dynamic,1,1603.9542124295674,1615.1159536248667,11.161741195299328,0.006958890165818632,8
NVDA,2024-06-25,2024-06-26,take_profit,1,1609.834209124725,1675.1492075744382,65.31499844971313,0.04057250000000012,1
ORCL,2024-06-27,2024-06-27,dynamic,1,1609.3834054127958,1619.9698774448018,10.586472032005986,0.006577967684021635,1
AVGO,2024-06-25,2024-06-28,dynamic,1,1609.2161523305654,1614.4853509217296,5.2691985911642405,0.0032743883309480637,4
QCOM,2024-06-25,2024-06-28,dynamic,2,3218.188527828674,3220.8698294687047,2.681301640030597,0.0008331710889044608,4
HD,2024-06-26,2024-06-28,dynamic,1,1609.8168538697792,1632.3217387637872,22.504884894008,0.013979779650032498,3
AXP,2024-06-28,2024-06-28,dynamic,1,1608.6836558397256,1624.6606387770446,15.976982937319008,0.009931712104689128,1
V,2024-06-28,2024-07-02,dynamic,1,1608.5917740394896,1614.6310789425797,6.039304903090169,0.0037544049401199153,3
MA,2024-06-28,2024-07-02,dynamic,1,1608.534276515854,1608.4095955743278,-0.1246809415260941,-7.751214465645528e-05,3
COST,2024-07-02,2024-07-02,dynamic,1,1606.980115069286,1632.7925531137569,25.81243804447081,0.016062699097778133,1
HON,2024-07-02,2024-07-02,dynamic,1,1606.9771345391216,1617.8942651338639,10.917130594742275,0.006793581787878589,1
SO,2024-07-02,2024-07-03,dynamic,1,1607.1067150888064,1616.0952829103567,8.988567821550305,0.005593012422360211,2
NEE,2024-07-02,2024-07-03,dynamic,1,1607.0169616724788,1648.864073629978,41.84711195749924,0.026040242857142903,2
MRK,2024-07-01,2024-07-05,dynamic,1,1609.9013251381023,1623.4779499238848,13.576624785782542,0.008433203062689465,4
BRK-B,2024-07-02,2024-07-05,dynamic,1,1606.8813878506003,1635.15506682963,28.273678979029683,0.017595373991386554,3
KO,2024-07-03,2024-07-05,dynamic,1,1608.4680784147804,1622.8148296765062,14.346751261725785,0.008919512581104572,2
PG,2024-07-01,2024-07-08,dynamic,1,1609.5796278696728,1618.4576176876299,8.877989817957086,0.005515719548282005,5
AMGN,2024-07-05,2024-07-08,dynamic,1,1609.1253232771337,1611.1888093450063,2.0634860678726454,0.00128236504517254,2
ABBV,2024-07-05,2024-07-09,dynamic,1,1608.9948645396325,1641.35835252056,32.3634879809274,0.02011410271976688,3
HON,2024-07-10,2024-07-10,dynamic,1,1609.5381037266611,1634.4474647351751,24.909361008513997,0.01547609276899986,1
RTX,2024-06-12,2024-07-11,time_stop,2,3210.095553397777,3114.6651137321637,-95.43043966561345,-0.029728223997757208,20
DHR,2024-07-01,2024-07-11,dynamic,2,3219.1891962078053,3237.1599540055126,17.970757797707392,0.005582386340907464,8
XOM,2024-07-09,2024-07-11,dynamic,1,1609.9231979925512,1640.7665357973106,30.843337804759358,0.01915826658266595,3
LIN,2024-06-27,2024-07-12,dynamic,1,1609.5090886344733,1609.4576991755198,-0.05138945895350844,-3.192865409484824e-05,11
ORCL,2024-07-10,2024-07-12,dynamic,1,1609.6157978007652,1651.082600904989,41.4668031042238,0.025761926020408277,3
ADBE,2024-07-12,2024-07-15,dynamic,1,1613.3440250056553,1644.016537382653,30.6725123769977,0.01901176184471276,2
WFC,2024-07-15,2024-07-16,take_profit,1,1614.5033331066206,1662.7721392565095,48.26880614988886,0.029897000000000062,1
LMT,2024-07-03,2024-07-16,dynamic,1,1608.459606557238,1618.974915122444,10.515308565205942,0.00653750241680795,9
TMO,2024-06-18,2024-07-17,time_stop,2,3207.0695489108903,3190.2171046724943,-16.852444238395947,-0.005254779786150521,20
NFLX,2024-07-12,2024-07-19,take_profit,1,1613.4805425638435,1661.7187703448749,48.238227781031355,0.029897000000000062,5
AVGO,2024-07-18,2024-07-19,take_profit,1,1612.3213758857553,1660.5249480606121,48.203572174856845,0.029897000000000284,1
NVDA,2024-07-18,2024-07-22,take_profit,2,3223.752046243503,3320.132561170045,96.38051492654176,0.02989699999999984,2
MSFT,2024-07-17,2024-07-22,dynamic,1,1617.0781914414065,1618.1951405491425,1.1169491077359908,0.0006907205314174991,4
ORCL,2024-07-18,2024-07-22,dynamic,1,1612.3411488156992,1621.5503634013603,9.20921458566113,0.00571170350172201,3
NFLX,2024-07-22,2024-07-22,dynamic,1,1605.9797319254271,1625.9075672151241,19.927835289696986,0.012408522283033685,1
COST,2024-07-12,2024-07-23,dynamic,1,1613.4781223430296,1617.5309237024037,4.052801359374143,0.0025118415324336674,8
META,2024-07-15,2024-07-23,dynamic,2,3228.568835832137,3229.806538463977,1.2377026318399658,0.00038335953011237045,7
SCHW,2024-07-17,2024-07-23,dynamic,2,3233.3048413525144,3244.5493652783052,11.244523925790872,0.003477718457591372,5
T,2024-07-23,2024-07-24,take_profit,1,1613.9187416046675,1662.1700702224225,48.25132861775501,0.029897000000000062,1
VZ,2024-07-23,2024-07-25,take_profit,1,1613.8902477258828,1662.1407244621437,48.25047673626091,0.029897000000000062,2
XOM,2024-07-24,2024-07-25,take_profit,1,1613.7000828955936,1661.9448742739232,48.24479137832964,0.029897000000000062,1
MS,2024-07-22,2024-07-25,dynamic,1,1606.40385484206,1623.329240647243,16.92538580518317,0.01053619595979316,4
CVX,2024-07-24,2024-07-25,dynamic,1,1613.6221298623557,1643.187079549303,29.56494968694733,0.018322102269054286,2
LOW,2024-07-25,2024-07-26,take_profit,1,1604.1481050568266,1652.1073209537105,47.95921589688396,0.029897000000000062,1
UNP,2024-07-25,2024-07-26,take_profit,1,1604.1063828394383,1652.0643513671891,47.957968527750836,0.029897000000000062,1
HD,2024-07-25,2024-07-26,take_profit,1,1604.2590416570908,1652.221574225513,47.96253256842215,0.029897000000000062,1
TGT,2024-07-25,2024-07-26,dynamic,1,1604.1301292839985,1630.4508645407927,26.32073525679425,0.016408104789193523,2
DIS,2024-07-01,2024-07-29,time_stop,3,6439.721856926583,6322.349962565678,-117.37189436090557,-0.018226236624592773,20
AMZN,2024-07-12,2024-07-31,dynamic,3,6453.807611857221,6527.939194252032,74.13158239481163,0.011486487799638345,14
AAPL,2024-07-19,2024-07-31,dynamic,2,3215.1365719027754,3241.793460566954,26.656888664178496,0.00829105951427822,9
ADBE,2024-07-22,2024-07-31,dynamic,2,3212.6241747123795,3238.1365112625235,25.512336550144028,0.007941276402935626,8
META,2024-07-26,2024-07-31,dynamic,1,1595.1222733374009,1631.504363161803,36.3820898244021,0.022808339167806668,4
COST,2024-07-26,2024-07-31,dynamic,1,1594.563970086731,1602.2011127786693,7.637142691938379,0.004789486552567057,4
HON,2024-07-26,2024-07-31,dynamic,1,1594.556765842627,1607.9044918313707,13.347725988743605,0.008370806405057829,4
NVDA,2024-07-31,2024-07-31,dynamic,1,1599.5017423891834,1657.705726527837,58.203984138653595,0.036388821966341967,1
AVGO,2024-07-31,2024-07-31,dynamic,1,1597.5506144858555,1694.518804332962,96.96818984710649,0.060698039215686395,1
QCOM,2024-07-31,2024-07-31,dynamic,1,1596.2904911461524,1644.947485456538,48.6569943103857,0.030481290579792653,1
LLY,2024-07-18,2024-08-01,dynamic,4,11286.673752414714,11339.740096426602,53.06634401188785,0.004701681396658941,11
PG,2024-08-01,2024-08-01,dynamic,1,1618.2345754094047,1666.4499892522647,48.215413842860016,0.02979507086026878,1
BRK-B,2024-08-05,2024-08-06,take_profit,1,1603.537146745996,1651.4780968222613,47.94095007626515,0.029897000000000062,1
CAT,2024-08-05,2024-08-06,take_profit,1,1604.40335799934,1652.3702051934463,47.96684719410632,0.029897000000000062,1
GE,2024-08-05,2024-08-06,take_profit,1,1605.3254304166064,1683.4810290308822,78.15559861427573,0.048685205587251756,1
JPM,2024-08-05,2024-08-06,take_profit,1,1606.5531508076606,1654.5842703573571,48.03111954969654,0.02989699999999984,1
TXN,2024-08-05,2024-08-06,take_profit,1,1607.1828478218622,1655.232793423192,48.04994560132991,0.02989699999999984,1
MSFT,2024-08-05,2024-08-06,take_profit,1,1608.3830387654612,1656.4688664754322,48.085827709971,0.029897000000000062,1
GS,2024-08-05,2024-08-06,take_profit,1,1609.5783274644702,1657.6998907206755,48.12156325620526,0.029897000000000062,1
NFLX,2024-07-30,2024-08-07,take_profit,2,3206.7842635692327,3302.657492697162,95.87322912792933,0.029897000000000062,6
AXP,2024-08-05,2024-08-07,take_profit,1,1610.81926461672,1663.1054884979449,52.28622388122494,0.03245939816448984,2
AAPL,2024-08-07,2024-08-08,take_profit,1,1605.3411943045116,1653.3593547222943,48.01816041778261,0.029911498308361706,1
BAC,2024-07-26,2024-08-08,dynamic,4,11161.511451237311,11324.091007073946,162.57955583663534,0.014566087805125472,10
WFC,2024-08-02,2024-08-08,dynamic,3,6441.074180394363,6489.8591922408,48.785011846437556,0.007574049060781185,5
MS,2024-08-05,2024-08-08,dynamic,1,1607.5526111808679,1641.74302564151,34.19041446064216,0.021268613059902686,4
GILD,2024-08-07,2024-08-08,dynamic,1,1605.9543384787612,1629.069239521742,23.11490104298082,0.014393249228291438,2
RTX,2024-08-07,2024-08-08,dynamic,1,1605.848472550546,1616.9262981159122,11.077825565366311,0.006898425196850244,2
XOM,2024-08-07,2024-08-08,dynamic,1,1605.6127114803319,1639.3828842629769,33.77017278264498,0.021032576873105224,2
ORCL,2024-08-08,2024-08-08,dynamic,1,1606.8174378323936,1618.706681759275,11.889243926881363,0.007399249999999968,1
AMGN,2024-08-08,2024-08-09,take_profit,1,1606.2553908465968,1655.9655422557548,49.710151409158016,0.03094785031847125,1
DHR,2024-08-08,2024-08-09,dynamic,1,1606.419599877395,1624.5580339025846,18.138434025189554,0.011291218076879828,2
WMT,2024-07-29,2024-08-12,dynamic,2,3200.6831968116376,3213.2493436657346,12.566146854097042,0.003926082677165654,11
UNH,2024-08-12,2024-08-12,dynamic,1,1626.7834380041363,1635.2120664895276,8.4286284853913,0.005181161971830939,1
AMD,2024-07-18,2024-08-14,time_stop,4,11277.726002095997,10634.012160364344,-643.7138417316528,-0.05707833667993145,20
GOOGL,2024-07-18,2024-08-14,time_stop,4,11273.58889554111,10975.395236960056,-298.1936585810545,-0.026450641525432528,20
ABT,2024-08-13,2024-08-14,dynamic,1,1628.7662394792246,1660.1783260126751,31.41208653345052,0.019285816326530814,2
PFE,2024-08-07,2024-08-21,dynamic,2,3211.734275809547,3211.9324416028767,0.1981657933297356,6.170055686816056e-05,11
DUK,2024-08-19,2024-08-21,dynamic,1,1631.4933153599613,1637.8682723226254,6.3749569626641005,0.003907436765229866,3
XOM,2024-08-21,2024-08-23,dynamic,1,1632.5085400810124,1650.9382144412236,18.429674360211266,0.011289174854360429,3
LMT,2024-08-22,2024-08-26,dynamic,1,1632.5438904154685,1643.9273033425043,11.383412927035806,0.006972806669313325,3
META,2024-08-28,2024-08-30,dynamic,1,1633.235622072035,1644.5393730355113,11.303750963476205,0.006921077896363537,3
AMZN,2024-08-28,2024-08-30,dynamic,1,1633.30060914606,1678.3637763642032,45.063167218143235,0.027590246991767042,3
MSFT,2024-08-29,2024-08-30,dynamic,1,1632.800826797942,1641.2937442444797,8.492917446537831,0.005201441172217658,2
ABBV,2024-08-30,2024-08-30,dynamic,1,1632.687347149387,1641.3869492116994,8.699602062312351,0.005328394366197253,1
PEP,2024-08-29,2024-09-03,dynamic,1,1632.7807237490863,1668.1336401095957,35.352916360509425,0.021651968232044183,3
GS,2024-09-04,2024-09-09,dynamic,1,1629.9523037125634,1636.0512891825451,6.098985469981699,0.0037418183686050988,4
GE,2024-09-04,2024-09-09,dynamic,1,1629.9880372436567,1648.266483829008,18.278446585351276,0.011213853211009095,4
SBUX,2024-09-05,2024-09-09,dynamic,1,1629.9961725437972,1630.5404890480254,0.5443165042281635,0.0003339372897905868,3
ABBV,2024-09-06,2024-09-09,dynamic,1,1630.2430083668671,1654.9351861800262,24.692177813159105,0.015146317258489583,2
HD,2024-09-06,2024-09-09,dynamic,1,1630.1271194343929,1641.64135426317,11.514234828777035,0.007063396891876739,2
NVDA,2024-08-30,2024-09-10,dynamic,4,11428.41451569535,11453.404471376029,24.989955680679486,0.002186651144509888,7
AMGN,2024-09-06,2024-09-10,dynamic,1,1630.163462038244,1651.2351296627128,21.071667624468773,0.01292610717585485,3
BLK,2024-09-06,2024-09-10,dynamic,1,1630.1117448657003,1640.510157034534,10.398412168833602,0.00637895665839161,3
BMY,2024-09-10,2024-09-10,dynamic,1,1629.0650445390272,1655.0989146875006,26.033870148473397,0.01598086597938142,1
AAPL,2024-09-05,2024-09-11,dynamic,1,1630.0361707611485,1637.4847575693136,7.448586808165146,0.004569583756345086,5
LLY,2024-09-06,2024-09-11,dynamic,1,1630.1354121313434,1635.5313830823584,5.395970951014988,0.0033101366370293928,4
CSCO,2024-09-06,2024-09-11,dynamic,1,1629.9994846711843,1637.840592689434,7.84110801824977,0.0048104972375691,4
LIN,2024-09-06,2024-09-11,dynamic,1,1630.052582487219,1632.5572117259965,2.5046292387773974,0.0015365327877678858,4
GOOGL,2024-08-30,2024-09-12,dynamic,3,6528.922905862617,6544.810238265989,15.887332403372056,0.002433377240387724,9
TGT,2024-08-30,2024-09-13,dynamic,2,3265.3522359630883,3282.5167833968476,17.164547433759253,0.005256568416943441,10
XOM,2024-09-05,2024-09-17,dynamic,2,3260.4265001879153,3302.2789102724028,41.852410084487474,0.012836483227600892,9
AAPL,2024-09-17,2024-09-18,take_profit,1,1637.4692448208118,1686.4246628332196,48.95541801240779,0.029897000000000062,1
BRK-B,2024-09-11,2024-09-19,dynamic,1,1631.033449594338,1638.3187073867002,7.285257792362245,0.004466651370132357,7
MDT,2024-09-18,2024-09-19,dynamic,1,1638.4799866860765,1665.1158119773077,26.635825291231185,0.016256423946382048,2
RTX,2024-09-19,2024-09-19,dynamic,1,1639.1171036526327,1640.6100949164297,1.4929912637969665,0.000910850884582981,1
DUK,2024-09-20,2024-09-20,dynamic,1,1639.5270370627013,1649.4266135816727,9.899576518971344,0.006038068476569292,1
KO,2024-09-20,2024-09-20,dynamic,1,1639.4140096337308,1667.8863071750525,28.472297541321723,0.017367362590541058,1
NEE,2024-09-20,2024-09-23,take_profit,1,1639.5175363326618,1688.5341921163995,49.01665578373763,0.029897000000000062,1
UNP,2024-09-23,2024-09-24,dynamic,1,1639.751429406698,1665.4767334999594,25.725304093261457,0.015688538904076177,2
UNH,2024-09-24,2024-09-25,dynamic,1,1640.4436740695305,1656.055417458447,15.611743388916466,0.00951678112189458,2
SBUX,2024-09-25,2024-09-26,take_profit,1,1640.5947985501905,1714.2205367963934,73.6257382462029,0.044877466581795034,1
TMO,2024-09-26,2024-09-26,dynamic,1,1639.9215720957902,1679.8184828360481,39.89691074025791,0.02432854803493467,1
AMGN,2024-09-26,2024-09-27,take_profit,1,1639.9338152951877,1688.962916571068,49.02910127588029,0.029897000000000062,1
ABBV,2024-09-26,2024-09-27,take_profit,1,1639.7246197284526,1688.7474666844741,49.02284695602157,0.029897000000000062,1
BRK-B,2024-09-26,2024-09-27,dynamic,1,1639.9569223005387,1656.9246590438288,16.96773674329006,0.010346452710164877,2
GILD,2024-09-26,2024-09-27,dynamic,1,1639.8670504150966,1671.4895532406451,31.62250282554851,0.019283577176298472,2
XOM,2024-09-27,2024-09-27,dynamic,1,1642.691712723534,1672.2708202551241,29.579107531590125,0.018006487341772015,1
ABT,2024-09-23,2024-09-30,dynamic,1,1639.7407093636662,1642.7466701003966,3.005960736730458,0.0018331927234378487,6
LLY,2024-09-30,2024-10-01,take_profit,1,1644.52870175807,1693.695176354531,49.16647459646106,0.029897000000000062,1
AVGO,2024-10-02,2024-10-03,take_profit,1,1645.3574040600754,1694.5486543692593,49.19125030918394,0.02989699999999984,1
NVDA,2024-10-02,2024-10-03,take_profit,1,1645.3431519064827,1708.4764551626506,63.13330325616789,0.03837090346959804,1
COST,2024-10-02,2024-10-04,dynamic,1,1645.4593792067328,1661.2088494918203,15.749470285087455,0.009571473160692845,3
JPM,2024-10-02,2024-10-04,dynamic,1,1645.372125937107,1678.0990288313294,32.72690289422235,0.01989027429012946,3
HON,2024-10-03,2024-10-08,take_profit,1,1645.8937238192302,1696.0356249358958,50.14190111666562,0.030464847390215155,3
SBUX,2024-10-04,2024-10-08,dynamic,1,1644.6284300751076,1645.1479493334755,0.5195192583678363,0.00031588853072683776,3
PFE,2024-09-24,2024-10-09,take_profit,1,1640.3914455932882,1689.4342286421906,49.04278304890249,0.029897000000000062,11
PEP,2024-09-19,2024-10-09,dynamic,2,3277.9558736215845,3284.800317759271,6.844444137686423,0.002088022048364113,15
TXN,2024-10-02,2024-10-09,dynamic,1,1645.5339493319366,1662.0736537637752,16.539704431838572,0.010051269035532995,6
CMCSA,2024-10-04,2024-10-09,dynamic,1,1643.8640677282215,1664.20070137336,20.33663364513859,0.012371238014371455,4
TMO,2024-10-09,2024-10-09,dynamic,1,1645.7849804473115,1659.857645668476,14.07266522116447,0.008550731346047113,1
ABBV,2024-10-09,2024-10-09,dynamic,1,1645.8381921625407,1661.887141430451,16.048949267910302,0.009751231527093784,1
AMZN,2024-09-30,2024-10-11,dynamic,1,1644.4166444802852,1659.3561933331641,14.939548852878943,0.009085014374565992,10
DHR,2024-10-07,2024-10-11,dynamic,1,1646.4937510353307,1657.549892185509,11.056141150178291,0.0067149608938545935,5
LMT,2024-10-11,2024-10-11,dynamic,1,1648.2150785611143,1657.9015681572262,9.686489596111869,0.005876957274634442,1
SBUX,2024-10-11,2024-10-11,dynamic,1,1648.0854045852755,1672.6026444878082,24.517239902532765,0.01487619502868065,1
SO,2024-10-11,2024-10-11,dynamic,1,1647.9193382157384,1654.263000081699,6.343661865960485,0.0038494977993455137,1
PG,2024-10-03,2024-10-14,dynamic,1,1645.7671715465735,1656.5495923091735,10.78242076259994,0.006551607632607759,8
MSFT,2024-10-03,2024-10-14,dynamic,1,1646.059501945745,1651.8458604687762,5.78635852303114,0.0035152790747789986,8
T,2024-10-11,2024-10-15,dynamic,1,1648.014656133843,1664.0962616860852,16.08160555224231,0.009758169014084439,3
JNJ,2024-09-23,2024-10-17,dynamic,1,1639.7790766033017,1640.3132316452077,0.5341550419059331,0.0003257481751823832,19
NFLX,2024-10-16,2024-10-18,take_profit,1,1649.1785832135392,1729.210355135014,80.03177192147473,0.04852826294016466,2
UNH,2024-10-16,2024-10-21,take_profit,1,1649.265785860955,1698.57388506084,49.308099199884964,0.029897000000000062,3
TXN,2024-10-22,2024-10-23,take_profit,1,1650.1645131636317,1713.3200703426676,63.155557179035895,0.038272279324415015,1
BMY,2024-10-22,2024-10-23,dynamic,1,1650.4381875487327,1682.9423987375098,32.50421118877716,0.01969429175475712,2
TSLA,2024-10-04,2024-10-24,take_profit,4,11511.286406053821,12608.960475875769,1097.6740698219473,0.09535633387113696,14
ABBV,2024-10-18,2024-10-24,dynamic,1,1649.915192236928,1655.6867522152336,5.771559978305504,0.003498094935704188,5
AMGN,2024-10-22,2024-10-25,dynamic,1,1650.966854128758,1659.9135296104287,8.946675481670582,0.005419052150742232,4
CRM,2024-10-24,2024-10-25,dynamic,1,1647.2998121768455,1669.5521216308698,22.25230945402427,0.01350835427135677,2
DE,2024-10-04,2024-10-28,dynamic,1,1643.8133591259837,1645.0452815333394,1.2319224073557962,0.0007494296116505872,17
PG,2024-10-22,2024-10-28,dynamic,1,1649.9047645011972,1656.88404664169,6.979282140492842,0.0042301121195942315,5
HD,2024-10-22,2024-10-28,dynamic,1,1650.4785351002386,1668.4938541451304,18.01531904489184,0.010915209535759196,5
AXP,2024-10-28,2024-10-28,dynamic,1,1667.8356921047618,1681.48149829203,13.645806187268136,0.008181744911603062,1
AVGO,2024-10-25,2024-10-29,take_profit,1,1668.9984172462496,1718.896462926661,49.898045680411315,0.029897000000000062,2
META,2024-10-17,2024-10-29,dynamic,1,1651.764373826563,1679.7709218230723,28.006547996509198,0.016955534603054767,9
LLY,2024-10-22,2024-10-29,dynamic,1,1650.0447000036845,1653.3654535063372,3.3207535026526784,0.0020125233593037972,6
KO,2024-10-03,2024-10-30,time_stop,2,3291.687865022131,3150.3446062337807,-141.34325878835034,-0.0429394476585343,20
SO,2024-10-30,2024-10-31,dynamic,1,1666.601421819825,1679.3485703035076,12.747148483682622,0.007648588508801124,2
ABT,2024-10-29,2024-11-01,take_profit,1,1668.2600273141356,1750.0802598303897,81.82023251625401,0.04904525144559324,3
VZ,2024-10-07,2024-11-01,time_stop,2,3292.8803878390254,3169.749122249986,-123.13126558903923,-0.03739317894563576,20
UNH,2024-10-25,2024-11-01,dynamic,1,1669.2375261461189,1673.1978788583745,3.960352712255599,0.002372551928783384,6
CSCO,2024-10-29,2024-11-01,dynamic,1,1668.2421782180436,1671.9917310278547,3.749552809811121,0.002247607007404895,4
HON,2024-10-29,2024-11-01,dynamic,1,1668.1990017182295,1701.87607002117,33.6770683029406,0.02018768040758534,4
XOM,2024-10-29,2024-11-04,dynamic,1,1668.1950027385917,1668.450183959326,0.25518122073435734,0.000152968460111369,5
LOW,2024-10-30,2024-11-04,dynamic,1,1666.45777832335,1681.8414059418405,15.383627618490436,0.009231333561878774,4
PG,2024-11-04,2024-11-05,dynamic,1,1665.8162089789807,1666.05166685298,0.23545787399916662,0.00014134685010858128,2
NEE,2024-11-04,2024-11-05,dynamic,1,1665.7177281434106,1693.543612780186,27.825884636775527,0.01670504201680667,2
TSLA,2024-11-05,2024-11-05,dynamic,1,1666.2585062814458,1693.709640234191,27.451133952745295,0.016474714967251725,1
META,2024-11-05,2024-11-05,dynamic,1,1665.8012787899668,1680.68194455388,14.880665763913157,0.008933037783908082,1
GE,2024-10-23,2024-11-06,take_profit,2,3299.17871075084,3401.306777438809,102.1280666879693,0.030955603088481,10
DE,2024-11-04,2024-11-06,take_profit,1,1665.7202267237508,1716.299757761248,50.57953103749719,0.03036496179012027,2
C,2024-11-05,2024-11-06,take_profit,1,1665.5069811402518,1808.083895908607,142.5769147683552,0.08560571428571451,1
WFC,2024-11-05,2024-11-06,take_profit,1,1665.2467258469844,1907.0371679075545,241.79044206057006,0.1451979687499998,1
AAPL,2024-11-01,2024-11-07,take_profit,1,1666.3225284731966,1716.1405731069597,49.818044633763066,0.02989699999999984,4
LLY,2024-10-31,2024-11-08,take_profit,3,6665.149674954546,6864.417654786662,199.267979832116,0.029897000000000062,6
NEE,2024-11-07,2024-11-08,take_profit,1,1675.7921479373545,1725.8933057842376,50.1011578468831,0.029897000000000062,1
RTX,2024-10-30,2024-11-08,dynamic,1,1666.4971733585694,1682.8113143360667,16.314140977497345,0.00978948013732217,8
LMT,2024-10-23,2024-11-11,dynamic,2,3299.2434646610573,3333.556651109824,34.31318644876683,0.010400319593356189,14
SO,2024-11-15,2024-11-15,dynamic,1,1678.5053092358435,1702.7369648543165,24.23165561847304,0.01443644859813098,1
MDT,2024-11-15,2024-11-18,take_profit,1,1678.534746407616,1728.7178997209644,50.183153313348384,0.02989699999999984,1
TXN,2024-11-14,2024-11-18,dynamic,1,1681.9166044386043,1697.3967757557327,15.480171317128452,0.00920388756272228,3
ABT,2024-11-15,2024-11-18,dynamic,1,1678.2896170745596,1714.497893731386,36.208276656826456,0.021574510316009432,2
GOOGL,2024-11-18,2024-11-19,take_profit,1,1671.0693281531167,1721.0292878569105,49.95995970379386,0.029897000000000062,1
PFE,2024-10-23,2024-11-19,time_stop,4,11547.322798056513,10990.414806088304,-556.9079919682099,-0.0482283211188953,20
IBM,2024-11-15,2024-11-19,dynamic,1,1678.3221644532357,1700.7227819954937,22.400617542258033,0.01334703075291599,3
NVDA,2024-11-19,2024-11-19,dynamic,1,1674.4792622230837,1741.7250199531672,67.2457577300836,0.040159206057175156,1
UNH,2024-11-19,2024-11-20,take_profit,1,1674.1831200530057,1724.2361727932307,50.053052740224985,0.029897000000000062,1
PEP,2024-10-24,2024-11-20,time_stop,3,6589.19198504918,6374.222121746915,-214.96986330226537,-0.03262461676485218,20
META,2024-11-18,2024-11-20,dynamic,1,1670.9341470769991,1696.201680646092,25.267533569092848,0.015121800947867303,3
CMCSA,2024-11-18,2024-11-20,dynamic,1,1670.7984554895618,1676.089682074078,5.291226584516153,0.003166885010655429,3
CRM,2024-11-19,2024-11-20,dynamic,1,1673.9298187889062,1708.916683653131,34.9868648642248,0.020901034482758707,2
CSCO,2024-11-20,2024-11-20,dynamic,1,1675.382303144697,1694.6665901227482,19.284286978051114,0.011510380014074562,1
DUK,2024-10-28,2024-11-21,dynamic,2,3335.6763877241056,3336.564062266279,0.8876745421734995,0.000266115305861403,19
JNJ,2024-11-07,2024-11-21,dynamic,2,3351.7765086350823,3357.142679665217,5.366171030134865,0.001600993090174807,11
LMT,2024-11-15,2024-11-21,dynamic,1,1678.239715769354,1690.9880567299035,12.748340960549513,0.007596257459981048,5
GILD,2024-11-18,2024-11-21,dynamic,1,1670.9323998150237,1696.757299521138,25.824899706114365,0.015455382700684472,4
CAT,2024-11-18,2024-11-21,dynamic,1,1670.8134957796399,1686.1842917041654,15.37079592452551,0.009199588082901666,4
HON,2024-11-21,2024-11-22,dynamic,1,1678.7676811075874,1686.7719312002816,8.004250092694292,0.004767931967461614,2
MA,2024-11-21,2024-11-22,dynamic,1,1678.618270693479,1703.4033083844633,24.78503769098438,0.014765142333846404,2
LOW,2024-11-20,2024-11-25,take_profit,1,1675.3886929466557,1737.5008761186482,62.112183171992456,0.037073297338989564,3
MCD,2024-11-20,2024-11-25,dynamic,1,1675.381694011093,1707.3211782353271,31.939484224234093,0.019064004542013624,4
AMZN,2024-11-25,2024-11-25,dynamic,1,1682.9863041204508,1701.1425492069864,18.15624508653559,0.010788112203933942,1
GOOGL,2024-11-22,2024-11-26,dynamic,1,1682.2629623501014,1715.259944295628,32.99698194552661,0.019614639734700123,3
NVDA,2024-11-26,2024-11-29,take_profit,2,3370.1855334652646,3470.943970359276,100.75843689401154,0.029897000000000062,2
LMT,2024-11-26,2024-11-29,dynamic,1,1684.973638960104,1717.3081692224505,32.33453026234656,0.01918993242072453,3
AVGO,2024-11-14,2024-12-02,dynamic,3,6727.877555603061,6754.689592387693,26.812036784631346,0.00398521473719482,12
T,2024-12-03,2024-12-03,dynamic,1,1688.1479634035923,1711.773814093813,23.62585069022066,0.013995130286202473,1
BAC,2024-12-04,2024-12-05,dynamic,1,1688.1730232364343,1699.2117729471665,11.03874971073219,0.006538873420432578,2
WFC,2024-12-04,2024-12-06,dynamic,1,1688.1956898364413,1694.4096862522638,6.213996415822521,0.0036808507765024867,3
MA,2024-12-05,2024-12-06,dynamic,1,1686.3935320930009,1698.9856872959813,12.592155202980393,0.007466913839115685,2
NEE,2024-12-05,2024-12-23,dynamic,3,6745.366052908626,6819.708294312874,74.34224140424794,0.011021231586414881,13
TXN,2024-12-09,2024-12-23,dynamic,2,3372.095427644806,3408.12625543602,36.03082779121405,0.01068499648492427,11
UNH,2024-12-09,2024-12-23,dynamic,4,11803.30274048099,11852.570467710939,49.26772722994792,0.004174062829124692,11
ABT,2024-12-04,2024-12-24,dynamic,2,3376.628354220743,3380.3543976699984,3.726043449255485,0.001103480471754681,15
MSFT,2024-12-24,2024-12-24,dynamic,1,1664.860068626881,1682.6178112330674,17.75774260618641,0.01066620729322465,1
COST,2024-12-24,2024-12-24,dynamic,1,1664.8920444544995,1678.873463707067,13.981419252567548,0.008397793297852285,1
WMT,2024-12-24,2024-12-24,dynamic,1,1664.8677452505667,1707.2536531543606,42.38590790379385,0.02545902401239375,1
XOM,2024-11-27,2024-12-26,time_stop,3,6740.392206947189,6405.2303801008875,-335.16182684630166,-0.04972438050427641,20
MS,2024-12-05,2024-12-26,dynamic,2,3372.448326681671,3391.8942978937007,19.44597121202969,0.005766128737445753,15
JPM,2024-12-03,2024-12-31,time_stop,2,3374.7548712645967,3326.484686845286,-48.27018441931068,-0.014303315725335275,20
PG,2024-12-04,2025-01-02,time_stop,2,3376.2221216001403,3284.1639575334,-92.05816406674012,-0.027266619538382053,20
SO,2024-12-04,2025-01-02,time_stop,2,3376.5805191994377,3282.5916620982894,-93.98885710114837,-0.02783551482534541,20
DUK,2024-12-04,2025-01-02,time_stop,2,3376.311627144842,3275.2824842244854,-101.02914292035666,-0.02992293190832962,20
BRK-B,2024-12-04,2025-01-02,time_stop,2,3376.4478698239977,3300.201076368798,-76.24679345519962,-0.022581954881232602,20
T,2024-12-31,2025-01-02,dynamic,1,1668.350337997959,1683.6706177131632,15.320279715204151,0.009182891246684255,2
VZ,2024-12-05,2025-01-03,time_stop,2,3372.744850355999,3254.3258008646803,-118.41904949131867,-0.03511058640525966,20
CVX,2024-12-05,2025-01-03,time_stop,3,6745.313281369541,6597.643184076001,-147.6700972935405,-0.02189225186936883,20
MDT,2024-12-05,2025-01-03,time_stop,2,3372.34351368473,3294.911391768591,-77.4321219161393,-0.022960923643135733,20
ABT,2024-12-31,2025-01-03,dynamic,1,1668.4103923606747,1679.6051958864264,11.194803525751695,0.006709862020166435,3
GOOGL,2025-01-02,2025-01-03,dynamic,1,1671.3728533181538,1681.1987635873847,9.825910269230917,0.00587894571203762,2
TSLA,2025-01-03,2025-01-03,dynamic,1,1672.6413552260583,1799.439724093529,126.7983688674708,0.07580726643598612,1
WMT,2025-01-03,2025-01-03,dynamic,1,1672.3908141327918,1683.909663263052,11.51884913026015,0.006887653910149671,1
SBUX,2024-12-06,2025-01-06,time_stop,3,6750.997952375699,6697.048633310866,-53.94931906483362,-0.007991310239673366,20
BMY,2024-12-31,2025-01-06,dynamic,1,1668.5119662871812,1686.495472147896,17.983505860714786,0.010778170144462473,4
BA,2025-01-03,2025-01-07,dynamic,1,1672.527062817511,1683.1901449375036,10.663082119992623,0.006375431738622872,3
COST,2024-12-31,2025-01-08,dynamic,1,1668.5049998703118,1675.0573805895722,6.552380719260327,0.003927096844042799,6
CSCO,2025-01-06,2025-01-08,dynamic,1,1676.6814318411784,1684.7668445242111,8.0854126830327,0.004822271261246014,3
RTX,2025-01-07,2025-01-08,dynamic,1,1676.850832874574,1703.4277869585096,26.57695408393556,0.015849325153374227,2
HD,2025-01-08,2025-01-10,dynamic,1,1675.3042829816293,1705.2717191984812,29.967436216851866,0.017887757180156783,2
DE,2024-12-31,2025-01-13,take_profit,2,3336.9269566399644,3436.69106186263,99.76410522266542,0.029897000000000062,7
HON,2025-01-07,2025-01-13,take_profit,1,1676.848317598325,1726.981051749562,50.13273415123717,0.029897000000000062,3
GILD,2025-01-07,2025-01-14,dynamic,1,1676.7592620608157,1678.620688065238,1.8614260044223556,0.001110133127957047,5
WFC,2025-01-13,2025-01-14,dynamic,1,1669.2271286550992,1699.8626045926696,30.63547593757039,0.01835309012875519,2
BLK,2025-01-08,2025-01-15,take_profit,1,1675.3824733255208,1742.771091104917,67.38861777939633,0.040222826042601856,4
V,2025-01-13,2025-01-15,take_profit,1,1669.2461170091958,1719.15156816942,49.905451160224175,0.029897000000000062,2
ORCL,2025-01-03,2025-01-15,dynamic,3,6689.976616421076,6703.655777519005,13.679161097928954,0.0020447247998374163,8
MA,2025-01-06,2025-01-15,dynamic,2,3353.3302389530713,3431.9157679622126,78.58552900914128,0.02343507003762202,7
SCHW,2025-01-08,2025-01-15,dynamic,1,1675.4623369642218,1697.1835275094281,21.721190545206355,0.012964296520423746,5
NVDA,2025-01-14,2025-01-15,dynamic,2,3346.039523362118,3420.1768762708325,74.13735290871455,0.022156747519294306,2
GOOGL,2025-01-15,2025-01-15,dynamic,1,1675.200392950188,1696.3730814528208,21.17268850263281,0.012638898959034695,1
AMZN,2025-01-15,2025-01-15,dynamic,1,1674.7515128586083,1678.4918764166873,3.740363558079025,0.0022333841942288046,1
BMY,2025-01-14,2025-01-16,dynamic,1,1673.085577250186,1699.4438196194767,26.358242369290792,0.015754270270270432,3
T,2025-01-08,2025-01-17,dynamic,1,1675.3853581929095,1687.3296520631063,11.944293870196816,0.007129281518301056,7
NFLX,2025-01-06,2025-01-21,take_profit,2,3353.7716795466135,3454.039391450019,100.2677119034056,0.029897000000000062,9
DIS,2025-01-13,2025-01-21,dynamic,1,1669.0626177371057,1680.8020368513721,11.739419114266411,0.0070335402575743,6
CRM,2024-12-31,2025-01-22,dynamic,2,3337.1078331933604,3369.605773145174,32.497939951813805,0.00973835475994056,14
MCD,2025-01-10,2025-01-27,dynamic,1,1676.396002046092,1708.820072171357,32.42407012526496,0.019341533913043385,11
AAPL,2025-01-03,2025-01-28,take_profit,3,6690.373392672261,6890.395485992984,200.0220933207229,0.029897000000000062,15
AVGO,2025-01-28,2025-01-29,take_profit,2,3378.6632663843648,3479.675162059458,101.01189567509346,0.029897000000000062,1
ORCL,2025-01-28,2025-01-30,take_profit,1,1690.0435117785655,1740.5707426502092,50.527230871643724,0.029897000000000062,2
CSCO,2025-01-28,2025-01-30,take_profit,1,1689.3084067758343,1739.8136602132113,50.50525343737695,0.02989699999999984,2
TSLA,2025-01-28,2025-01-30,take_profit,1,1688.612792045809,1747.446519060507,58.83372701469784,0.034841455241742425,2
C,2025-01-29,2025-01-30,take_profit,1,1694.7922037320093,1745.4614062469852,50.66920251497595,0.029897000000000062,1
BAC,2025-02-03,2025-02-04,take_profit,1,1697.7514837807496,1748.5091598913427,50.75767611059314,0.029897000000000062,1
C,2025-02-05,2025-02-06,take_profit,1,1698.7331778932826,1749.520203712758,50.7870258194755,0.029897000000000062,1
AAPL,2025-02-04,2025-02-06,dynamic,1,1697.4648645273276,1741.8841251022786,44.41926057495107,0.02616799999999997,3
DE,2025-02-04,2025-02-10,dynamic,1,1697.5474716829704,1702.122131575497,4.574659892526597,0.0026948641901549664,5
UNP,2025-02-04,2025-02-10,dynamic,1,1697.4569094794538,1708.7567379308819,11.299828451428084,0.00665691623058251,5
LOW,2025-02-10,2025-02-10,dynamic,1,1698.739970634284,1706.021132624349,7.281161990065129,0.004286213379288695,1
IBM,2025-02-11,2025-02-11,dynamic,1,1698.1329161171698,1722.3066598553153,24.173743738145504,0.014235483870967736,1
TSLA,2025-02-10,2025-02-13,dynamic,2,3396.711214390335,3464.5012696422887,67.79005525195362,0.019957556287022005,4
AXP,2025-02-11,2025-02-14,dynamic,1,1697.944730731625,1711.5869321422877,13.642201410662665,0.008034537970375677,4
RTX,2025-02-18,2025-02-19,dynamic,1,1697.938547950423,1713.757078647237,15.818530696813923,0.009316315196394198,2
BLK,2025-02-07,2025-02-20,dynamic,2,3399.338705776084,3403.1502546535194,3.8115488774351434,0.0011212618710099154,9
BMY,2025-02-11,2025-02-20,dynamic,1,1698.0756934183967,1709.8586529155014,11.782959497104684,0.006939007220216675,7
DUK,2025-02-18,2025-02-20,dynamic,1,1697.9182528782121,1723.024357423757,25.106104545544895,0.014786403587443875,3
MDT,2025-02-19,2025-02-21,take_profit,1,1697.9042908581027,1748.6665354418874,50.76224458378465,0.029897000000000062,2
WMT,2025-02-21,2025-02-25,take_profit,2,3400.2166570996114,3501.872934496919,101.65627739730735,0.029897000000000062,2
HD,2025-02-20,2025-02-25,dynamic,1,1699.9257258119167,1701.0100059178073,1.0842801058906844,0.0006378396946564724,4
MA,2025-02-24,2025-02-25,dynamic,1,1692.0651942606423,1708.8625144882585,16.797320227616183,0.00992711172394034,2
V,2025-02-24,2025-02-25,dynamic,1,1692.0208416119121,1708.0301178802479,16.009276268335725,0.009461630657624953,2
AMZN,2025-02-21,2025-02-27,take_profit,3,6800.208187126646,7007.763942591287,207.55575546464024,0.03052197076224239,4
NVDA,2025-02-26,2025-02-27,take_profit,1,1687.8868395444474,1752.8325334936071,64.9456939491597,0.03847751663653476,1
BAC,2025-02-21,2025-02-28,take_profit,2,3400.0528391756347,3501.7042189084686,101.6513797328339,0.029897000000000062,5
CAT,2025-01-31,2025-02-28,time_stop,3,6792.641132017249,6522.542707941514,-270.09842407573524,-0.03976338788201561,20
DIS,2025-02-06,2025-02-28,dynamic,1,1698.2553781473982,1727.226813433774,28.97143528637571,0.017059528065784813,16
JPM,2025-02-21,2025-02-28,dynamic,2,3400.3468779369214,3423.36721251896,23.020334582038686,0.006769995947003338,6
SCHW,2025-02-26,2025-02-28,dynamic,1,1687.230825349299,1690.0371456515397,2.8063203022406924,0.0016632699332408407,3
BLK,2025-02-28,2025-02-28,dynamic,1,1679.8539542133692,1741.3042543213523,61.45030010798314,0.03658073962552222,1
TSLA,2025-02-26,2025-03-03,take_profit,3,6748.41587103009,7032.3852703756165,283.96939934552665,0.042079416084086274,3
IBM,2025-02-26,2025-03-04,dynamic,2,3375.8474108139308,3380.547697108308,4.7002862943772925,0.001392327828361184,5
DE,2025-03-04,2025-03-05,take_profit,1,1681.8800894387005,1732.1632584726494,50.28316903394898,0.029897000000000062,1
NFLX,2025-02-24,2025-03-05,dynamic,2,3384.3797246394506,3396.006849318338,11.627124678887412,0.0034355260416667477,8
UNP,2025-03-05,2025-03-06,dynamic,1,1677.036022533722,1700.7918806729026,23.755858139180646,0.014165383342982452,2
AAPL,2025-02-28,2025-03-07,dynamic,1,1679.8192549041073,1694.6791721080313,14.859917203923942,0.00884614053597832,6
GOOGL,2025-02-10,2025-03-10,time_stop,3,6794.526055107043,6339.094093564162,-455.43196154288125,-0.06702924646238717,20
SCHW,2025-03-05,2025-03-12,dynamic,2,3354.0045984263234,3382.5204854955787,28.515887069255314,0.008502041733226884,6
WFC,2025-03-05,2025-03-14,dynamic,3,6708.039318600016,6840.989594826748,132.95027622673206,0.01981954337358882,8
MS,2025-03-05,2025-03-17,take_profit,3,6707.796395749215,6908.339384592929,200.54298884371383,0.02989699999999984,8
C,2025-03-05,2025-03-17,dynamic,3,6708.15295348244,6809.980155015832,101.82720153339142,0.015179618330039668,9
V,2025-03-07,2025-03-17,dynamic,2,3336.9498678102254,3343.1080343576104,6.158166547385008,0.0018454477266169889,7
COST,2025-03-11,2025-03-17,dynamic,2,3264.623859411896,3280.797847684167,16.173988272271345,0.004954319078947389,5
KO,2025-03-17,2025-03-17,dynamic,1,1676.7012843068837,1697.8413781945862,21.140093887702506,0.012608145580589536,1
AVGO,2025-02-19,2025-03-18,time_stop,4,11884.815824075726,10773.38332379297,-1111.4325002827554,-0.09351701504967924,20
JNJ,2025-03-13,2025-03-18,dynamic,1,1671.8723623314795,1680.0928532668065,8.220490935327007,0.004916936914886927,4
BA,2025-02-24,2025-03-19,take_profit,4,11845.67218945927,12199.822250907535,354.15006144826475,0.029897000000000062,17
GS,2025-03-05,2025-03-19,dynamic,3,6707.5554099164065,6767.811070196532,60.255660280125085,0.008983251959580274,11
DIS,2025-03-07,2025-03-19,dynamic,3,6673.49980231087,6733.806951521729,60.30714921085928,0.009036809919433342,9
AXP,2025-03-07,2025-03-19,dynamic,2,3337.4279746451602,3369.1474776052214,31.719502960061163,0.009504176030475486,9
LLY,2025-03-10,2025-03-19,dynamic,2,3366.392991321822,3368.1759624628444,1.7829711410222444,0.0005296384425759193,8
CRM,2025-02-21,2025-03-20,time_stop,4,11901.99796176059,11397.9506522251,-504.04730953549006,-0.04234980640686725,20
META,2025-02-21,2025-03-20,time_stop,4,11901.677866598271,10960.759447603956,-940.9184189943153,-0.07905762780178893,20
DE,2025-03-24,2025-03-24,dynamic,1,1682.6211969230635,1694.171933929645,11.550737006581585,0.006864728096676709,1
GILD,2025-03-20,2025-03-25,dynamic,1,1684.475220974771,1701.098598528518,16.623377553747105,0.009868579452375403,4
SO,2025-03-26,2025-03-26,dynamic,1,1680.3945126595831,1700.4655648174173,20.071052157834174,0.01194424999999999,1
JNJ,2025-03-26,2025-03-27,dynamic,1,1680.3146557294476,1700.1570548735554,19.84239914410773,0.01180874015259592,2
DUK,2025-03-26,2025-03-27,dynamic,1,1680.2824293039325,1699.61701878613,19.334589482197543,0.011506749785038739,2
ABBV,2025-03-24,2025-03-28,dynamic,2,3364.7914852550025,3367.297013743925,2.505528488922664,0.000744631130904283,5
BMY,2025-03-28,2025-03-28,dynamic,1,1684.6258618869776,1702.0392778793496,17.413415992371938,0.010336666666666883,1
MDT,2025-03-21,2025-03-31,dynamic,2,3369.2553323412053,3412.5210251381336,43.265692796928306,0.012841322051678539,7
AMGN,2025-03-26,2025-03-31,dynamic,1,1680.3624871790703,1708.2123129726906,27.84982579362031,0.01657370121394086,4
META,2025-03-31,2025-04-01,take_profit,1,1684.1041400663673,1734.4538015419314,50.34966147556406,0.02989699999999984,1
GS,2025-03-31,2025-04-01,take_profit,1,1685.2775494949474,1735.6622923921977,50.38474289725036,0.029897000000000062,1
GE,2025-03-31,2025-04-01,take_profit,1,1685.856695458092,1736.2587530822027,50.40205762411074,0.029897000000000062,1
DE,2025-03-31,2025-04-01,take_profit,1,1686.155014384864,1736.5659908499285,50.41097646506455,0.029897000000000062,1
C,2025-03-31,2025-04-02,take_profit,1,1684.695159752601,1735.062490943725,50.36733119112387,0.029897000000000284,2
WFC,2025-03-31,2025-04-02,take_profit,1,1684.9944234255295,1735.3707017026827,50.37627827715323,0.029897000000000062,2
BLK,2025-03-31,2025-04-02,take_profit,1,1686.4022465893852,1736.820614555668,50.41836796628286,0.029897000000000062,2
SBUX,2025-03-07,2025-04-02,dynamic,3,6672.802582366799,6674.536757737367,1.7341753705686642,0.00025988710877666854,19
SCHW,2025-03-31,2025-04-02,dynamic,1,1685.7154251194318,1712.1252064444893,26.409781325057565,0.015666808840635982,3
DE,2025-04-04,2025-04-07,take_profit,1,1690.004016562206,1740.5300666453663,50.52605008316027,0.029897000000000062,1
BA,2025-04-01,2025-04-08,take_profit,4,11830.923105136197,12184.632213210454,353.70910807425753,0.029897000000000062,5
NFLX,2025-04-02,2025-04-08,take_profit,3,6761.780452715736,7137.498432726319,375.71798001058323,0.055564948113582036,4
GE,2025-04-04,2025-04-08,take_profit,3,6768.2826759059035,7032.527467729359,264.24479182345567,0.03904163056961685,2
CVS,2025-04-07,2025-04-08,take_profit,1,1672.2473287993535,1917.7680032284986,245.52067442914517,0.14682079032258044,1
ABT,2025-04-07,2025-04-08,take_profit,1,1672.916416532991,1738.1325643956354,65.21614786264445,0.03898350641916748,1
IBM,2025-04-07,2025-04-08,take_profit,1,1673.3550843145786,1774.8428337089836,101.487749394405,0.06064926108374391,1
BRK-B,2025-04-07,2025-04-08,take_profit,1,1674.2959545429503,1823.1620132246485,148.86605868169818,0.08891263117358217,1
V,2025-04-07,2025-04-08,take_profit,1,1675.6971522807662,1787.4090531529744,111.71190087220816,0.06666592511669478,1
CSCO,2025-04-04,2025-04-09,take_profit,2,3382.4983801015974,3483.624934171495,101.1265540698978,0.029897000000000062,3
MA,2025-04-04,2025-04-09,take_profit,3,6766.157973520988,6968.4457984553455,202.28782493435756,0.029897000000000062,3
DE,2025-04-08,2025-04-09,take_profit,2,3374.0799313272414,3474.954799034132,100.87486770689065,0.029897000000000062,1
CVX,2025-04-04,2025-04-09,dynamic,3,6757.11083285454,6874.477835569682,117.36700271514201,0.017369406188289638,4
IBM,2025-04-09,2025-04-09,dynamic,1,1706.377906175177,1849.1508489479122,142.77294277273518,0.0836701777818718,1
ABT,2025-04-09,2025-04-09,dynamic,1,1707.137822707607,1782.9648634563184,75.8270407487114,0.04441764439876672,1
V,2025-04-09,2025-04-09,dynamic,1,1707.6247701740851,1857.1463863063336,149.52161613224848,0.08756116609681497,1
GILD,2025-04-07,2025-04-10,take_profit,2,3343.3003359687154,3461.031855886325,117.7315199176096,0.03521416208140238,3
SO,2025-04-08,2025-04-10,take_profit,2,3374.9240632318197,3475.8241679502617,100.90010471844198,0.029897000000000062,2
VZ,2025-04-09,2025-04-10,take_profit,1,1706.8362855554308,1757.8655699846815,51.029284429250765,0.029897000000000062,1
DE,2025-04-22,2025-04-22,dynamic,1,1725.8831153459666,1758.233161280616,32.350045934649415,0.01874405378151267,1
V,2025-04-22,2025-04-22,dynamic,1,1728.2252327955136,1768.3116480036385,40.08641520812489,0.023195133624615893,1
RTX,2025-04-22,2025-04-23,take_profit,1,1725.6084461242858,1777.1989618380637,51.590515713777904,0.029897000000000062,1
CVS,2025-04-21,2025-04-30,dynamic,2,3454.9510001036206,3495.6599581168743,40.70895801325378,0.011782788818722079,8
BMY,2025-04-04,2025-05-02,time_stop,4,11821.84082414682,11536.946552665775,-284.8942714810455,-0.024098977115233344,20
GILD,2025-05-07,2025-05-12,take_profit,1,1734.5023154632647,1786.35873118867,51.85641572540521,0.029897000000000062,3
NFLX,2025-05-13,2025-05-13,dynamic,1,1734.8414574646174,1771.993079648561,37.15162218394357,0.021414995603251663,1
KO,2025-05-13,2025-05-15,take_profit,1,1734.866496606537,1786.7338002555828,51.86730364904565,0.029897000000000062,2
ABT,2025-05-14,2025-05-15,take_profit,1,1733.1615093328842,1784.9778389774094,51.81632964452524,0.029897000000000062,1
T,2025-05-14,2025-05-15,take_profit,1,1733.1439967380252,1784.9598028085018,51.81580607047658,0.02989699999999984,1
DUK,2025-05-13,2025-05-15,dynamic,2,3470.0598470394284,3540.7769358226906,70.71708878326217,0.02037921301086376,3
VZ,2025-05-13,2025-05-15,dynamic,1,1734.998149493963,1745.8668156010535,10.868666107090576,0.006264367550052219,3
SO,2025-05-13,2025-05-15,dynamic,2,3469.7441263133614,3525.135796009702,55.391669696340614,0.01596419438432628,3
MCD,2025-05-14,2025-05-15,dynamic,1,1733.1086438855932,1768.0168165342216,34.90817264862835,0.020141941344407055,2
WMT,2025-05-12,2025-05-16,take_profit,2,3468.4890190545543,3572.1864352572284,103.69741620267405,0.029897000000000062,4
CVS,2025-05-14,2025-05-16,take_profit,2,3466.923034276789,3570.573632232562,103.65059795577281,0.02989699999999984,2
BRK-B,2025-05-15,2025-05-16,dynamic,1,1733.022920989642,1774.0171931173593,40.994272127717295,0.023654777805424354,2
MS,2025-05-22,2025-05-27,take_profit,1,1744.47827608515,1796.6329431052677,52.15466702011781,0.029897000000000062,2
C,2025-05-22,2025-05-27,take_profit,1,1744.6644522895483,1796.824685419649,52.16023313010078,0.029897000000000062,2
GS,2025-05-22,2025-05-27,take_profit,1,1744.7333184034526,1796.8956104237611,52.16229202030854,0.029897000000000284,2
AXP,2025-05-22,2025-05-27,dynamic,1,1744.431725582913,1793.9047693900004,49.47304380708738,0.028360550362356962,3
WFC,2025-05-22,2025-05-27,dynamic,1,1744.4630045207916,1764.5598909314042,20.09688641061257,0.011520385561935909,3
BAC,2025-05-22,2025-05-27,dynamic,1,1744.6216100601496,1786.6694355553013,42.047825495151756,0.02410140127388538,3
AMZN,2025-05-22,2025-05-27,dynamic,1,1744.7708930337867,1784.7936915924245,40.02279855863776,0.02293871288112026,3
MA,2025-05-22,2025-05-27,dynamic,1,1744.7344859952202,1762.6296120857119,17.895126090491658,0.010256647205711733,3
IBM,2025-05-23,2025-05-27,dynamic,1,1745.6856008744253,1776.9002592470538,31.21465837262849,0.01788103101554639,2
BRK-B,2025-05-23,2025-05-27,dynamic,1,1745.6617165495868,1773.8989381072602,28.237221557673365,0.01617565493358364,2
WMT,2025-05-23,2025-05-27,dynamic,1,1745.793157267088,1786.631642925255,40.838485658166974,0.0233925110132156,2
ABT,2025-05-27,2025-05-27,dynamic,1,1744.918930590875,1759.1681887029781,14.249258112103007,0.008166143344709997,1
META,2025-05-27,2025-05-27,dynamic,1,1744.2178839293324,1763.0097049186643,18.79182098933188,0.010773780708519087,1
BA,2025-05-28,2025-05-29,take_profit,1,1751.2961747822656,1803.654676519731,52.35850173746553,0.029897000000000062,1
RTX,2025-05-27,2025-05-29,dynamic,1,1744.8071317094275,1748.6540363915192,3.84690468209169,0.002204773589114639,3
COST,2025-05-27,2025-05-30,take_profit,1,1744.3880648821942,1796.5400348579772,52.151969975783004,0.029897000000000062,3
MCD,2025-05-30,2025-05-30,dynamic,1,1751.5963930518344,1761.8062631619307,10.20987011009629,0.005828894230769377,1
DE,2025-05-29,2025-06-03,dynamic,1,1750.8543718236408,1759.7670437007073,8.912671877066487,0.005090470127325997,4
SCHW,2025-06-06,2025-06-06,dynamic,1,1747.4488496610304,1749.256264849548,1.8074151885175525,0.0010343165059556458,1
TSLA,2025-06-05,2025-06-10,take_profit,3,7011.479913900715,7221.102128886604,209.6222149858895,0.029897000000000062,3
DUK,2025-06-09,2025-06-10,dynamic,1,1749.1523647090864,1773.6775058595533,24.52514115046688,0.014021157702031273,2
NFLX,2025-06-11,2025-06-16,dynamic,1,1755.4543304472584,1788.4840006794998,33.029670232241415,0.018815454016297917,4
C,2025-06-16,2025-06-16,dynamic,1,1754.0621275717551,1775.3768082527968,21.314680681041636,0.012151611021069542,1
WFC,2025-06-13,2025-06-18,take_profit,1,1755.8974672431707,1808.39353382134,52.49606657816935,0.029897000000000062,3
BAC,2025-06-16,2025-06-18,dynamic,1,1754.3889909916145,1770.7182494912354,16.32925849962089,0.009307661290322677,3
AXP,2025-06-16,2025-06-18,dynamic,1,1753.7985193257095,1786.7149176874748,32.91639836176523,0.01876863162960185,3
MS,2025-06-16,2025-06-18,dynamic,1,1753.511958093918,1783.3461289902325,29.83417089631439,0.017013953488372202,3
WMT,2025-06-09,2025-06-20,dynamic,2,3498.5373581435338,3524.1365852284034,25.599227084869653,0.007317122689938449,9
COST,2025-06-06,2025-06-23,dynamic,2,3495.4074088032758,3511.415143878749,16.007735075473192,0.004579647864554337,11
BA,2025-06-13,2025-06-23,dynamic,1,1755.496600895615,1760.875449479126,5.378848583510944,0.0030640039865452717,6
T,2025-06-18,2025-06-23,dynamic,1,1752.3237731622726,1779.9203476273692,27.596574465096637,0.0157485590778097,3
V,2025-06-16,2025-06-24,dynamic,2,3506.391908952234,3530.2904296417155,23.898520689481302,0.006815701527392193,6
BLK,2025-06-16,2025-06-24,dynamic,1,1752.9248052311084,1785.4029311354825,32.47812590437411,0.018527962983610147,6
MA,2025-06-16,2025-06-24,dynamic,2,3505.0570733034688,3537.306170529714,32.24909722624534,0.009200733840219799,6
LIN,2025-06-20,2025-06-24,dynamic,1,1751.1973775583328,1753.5589286950606,2.361551136727712,0.0013485351034618898,3
AMZN,2025-06-24,2025-06-24,dynamic,1,1755.814312677686,1760.894019597428,5.079706919741966,0.0028930775213895643,1
HON,2025-06-16,2025-06-26,dynamic,1,1753.3478254582083,1759.4679614979987,6.120136039790395,0.003490543034831761,8
RTX,2025-06-25,2025-06-27,dynamic,1,1759.9962724945567,1789.257806248135,29.261533753578306,0.01662590666291819,3
DE,2025-06-26,2025-06-27,dynamic,1,1757.8658196648166,1771.9807572324241,14.114937567607512,0.008029587588374021,2
KO,2025-06-17,2025-06-30,dynamic,1,1755.0110874543618,1764.0610647052058,9.049977250843995,0.005156649616368414,9
TSLA,2025-07-01,2025-07-02,take_profit,1,1760.7598393359388,1844.1710846905362,83.41124535459744,0.0473723011458822,1
BRK-B,2025-06-04,2025-07-02,time_stop,1,1753.186949941199,1694.947133620108,-58.239816321090984,-0.03321939872016744,20
MCD,2025-06-06,2025-07-07,time_stop,2,3495.1002942892105,3409.36131148495,-85.73898280426056,-0.02453119383851532,20
AMD,2025-07-02,2025-07-08,dynamic,1,1762.0864890644232,1791.6806230861544,29.59413402173118,0.016794938390024328,4
BAC,2025-07-10,2025-07-14,dynamic,1,1762.4640159287956,1768.6755929988365,6.211577070040903,0.0035243710021322094,3
COST,2025-07-11,2025-07-14,dynamic,1,1763.3195316488784,1776.9470517661975,13.627520117319136,0.0077283327682398095,2
HON,2025-07-14,2025-07-14,dynamic,1,1761.2582742112645,1772.6985891302645,11.440314919000002,0.006495535087903681,1
WMT,2025-07-11,2025-07-16,dynamic,1,1763.2320986268792,1765.746613661693,2.514515034813712,0.0014260828377454793,4
MA,2025-07-14,2025-07-16,dynamic,1,1761.2762733029892,1777.1595875127014,15.883314209712125,0.009018070844686754,3
KO,2025-07-10,2025-07-17,dynamic,1,1762.3990049194563,1795.2851058260742,32.88610090661791,0.018659849906191184,6
DIS,2025-07-10,2025-07-17,dynamic,1,1762.4688513940334,1785.5229580254677,23.05410663143425,0.01308057536063667,6
V,2025-07-14,2025-07-17,dynamic,1,1761.1919588558933,1773.283487928459,12.091529072565663,0.006865537292380486,4
CSCO,2025-07-16,2025-07-17,dynamic,1,1761.3891396086499,1791.3752486589315,29.986109050281584,0.01702412509307516,2
INTC,2025-07-17,2025-07-18,take_profit,1,1761.6338402538263,1814.3014071758948,52.667566922068545,0.02989699999999984,1
IBM,2025-07-11,2025-07-18,dynamic,1,1763.0976212142602,1768.240817181232,5.143195966971689,0.002917136240833562,6
LIN,2025-07-16,2025-07-18,dynamic,1,1761.3983013240888,1778.4710473752543,17.072746051165495,0.00969272312703584,3
META,2025-07-17,2025-07-21,dynamic,1,1761.692005389429,1782.9599201414162,21.26791475198729,0.012072436434361844,3
T,2025-07-11,2025-07-23,dynamic,2,3526.0565194027777,3636.015162742066,109.9586433392883,0.031184594669489973,9
NVDA,2025-07-23,2025-07-24,dynamic,1,1762.3141315454127,1805.897709956813,43.58357841140037,0.024730879490355573,2
TXN,2025-07-22,2025-07-29,dynamic,4,12334.690407640559,12370.581815352165,35.89140771160601,0.002909793965268248,6
DUK,2025-07-29,2025-07-29,dynamic,1,1762.2510619966317,1784.022388239601,21.77132624296928,0.012354270462633377,1
KO,2025-07-29,2025-07-29,dynamic,1,1762.1543482786508,1788.7919645405975,26.637616261946732,0.015116505706760375,1
CVS,2025-07-11,2025-07-30,dynamic,3,7051.278762047139,7110.9696477993175,59.690885752178474,0.008465256837307145,14
NFLX,2025-07-30,2025-07-30,dynamic,1,1766.2326553466658,1789.7082308762788,23.475575529613025,0.013291326858072106,1
ABT,2025-07-16,2025-08-04,dynamic,2,3522.7982033977737,3540.292344071782,17.494140674008122,0.0049659786521789595,14
AMGN,2025-08-01,2025-08-04,dynamic,1,1768.4572118027993,1797.329070674894,28.871858872094663,0.016326014946475453,2
CSCO,2025-08-04,2025-08-04,dynamic,1,1765.6484270689045,1784.3601836327346,18.711756563830022,0.010597668412897443,1
LIN,2025-08-04,2025-08-04,dynamic,1,1765.3897836756419,1794.1562009557385,28.766417280096675,0.01629465489496784,1
BA,2025-08-01,2025-08-05,dynamic,1,1768.1710104219321,1811.5797416729797,43.408731251047584,0.024550075187970144,3
CVX,2025-08-05,2025-08-05,dynamic,1,1770.4135753986523,1793.795929084631,23.382353685978842,0.013207283321194474,1
AMZN,2025-08-04,2025-08-06,dynamic,1,1766.1337532629555,1805.8414524766274,39.70769921367196,0.02248283808647633,3
SCHW,2025-08-04,2025-08-06,dynamic,1,1765.8081794225268,1776.8390416342286,11.030862211701788,0.006246919875130041,3
MDT,2025-08-01,2025-08-07,dynamic,1,1768.2795350746096,1800.2643789502215,31.984843875611887,0.018088115165717955,5
VZ,2025-08-07,2025-08-07,dynamic,1,1770.0819550188978,1788.645116848585,18.56316182968726,0.010487176470588278,1
AXP,2025-07-31,2025-08-08,dynamic,2,3541.11416215058,3561.008393549616,19.894231399036016,0.005618071174229966,7
BAC,2025-08-01,2025-08-12,dynamic,1,1768.5663218006405,1811.8744520168652,43.308130216224754,0.02448770491803276,8
JPM,2025-08-04,2025-08-12,dynamic,1,1765.3612225282088,1780.935490298299,15.574267770090273,0.00882214221732247,7
RTX,2025-08-11,2025-08-12,dynamic,1,1768.2320088011588,1776.7969029503142,8.564894149155407,0.004843761512360656,2
V,2025-08-01,2025-08-13,dynamic,2,3536.92672015062,3593.989237478023,57.06251732740293,0.016133361486486475,9
RTX,2025-08-18,2025-08-18,dynamic,1,1770.0859582536727,1782.1721276422668,12.086169388594044,0.0068280126918345285,1
WMT,2025-08-14,2025-08-19,dynamic,1,1771.9554395833661,1773.0035401971113,1.0481006137451914,0.0005914937759334826,4
KO,2025-08-15,2025-08-19,dynamic,1,1771.694976392385,1781.4244880632136,9.729511670828742,0.00549164037854899,3
DUK,2025-08-19,2025-08-19,dynamic,1,1771.4344569181615,1802.418861078776,30.98440416061453,0.01749113778362399,1
SO,2025-08-19,2025-08-19,dynamic,1,1771.3924798632067,1796.0062530053992,24.613773142192485,0.013895155038759821,1
CAT,2025-08-08,2025-08-20,dynamic,1,1767.7815235890268,1767.8989819347667,0.11745834573980574,6.644392656696141e-05,9
MDT,2025-08-20,2025-08-20,dynamic,1,1773.9274125761349,1829.9925499309088,56.065137354773924,0.03160509102982689,1
IBM,2025-07-25,2025-08-21,time_stop,3,7026.705669479213,6817.466886335946,-209.23878314326703,-0.029777650151493362,20
CSCO,2025-08-18,2025-08-21,dynamic,1,1770.0248466176638,1795.0242511167341,24.99940449907035,0.014123759079903042,4
BA,2025-08-20,2025-08-22,take_profit,1,1773.7907573892846,1826.8217796629522,53.03102227366753,0.029897000000000062,2
AVGO,2025-08-20,2025-08-22,take_profit,2,3548.759337092022,3654.8565949930626,106.0972579010404,0.029897000000000062,2
GS,2025-08-20,2025-08-22,take_profit,1,1774.3198412676743,1827.366681562054,53.04684029437976,0.029897000000000062,2
GOOGL,2025-08-21,2025-08-22,take_profit,1,1776.8978537491557,1830.0217688826945,53.12391513353873,0.029897000000000062,1
DIS,2025-07-30,2025-08-22,dynamic,2,3532.468627395763,3572.9356802100883,40.46705281432514,0.01145574301792407,18
META,2025-08-20,2025-08-22,dynamic,1,1774.243133100036,1791.199561693397,16.956428593361125,0.00955699265620602,3
AMZN,2025-08-21,2025-08-22,dynamic,1,1776.838477476857,1826.0545969642278,49.21611948737086,0.027698701998652542,2
BLK,2025-08-22,2025-08-22,dynamic,1,1773.2454168171002,1803.349831700048,30.10441488294782,0.016977015475378554,1
C,2025-08-22,2025-08-22,dynamic,1,1773.1452110938571,1816.8343570086056,43.68914591474845,0.024639350258175652,1
NVDA,2025-08-22,2025-08-22,dynamic,1,1773.036689113545,1828.116806762588,55.08011764904313,0.031065413359596672,1
WFC,2025-07-31,2025-08-25,dynamic,2,3540.838730817234,3562.7078795544276,21.869148737193427,0.006176262292563184,18
ORCL,2025-08-20,2025-08-25,dynamic,1,1773.6504813229553,1798.1450008711176,24.494519548162316,0.013810229132569463,4
AMD,2025-08-20,2025-08-26,take_profit,1,1773.8485425995984,1826.8812924776985,53.03274987810005,0.02989699999999984,4
AAPL,2025-08-21,2025-08-26,dynamic,1,1776.9311464118452,1800.6246271073578,23.693480695512562,0.013333932912007684,4
WMT,2025-08-26,2025-08-29,dynamic,1,1783.6910310025885,1796.5729208103076,12.881889807719062,0.007222041028304371,4
JNJ,2025-08-27,2025-08-29,dynamic,1,1784.7382201925793,1786.5765398907845,1.8383196982051686,0.0010300220376335822,3
VZ,2025-08-27,2025-08-29,dynamic,1,1784.6629312573382,1792.9974530978445,8.33452184050634,0.004670081781008584,3
KO,2025-08-26,2025-09-02,dynamic,1,1783.7363364587034,1784.0746366265712,0.33830016786782835,0.00018965816917737577,5
GS,2025-09-03,2025-09-04,dynamic,1,1784.5401843327302,1834.1776927533451,49.63750842061495,0.027815293181069567,2
GILD,2025-08-25,2025-09-05,dynamic,1,1784.2467369632682,1786.2419226256657,1.995185662397489,0.0011182229570969593,9
CAT,2025-09-03,2025-09-05,dynamic,1,1784.6264964677378,1805.573085279119,20.94658881138116,0.011737239614474149,3
ORCL,2025-09-05,2025-09-05,dynamic,1,1784.0689371866263,1785.8082797342029,1.739342547576598,0.0009749301225543405,1
DE,2025-09-03,2025-09-08,dynamic,1,1784.5407367258454,1808.0181029857279,23.4773662598825,0.013155971044380488,4
LIN,2025-09-03,2025-09-08,dynamic,1,1784.6216446632955,1795.10876774426,10.487123080964466,0.005876384561581904,4
AMD,2025-09-08,2025-09-09,take_profit,1,1782.6448244381709,1835.9405567543988,53.29573231622794,0.029897000000000062,1
NVDA,2025-09-02,2025-09-09,dynamic,1,1784.3668901992553,1792.164825420046,7.797935220790805,0.004370141176470721,6
CVS,2025-09-09,2025-09-10,take_profit,1,1781.5643514279304,1834.8277808425712,53.26342941464077,0.029897000000000062,1
CVX,2025-09-08,2025-09-10,dynamic,1,1782.690933540524,1827.4489852713853,44.758051730861325,0.025107017087908412,3
BLK,2025-09-03,2025-09-11,dynamic,1,1784.4906543719653,1818.9207415194664,34.430087147501126,0.0192940697465398,7
V,2025-09-08,2025-09-11,dynamic,1,1782.5258910258622,1788.3349603512372,5.809069325375049,0.0032588975871941095,4
RTX,2025-09-09,2025-09-11,dynamic,1,1781.0762052852483,1827.3794916482889,46.30328636304057,0.025997363967716902,3
JNJ,2025-09-10,2025-09-11,dynamic,1,1782.5950386583092,1804.659075888078,22.0640372297687,0.012377481565513326,2
ABT,2025-09-11,2025-09-11,dynamic,1,1784.5735752925646,1825.1215390090404,40.547963716475806,0.022721374045801657,1
BRK-B,2025-09-11,2025-09-11,dynamic,1,1784.5027849369615,1811.9645334133188,27.461748476357343,0.015389019679970639,1
AAPL,2025-09-11,2025-09-12,take_profit,1,1784.586281251914,1837.9400573025025,53.35377605058852,0.029897000000000062,1
MSFT,2025-08-20,2025-09-12,dynamic,1,1774.3274617512138,1774.2718166370887,-0.05564511412512729,-3.136124268188212e-05,17
DUK,2025-09-04,2025-09-15,dynamic,1,1783.545337498667,1785.8479353962105,2.3025978975433645,0.0012910229132570006,8
NFLX,2025-09-15,2025-09-17,take_profit,1,1787.9017488185316,1841.3546474029595,53.452898584427885,0.029897000000000062,2
GILD,2025-09-17,2025-09-18,dynamic,1,1783.4493463072286,1819.2982955549478,35.84894924771925,0.020100906886953318,2
NVDA,2025-09-18,2025-09-18,dynamic,1,1786.0771823607565,1809.097395074134,23.020212713377532,0.012888699850557739,1
NEE,2025-08-28,2025-09-22,dynamic,2,3569.95992277341,3598.7060400963837,28.746117322973532,0.008052224099099003,17
SO,2025-08-27,2025-09-23,dynamic,1,1784.6237663792947,1794.593989603273,9.970223223978337,0.0055867367743320795,19
DIS,2025-09-23,2025-09-24,dynamic,1,1786.5545612811163,1797.6279187165405,11.073357435424214,0.006198163591199624,2
BA,2025-09-12,2025-09-26,dynamic,1,1788.9871695221846,1799.9532402490595,10.966070726874932,0.006129764882441213,11
TXN,2025-09-02,2025-09-29,time_stop,3,7140.089320572515,6914.6868588476345,-225.4024617248806,-0.03156857731113194,20
ABBV,2025-09-26,2025-09-29,dynamic,1,1784.3198262305534,1804.6004330343478,20.2806068037944,0.011366015501065085,2
NKE,2025-09-03,2025-09-30,time_stop,3,7138.331964182791,7050.133697970556,-88.19826621223547,-0.0123555848417779,20
GE,2025-09-30,2025-09-30,dynamic,1,1786.4532927720475,1823.3081315317913,36.85483875974387,0.020630172033524685,1
AVGO,2025-09-23,2025-10-01,dynamic,2,3573.3953237177298,3574.0421922656474,0.6468685479176202,0.0001810235054666709,7
MA,2025-09-24,2025-10-01,dynamic,1,1787.5698707571767,1795.1816960997598,7.611825342583188,0.004258197381319162,6
GOOGL,2025-09-25,2025-10-01,dynamic,1,1788.6386443832228,1792.1186589568345,3.4800145736116974,0.001945621931260355,5
ORCL,2025-09-29,2025-10-01,dynamic,1,1788.2284708332777,1815.7562500509134,27.527779217635725,0.01539388264230479,3
AXP,2025-10-01,2025-10-06,dynamic,1,1786.5108786176036,1791.6750338900272,5.1641552724236135,0.0028906374622357234,4
WMT,2025-10-02,2025-10-06,dynamic,1,1785.3147680879695,1807.1315081317518,21.816740043782374,0.012220108427797083,3
NFLX,2025-10-02,2025-10-07,take_profit,1,1785.1007438838226,1838.4699008237174,53.369156939894765,0.029897000000000062,3
CVX,2025-10-02,2025-10-07,dynamic,1,1784.994725162417,1795.8876393856808,10.892914223263915,0.0061024909876261635,4
WFC,2025-10-02,2025-10-07,dynamic,1,1785.4026812530508,1794.9577050745581,9.555023821507348,0.0053517472118957965,4
LIN,2025-10-02,2025-10-07,dynamic,1,1785.4564192188825,1812.0129326854,26.556513466517572,0.014873795395205391,4
MCD,2025-09-11,2025-10-08,time_stop,2,3569.0822700157864,3502.3378791417867,-66.74439087399969,-0.018700715148744496,20
AMZN,2025-09-23,2025-10-08,dynamic,2,3573.161532669269,3605.455211171978,32.2936785027091,0.009037844555150665,12
META,2025-09-24,2025-10-09,dynamic,3,7150.587560075912,7296.574371524634,145.98681144872262,0.020416058152174177,12
C,2025-10-02,2025-10-14,take_profit,2,3570.8934292799513,3677.6524301351337,106.75900085518242,0.02989699999999984,8
AXP,2025-10-09,2025-10-14,take_profit,1,1779.683246016218,1832.8904360223648,53.2071900061469,0.029897000000000062,3
BAC,2025-10-02,2025-10-14,dynamic,2,3571.2981457737246,3605.03181103171,33.733665257985194,0.009445771224087185,9
CVX,2025-10-10,2025-10-14,dynamic,1,1778.8932370087246,1798.7221330085322,19.828895999807628,0.01114676001194459,3
MA,2025-10-10,2025-10-14,dynamic,1,1779.0578987835684,1779.9456034761201,0.8877046925517789,0.0004989745938897006,3
GE,2025-10-13,2025-10-14,dynamic,1,1770.8181011546853,1795.0471523139138,24.229051159228447,0.013682405405405218,2
JPM,2025-10-02,2025-10-15,dynamic,2,3570.6880481261974,3594.0396086269466,23.3515605007492,0.006539792943548672,10
DIS,2025-10-10,2025-10-15,dynamic,1,1778.9127689022775,1781.605605483117,2.692836580839412,0.0015137541468663862,4
IBM,2025-10-13,2025-10-15,dynamic,1,1771.0078025234768,1776.9066782744567,5.898875750979869,0.0033308016726829592,3
LOW,2025-09-22,2025-10-17,time_stop,3,7144.100054966514,6951.675740802234,-192.42431416428008,-0.026934717134946662,20
HD,2025-09-23,2025-10-17,dynamic,3,7146.05537068897,7163.0553500546,16.99997936563068,0.002378931939900575,19
ABBV,2025-10-15,2025-10-17,dynamic,1,1787.6853783985869,1806.152695535791,18.46731713720419,0.01033029489436621,3
NFLX,2025-10-17,2025-10-20,take_profit,1,1789.4361011898645,1842.9348723071382,53.49877111727369,0.029897000000000284,1
LMT,2025-10-17,2025-10-20,take_profit,1,1789.4331902568895,1842.9318743459999,53.498684089110384,0.029897000000000062,1
MSFT,2025-10-13,2025-10-20,dynamic,1,1771.2908626820638,1772.4170066129068,1.126143930843,0.0006357758370287847,6
GS,2025-10-20,2025-10-20,dynamic,1,1793.115911852091,1807.905370820548,14.789458968456984,0.008247910171730766,1
RTX,2025-10-10,2025-10-21,take_profit,1,1778.86790634039,1886.2831446135644,107.41523827317451,0.06038404419480292,7
T,2025-09-24,2025-10-21,time_stop,3,7150.2056908589775,6842.665202950453,-307.5404879085245,-0.04301141830111166,20
PFE,2025-10-10,2025-10-21,dynamic,2,3557.783403315544,3572.5964531794893,14.813049863945253,0.004163561460807541,8
LLY,2025-10-15,2025-10-23,dynamic,1,1787.6930104725932,1806.3023908572136,18.609380384620408,0.01040971815384606,7
ORCL,2025-10-23,2025-10-23,dynamic,1,1796.533874220852,1843.145247028205,46.611372807352836,0.025945167790152546,1
AVGO,2025-10-23,2025-10-24,take_profit,1,1796.5444856554668,1860.2719349258073,63.72744927034046,0.03547223560517043,1
BLK,2025-10-22,2025-10-24,dynamic,1,1796.2367815629675,1807.3948183856692,11.15803682270166,0.006211896414342721,3
NEE,2025-10-23,2025-10-24,dynamic,1,1796.5015618847463,1807.456580867893,10.955018983146829,0.006097973536774326,2
PEP,2025-10-24,2025-10-27,dynamic,1,1797.0717576184522,1803.8649938112856,6.793236192833319,0.003780169692186419,2
SO,2025-10-22,2025-10-30,dynamic,2,3592.4920288217204,3594.7487249432406,2.2566961215202355,0.000628170112394244,7
AMGN,2025-10-27,2025-10-30,dynamic,1,1797.5309210265732,1802.2270562029648,4.6961351763916355,0.0026125476460285846,4
ABBV,2025-10-29,2025-10-30,dynamic,1,1797.0790121812638,1801.4779950650488,4.398982883785038,0.0024478516826289543,2
JNJ,2025-10-29,2025-10-30,dynamic,1,1797.2705297318316,1819.7108529536058,22.44032322177418,0.012485779325120516,2
DIS,2025-10-30,2025-10-30,dynamic,1,1795.8145250183632,1823.5159546754376,27.701429657074414,0.015425551620811717,1
GILD,2025-10-29,2025-10-31,take_profit,1,1797.298349354531,1851.0321781051834,53.73382875065249,0.029897000000000062,2
CVS,2025-10-31,2025-11-04,take_profit,1,1797.4938815224382,1851.233556098315,53.739674575876734,0.029897000000000284,2
ABBV,2025-11-04,2025-11-06,take_profit,1,1795.94016805879,1849.633391263244,53.69322320445394,0.029897000000000062,2
AVGO,2025-11-05,2025-11-06,take_profit,1,1795.6333716657211,1849.3174225784114,53.68405091269028,0.029897000000000062,1
MRK,2025-11-03,2025-11-06,dynamic,2,3597.1291004300724,3672.344251008555,75.21515057848273,0.020909772343030486,4
NVDA,2025-11-07,2025-11-10,take_profit,1,1794.7459749582201,1893.6607349128226,98.91475995460246,0.05511351541373699,1
NFLX,2025-10-23,2025-11-10,dynamic,2,3593.59805219727,3645.865949492536,52.26789729526581,0.014544725519123336,13
MDT,2025-10-24,2025-11-10,dynamic,2,3593.950190313751,3600.9526042394914,7.002413925740257,0.0019483892527538682,12
DHR,2025-10-30,2025-11-11,dynamic,1,1795.8387367171356,1810.6789186546312,14.840181937495572,0.008263649532710193,9
WFC,2025-11-07,2025-11-12,take_profit,1,1795.2047422882292,1848.8759784684207,53.6712361801915,0.029897000000000062,3
LMT,2025-11-07,2025-11-14,dynamic,2,3590.4125730663527,3640.3827416126514,49.97016854629874,0.013917667546385237,6
TSLA,2025-11-14,2025-11-17,take_profit,1,1788.968721043347,1846.394135361225,57.425414317877994,0.03209973077918704,1
PEP,2025-10-30,2025-11-17,dynamic,1,1795.8373017245,1813.9406891560848,18.10338743158468,0.010080750307503106,13
LOW,2025-10-30,2025-11-19,take_profit,3,7183.078790277899,7397.831296870837,214.7525065929376,0.02989699999999984,14
INTC,2025-11-14,2025-11-19,take_profit,2,3576.0228954581753,3682.935251963688,106.91235650551289,0.02989699999999984,3
WMT,2025-10-28,2025-11-20,take_profit,2,3595.414442790086,3702.906548386182,107.49210559609583,0.029897000000000284,17
TMO,2025-11-18,2025-11-20,take_profit,1,1787.2780388473805,1840.7122903748007,53.4342515274202,0.029897000000000062,2
AXP,2025-11-17,2025-11-21,dynamic,2,3590.485769957037,3630.660775918108,40.17500596107084,0.01118929541435043,5
AAPL,2025-11-18,2025-11-21,dynamic,1,1787.4806480168666,1797.2317227230124,9.7510747061458,0.005455205748361003,4
CVS,2025-11-20,2025-11-21,dynamic,1,1792.5650155813828,1811.890928630635,19.32591304925222,0.010781150408083917,2
ABBV,2025-11-21,2025-11-21,dynamic,1,1768.394426055116,1812.203480295838,43.80905424072216,0.024773350105185665,1
QCOM,2025-11-21,2025-11-24,take_profit,1,1768.2657855719676,1821.1316277632127,52.865842191245065,0.029897000000000062,1
AMZN,2025-11-14,2025-11-24,dynamic,3,7154.745795406535,7257.976019727687,103.23022432115249,0.0144282169168648,7
WFC,2025-11-14,2025-11-24,dynamic,2,3580.1119032338443,3663.4192472172435,83.30734398339928,0.023269480461811654,7
TSLA,2025-11-24,2025-11-24,dynamic,1,1766.304233911183,1834.6788427409542,68.3746088297712,0.03871055026481329,1
MA,2025-10-29,2025-11-25,time_stop,2,3594.133684923974,3569.617359392501,-24.516325531473285,-0.006821205798301255,20
DUK,2025-10-29,2025-11-25,time_stop,1,1797.301045306099,1743.915654297869,-53.385391008230044,-0.029703087942697937,20
BLK,2025-10-30,2025-11-26,time_stop,3,7183.03065533245,7173.895409540443,-9.135245792006572,-0.0012717815404594823,20
AMD,2025-11-20,2025-11-26,dynamic,4,12546.375717515988,12763.46604284678,217.09032533079153,0.01730303078902007,5
XOM,2025-11-25,2025-11-28,take_profit,1,1778.877509482618,1832.0606103836199,53.18310090100181,0.029897000000000062,2
ORCL,2025-10-31,2025-11-28,time_stop,4,12585.498212813196,10738.56208151867,-1846.9361312945257,-0.14675113373058002,20
BA,2025-10-31,2025-11-28,time_stop,3,7190.613369225359,7116.160514655366,-74.45285456999318,-0.010354172967863784,20
MSFT,2025-11-04,2025-11-28,dynamic,3,7182.661962430758,7276.90830378693,94.2463413561727,0.013121366681201563,18
RTX,2025-11-14,2025-11-28,dynamic,1,1788.9714045004534,1798.5611488982418,9.589744397788309,0.0053604794205561745,10
ABBV,2025-12-03,2025-12-03,dynamic,1,1798.3238068896583,1841.3301400593537,43.00633316969538,0.023914677103718196,1
CVS,2025-12-04,2025-12-08,dynamic,1,1798.977810305844,1832.5612918733223,33.5834815674782,0.018668091054313107,3
PEP,2025-12-08,2025-12-10,take_profit,1,1797.7885777169818,1851.5370628249864,53.748485108004616,0.029897000000000062,2
JNJ,2025-12-05,2025-12-10,dynamic,1,1798.6688417786138,1830.032086287796,31.363244509182095,0.017436919893585534,4
GILD,2025-12-08,2025-12-10,dynamic,1,1797.7877406871503,1802.9571011616245,5.169360474474161,0.0028754008927096564,3
AMZN,2025-12-09,2025-12-10,dynamic,1,1797.4146579412661,1836.3741356933735,38.95947775210743,0.021675286545582706,2
AAPL,2025-12-10,2025-12-10,dynamic,1,1793.1412384234247,1799.6108920116562,6.469653588231495,0.0036079999999998336,1
DHR,2025-12-10,2025-12-10,dynamic,1,1793.0815557293076,1843.3828739723347,50.301318243027026,0.02805300075855599,1
JPM,2025-12-10,2025-12-11,take_profit,1,1793.0833503044078,1846.6911632284587,53.607812924050904,0.029897000000000062,1
NEE,2025-12-09,2025-12-11,dynamic,1,1797.4179046027102,1806.3578119057277,8.939907303017435,0.004973749999999777,3
LLY,2025-12-04,2025-12-12,dynamic,2,3597.864010684153,3654.2611207110217,56.39711002686863,0.015675164447403356,7
MRK,2025-12-09,2025-12-12,dynamic,1,1797.2800844725205,1814.832518660356,17.552434187835615,0.009766109544905532,4
KO,2025-12-03,2025-12-15,dynamic,1,1798.406428035535,1800.5098886464752,2.1034606109401466,0.0011696247178329955,9
BRK-B,2025-12-05,2025-12-15,dynamic,1,1798.705274931291,1807.5205300718355,8.81525514054465,0.004900889135871056,7
AMGN,2025-12-09,2025-12-15,dynamic,1,1797.3317887092412,1816.6696244257873,19.337835716546124,0.010759190839457533,5
AMZN,2025-12-16,2025-12-18,dynamic,1,1800.1374435792015,1830.0192650900044,29.881821510802865,0.01659974443472989,3
NVDA,2025-12-15,2025-12-19,take_profit,2,3605.4032444625536,3713.193985262251,107.79074079969723,0.029897000000000062,4
AMD,2025-12-15,2025-12-19,take_profit,2,3604.5115607422254,3712.2756428737357,107.76408213151035,0.029897000000000062,4
CSCO,2025-12-18,2025-12-19,take_profit,1,1790.5714796865707,1844.10419521476,53.53271552818933,0.029897000000000062,1
AAPL,2025-12-16,2025-12-19,dynamic,1,1800.0124761196778,1805.44004617784,5.427570058162246,0.0030152957994282747,4
XOM,2025-12-17,2025-12-19,dynamic,1,1800.1331721694544,1823.0755499216004,22.942377752146058,0.012744822498047093,3
CAT,2025-12-18,2025-12-22,take_profit,1,1790.413245237005,1843.941230029856,53.52798479285093,0.029897000000000062,2
TMO,2025-12-03,2025-12-22,dynamic,2,3596.529443653666,3635.786801662964,39.25735800929806,0.010915344535429972,14
MS,2025-12-17,2025-12-22,dynamic,1,1799.9493395316074,1817.1054361811584,17.156096649551046,0.009531433064674744,4
GOOGL,2025-12-17,2025-12-22,dynamic,1,1799.7138679288498,1809.8750380533047,10.161170124454884,0.005645992013246337,4
BLK,2025-12-22,2025-12-22,dynamic,1,1806.598546453711,1843.4837324055115,36.88518595180062,0.020416924404265124,1
AVGO,2025-12-15,2025-12-23,dynamic,3,7208.248208551647,7332.1355339287375,123.88732537709075,0.017186883940832454,7
IBM,2025-12-17,2025-12-24,dynamic,1,1800.0062548121687,1804.3881759606882,4.3819211485194955,0.0024343921788076983,6
NEE,2025-12-18,2025-12-24,dynamic,1,1790.4526752806225,1791.3869842606148,0.9343089799922382,0.0005218283582089089,5
LOW,2025-12-22,2025-12-26,dynamic,1,1806.6170261679067,1835.7952728743817,29.178246706474965,0.016150764818355645,4
INTC,2025-12-15,2025-12-29,dynamic,3,7207.651796971477,7278.82399496498,71.17219799350278,0.009874533342940861,10
WMT,2025-12-23,2025-12-29,dynamic,1,1808.4785909865313,1817.0171000458076,8.538509059276294,0.004721376908652486,4
GS,2025-12-31,2026-01-02,take_profit,1,1812.4638754874957,1866.6511079729455,54.18723248544984,0.029897000000000062,1
CAT,2026-01-02,2026-01-02,dynamic,1,1810.673623191271,1875.7541687591597,65.08054556788875,0.03594272580896485,1
UPS,2026-01-02,2026-01-02,dynamic,1,1810.6353694513557,1841.8136352817094,31.178265830353666,0.017219516616314046,1
GE,2026-01-02,2026-01-02,dynamic,1,1810.6650574200166,1874.7788219071947,64.11376448717806,0.0354089588377724,1
LOW,2026-01-02,2026-01-02,dynamic,1,1810.5115257372602,1850.734951843533,40.22342610627288,0.022216608695652118,1
QCOM,2025-12-30,2026-01-05,dynamic,1,1812.7420974324436,1835.991030348123,23.24893291567946,0.01282528438469499,4
AXP,2025-12-30,2026-01-05,dynamic,1,1812.6409616076994,1835.5123406524347,22.87137904473525,0.01261771058315353,4
V,2026-01-02,2026-01-05,dynamic,1,1810.6025674121022,1830.757507735921,20.15494032381889,0.011131620316117363,2
AMZN,2026-01-05,2026-01-05,dynamic,1,1812.4421708326188,1845.6805259439639,33.23835511134507,0.018338987939171325,1
BMY,2026-01-05,2026-01-06,take_profit,1,1812.1614556643974,1866.339646704396,54.17819103999864,0.029897000000000062,1
MA,2026-01-05,2026-01-06,take_profit,1,1812.0339020822928,1866.2082796528468,54.17437757055404,0.02989699999999984,1
MDT,2025-12-08,2026-01-06,time_stop,2,3595.677081495398,3616.1454119176137,20.468330422215786,0.005692482933896681,20
IBM,2026-01-05,2026-01-06,dynamic,1,1812.3946603287059,1853.2650147355473,40.87035440684144,0.022550471650269133,2
AMGN,2026-01-06,2026-01-06,dynamic,1,1815.0683746213908,1875.5554074813601,60.487032859969304,0.03332493348774612,1
GILD,2026-01-02,2026-01-07,take_profit,2,3621.16530960152,3729.427288862677,108.26197926115674,0.029897000000000062,3
LLY,2026-01-06,2026-01-07,take_profit,1,1815.1296582616726,1872.1199418486813,56.99028358700866,0.031397362346879065,1
ABBV,2026-01-06,2026-01-07,take_profit,1,1815.017823587434,1869.2814114592275,54.26358787179356,0.029897000000000062,1
JNJ,2026-01-06,2026-01-07,dynamic,1,1815.0591361431088,1840.5129985157278,25.453862372618914,0.014023709677419616,2
NEE,2026-01-08,2026-01-09,take_profit,1,1820.3931516454725,1874.8174457002171,54.42429405474468,0.029897000000000062,1
AVGO,2026-01-09,2026-01-09,dynamic,1,1821.8819809136978,1859.705780933661,37.82380001996307,0.02076083984374999,1
SCHW,2026-01-12,2026-01-12,dynamic,1,1823.810105288151,1853.827465122603,30.01735983445201,0.01645859936153249,1
AMD,2026-01-09,2026-01-13,take_profit,1,1821.4393049987443,1904.299121844154,82.85981684540957,0.0454913960723311,2
CSCO,2026-01-02,2026-01-13,dynamic,2,3620.897915774363,3639.302982516559,18.40506674219614,0.00508301177506687,8
PEP,2025-12-22,2026-01-14,dynamic,2,3613.0061969152625,3647.7856888811266,34.779491965864054,0.009626192170818504,16
MDT,2026-01-14,2026-01-14,dynamic,1,1827.9678555826958,1873.5128901238384,45.54503454114251,0.02491566490189956,1
C,2026-01-14,2026-01-15,dynamic,2,3658.1726628349334,3719.7604125929715,61.58774975803817,0.016835659613264387,2
MS,2026-01-15,2026-01-15,dynamic,1,1825.3472697441841,1928.3218357864146,102.97456604223044,0.05641368508287292,1
AXP,2026-01-13,2026-01-16,dynamic,1,1826.3406683806345,1852.514430860205,26.17376247957054,0.014331259733036505,4
LLY,2026-01-16,2026-01-21,take_profit,1,1827.8142422783376,1882.460404679733,54.646162401395486,0.029897000000000062,2
DIS,2026-01-20,2026-01-21,take_profit,1,1828.292881737607,1882.953354022916,54.66047228530897,0.02989699999999984,1
ABBV,2026-01-20,2026-01-22,take_profit,1,1827.9517412962582,1882.6020145057926,54.65027320953436,0.029897000000000062,2
GOOGL,2026-01-21,2026-01-22,take_profit,1,1817.3508760629113,1893.7810644372141,76.43018837430282,0.0420558238813411,1
TSLA,2025-12-30,2026-01-22,dynamic,3,7251.321317588277,7446.97232443393,195.65100684565277,0.02698142838755424,16
MCD,2025-12-24,2026-01-23,time_stop,1,1809.9148316606793,1801.4039850485901,-8.510846612089153,-0.004702346465816909,20
MSFT,2026-01-02,2026-01-23,dynamic,3,7242.8769396292555,7341.98713555296,99.11019592370485,0.013683816078860156,15
AMZN,2026-01-15,2026-01-23,dynamic,2,3651.30879678248,3724.668897884229,73.36010110174902,0.020091453553967797,6
BMY,2026-01-21,2026-01-26,dynamic,1,1817.2931375359346,1833.905413843458,16.612276307523416,0.00914121996303141,4
AVGO,2026-01-26,2026-01-27,take_profit,1,1834.8596701248225,1891.8161928951827,56.95652277036015,0.031041350844277726,1
AAPL,2026-01-05,2026-01-27,dynamic,3,7247.997846021899,7288.764459250645,40.76661322874588,0.005624534401748038,16
RTX,2026-01-27,2026-01-27,dynamic,1,1837.4697829056988,1853.6324067640849,16.16262385838604,0.008796130422796367,1
CVS,2026-01-28,2026-01-29,take_profit,1,1837.9305309894094,1895.7295332418537,57.799002252444325,0.031447871003769334,1
BAC,2026-01-14,2026-01-29,dynamic,1,1828.2282023104974,1834.9593181418934,6.731115831395982,0.003681770045385724,11
WFC,2026-01-15,2026-01-29,dynamic,1,1825.3112519111792,1851.6864478625696,26.375195951390424,0.014449697783747606,10
WMT,2026-01-28,2026-01-29,dynamic,1,1837.8611977998116,1849.8881545449692,12.026956745157577,0.006543996227547311,2
HON,2026-01-29,2026-01-29,dynamic,1,1838.2642169138837,1887.9288895939524,49.664672680068634,0.027017156849980406,1
UPS,2026-01-29,2026-01-30,take_profit,1,1838.4466273487121,1893.4106661665567,54.96403881784454,0.029897000000000062,1
TGT,2026-01-22,2026-01-30,dynamic,2,3645.4319387443757,3682.253090836863,36.82115209248741,0.010100628049352744,7
TSLA,2026-01-30,2026-01-30,dynamic,1,1841.7268511898865,1863.449827801192,21.722976611305512,0.011794895968026298,1
LLY,2026-01-29,2026-02-02,take_profit,1,1837.2233473304912,1892.150813745631,54.92746641513986,0.029897000000000062,2
MA,2026-01-13,2026-02-02,dynamic,2,3651.9684428912374,3703.8030325870527,51.83458969581534,0.014193602849092102,14
COST,2026-01-29,2026-02-02,dynamic,1,1837.1786637566004,1856.8799526114656,19.701288854865197,0.010723665173957952,3
LOW,2026-01-30,2026-02-03,take_profit,1,1841.1531900799685,1896.1981470037892,55.04495692382079,0.029897000000000062,2
AMD,2026-02-02,2026-02-03,take_profit,1,1841.897977428729,1964.9790188682807,123.08104143955165,0.06682294185010806,1
JPM,2026-01-14,2026-02-03,dynamic,1,1827.9907313679107,1867.2463578293628,39.25562646145204,0.021474740428293337,14
SBUX,2026-01-30,2026-02-04,take_profit,1,1841.2111530847044,1896.2578429284779,55.04668984377349,0.029897000000000062,3
AVGO,2026-02-04,2026-02-05,take_profit,2,3691.5076152186803,3801.872618390874,110.36500317219361,0.029897000000000284,1
BA,2026-01-28,2026-02-06,take_profit,2,3676.1403594240537,3786.0459277497544,109.90556832570064,0.02989699999999984,7
NVDA,2026-02-04,2026-02-06,take_profit,2,3691.6441878870473,3802.0132741723064,110.36908628525907,0.029897000000000062,2
TSLA,2026-02-05,2026-02-06,take_profit,1,1848.0211349308795,1903.2714228019079,55.25028787102838,0.02989699999999984,1
AMD,2026-02-05,2026-02-06,take_profit,2,3697.292820664445,3807.8307841238507,110.53796345940555,0.029897000000000062,1
GS,2026-02-05,2026-02-06,take_profit,1,1848.4149090967824,1903.6769696340489,55.26206053726651,0.029897000000000062,1
MS,2026-02-06,2026-02-09,dynamic,1,1829.8859883581492,1865.0921907658942,35.20620240774497,0.01923956062384713,2
QCOM,2026-01-13,2026-02-10,time_stop,4,12784.360169335192,11741.606348381692,-1042.7538209534996,-0.08156480317682757,20
DHR,2026-01-29,2026-02-10,dynamic,2,3674.5123310704316,3690.7309326180252,16.218601547593607,0.004413810619290803,9
CSCO,2026-02-13,2026-02-17,take_profit,1,1838.4050765921102,1901.863853669896,63.458777077785726,0.034518386554621916,1
JPM,2026-02-13,2026-02-17,take_profit,1,1838.6340507168388,1893.6036929311203,54.96964221428152,0.029897000000000062,1
C,2026-02-13,2026-02-17,take_profit,1,1839.3280977428192,1894.3184898810366,54.99039213821743,0.029897000000000284,1
BAC,2026-02-13,2026-02-17,take_profit,1,1839.6721920951497,1894.6728716222183,55.00067952706854,0.02989699999999984,1
MS,2026-02-13,2026-02-17,take_profit,1,1839.993705377416,1899.5881089725158,59.59440359509972,0.03238837362374336,1
DHR,2026-02-17,2026-02-18,take_profit,1,1837.689720809684,1892.6311303927312,54.94140958304706,0.029897000000000062,1
WFC,2026-02-12,2026-02-18,dynamic,2,3685.9145867674024,3732.0128608522523,46.09827408484989,0.012506603991949472,4
AAPL,2026-02-13,2026-02-18,dynamic,1,1838.4373042556153,1854.6708228305558,16.23351857494049,0.008830063738025196,3
SCHW,2026-02-13,2026-02-18,dynamic,1,1839.011929186553,1864.6333968746846,25.621467688131588,0.013932192217733341,3
AXP,2026-02-13,2026-02-18,dynamic,1,1839.3083082671767,1858.6644029292522,19.35609466207552,0.010523572679509652,3
GOOGL,2026-02-09,2026-02-20,dynamic,2,3684.103628659949,3690.7609028125003,6.657274152551054,0.0018070268438601378,9
PEP,2026-02-18,2026-02-20,dynamic,1,1839.0513813735079,1874.6696429338156,35.6182615603077,0.01936773595401453,3
PG,2026-02-19,2026-02-20,dynamic,1,1846.9888142646062,1893.379025482593,46.390211217986916,0.025116671449067596,2
WMT,2026-02-20,2026-02-23,take_profit,1,1847.7422343246558,1902.9841839042601,55.24194957960435,0.029897000000000062,1
MDT,2026-02-12,2026-02-23,dynamic,2,3685.686194400185,3691.96650203514,6.280307634955079,0.0017039724229634956,7
AMD,2026-02-19,2026-02-24,take_profit,1,1846.9922269098877,1953.1251665805878,106.13293967070013,0.057462580580680545,3
TXN,2026-02-20,2026-02-24,take_profit,1,1848.1608380744979,1903.4153026504114,55.25446457591352,0.029897000000000062,2
HD,2026-02-20,2026-02-24,take_profit,1,1848.3256230929444,1905.2326480417948,56.90702494885045,0.03078841965823287,2
INTC,2026-02-20,2026-02-24,take_profit,1,1848.4058526426907,1903.6676424191492,55.2617897764585,0.029897000000000062,2
PFE,2026-02-20,2026-02-24,dynamic,1,1848.8642339205928,1878.4409393887693,29.576705468176442,0.015997229502059174,3
TSLA,2026-02-24,2026-02-24,dynamic,1,1852.0308988405839,1897.6435317307169,45.612632890133,0.024628440550688246,1
AVGO,2026-02-25,2026-02-25,dynamic,1,1856.5247400524183,1865.1510013702077,8.626261317789385,0.004646456431033563,1
C,2026-02-25,2026-02-25,dynamic,1,1855.9379950153914,1906.097103440755,50.159108425363684,0.027026284584980242,1
CVS,2026-02-23,2026-02-26,take_profit,2,3697.499379961077,3808.043518923773,110.5441389626958,0.02989699999999984,3
BAC,2026-02-24,2026-02-26,take_profit,1,1852.0510683610673,1907.4218391518584,55.370770790791084,0.029897000000000062,2
TMO,2026-01-29,2026-02-26,time_stop,4,12861.827747705465,12501.516995000484,-360.3107527049815,-0.028013961916824814,20
GILD,2026-02-25,2026-02-27,dynamic,1,1856.4727188142497,1876.4435650236562,19.970846209406545,0.010757414319647163,3
RTX,2026-02-25,2026-02-27,dynamic,1,1855.9407789265597,1894.6544167793859,38.713637852826196,0.020859306661291876,3
MRK,2026-02-27,2026-02-27,dynamic,1,1860.1700608950357,1924.3250694713345,64.15500857629877,0.0344887867647059,1
T,2026-02-27,2026-03-02,dynamic,1,1860.3244533382533,1887.0871846870944,26.762731348841044,0.014386055776892448,2
NVDA,2026-03-02,2026-03-03,take_profit,1,1863.1653204829393,1918.8683740694178,55.70305358647852,0.029897000000000062,1
CMCSA,2026-02-26,2026-03-03,dynamic,1,1858.0268063957799,1866.871339118811,8.84453272303108,0.004760174983797993,4
TSLA,2026-03-04,2026-03-04,dynamic,1,1862.2347509084243,1899.9358524709055,37.7011015624812,0.02024508539757952,1
AMD,2026-03-04,2026-03-04,dynamic,1,1861.8517591935122,1958.0822534964345,96.23049430292235,0.0516853685196752,1
INTC,2026-03-04,2026-03-04,dynamic,1,1861.6788878276272,1925.274294867541,63.59540703991365,0.03416024506466986,1
BA,2026-02-23,2026-03-06,dynamic,2,3697.982650717645,3768.287437921652,70.30478720400697,0.019011659557235383,10
GOOGL,2026-03-06,2026-03-09,take_profit,1,1860.389333329662,1916.0093932282189,55.620059898556974,0.029897000000000062,1
LLY,2026-03-06,2026-03-09,take_profit,1,1860.8379898516084,1916.4714632342018,55.633473382593365,0.02989699999999984,1
MCD,2026-03-06,2026-03-09,dynamic,1,1862.0261716915336,1887.5744330803877,25.548261388854144,0.013720677924545566,2
CAT,2026-03-02,2026-03-10,take_profit,3,7454.042606362033,7689.959415636373,235.91680927433936,0.031649511779417994,6
GS,2026-03-06,2026-03-10,take_profit,1,1861.3631158274939,1917.0122889013885,55.649173073894644,0.029897000000000062,2
C,2026-03-09,2026-03-10,take_profit,1,1858.218847346672,1928.4764029710732,70.25755562440122,0.03780908568693131,1
KO,2026-03-05,2026-03-10,dynamic,1,1866.369941044766,1871.1085383902869,4.73859734552093,0.0025389378822016084,4
AAPL,2026-03-06,2026-03-10,dynamic,1,1861.0716681607187,1876.7149243090114,15.643256148292721,0.008405509801647115,3
JNJ,2026-03-06,2026-03-10,dynamic,1,1862.1226745405575,1905.686475948924,43.563801408366544,0.023394700039896632,3
PG,2026-03-06,2026-03-10,dynamic,1,1862.2975969048268,1890.5895769120964,28.291980007269558,0.015191975790706858,3
XOM,2026-03-11,2026-03-11,dynamic,1,1869.9065812145684,1915.0759884893994,45.169407274830974,0.02415596999797276,1
LIN,2026-03-06,2026-03-12,dynamic,1,1861.2480540830359,1870.2528293791831,9.004775296147272,0.004838030737704946,5
CSCO,2026-03-10,2026-03-12,dynamic,1,1865.636252214277,1879.9592791147677,14.323026900490731,0.0076772880477053995,3
T,2026-03-10,2026-03-13,dynamic,1,1865.7605108521332,1870.296906787886,4.536395935752807,0.002431392405063182,4
BMY,2026-03-13,2026-03-16,dynamic,1,1860.1816651603913,1861.2425017932676,1.0608366328763168,0.0005702865761687548,2
MCD,2026-03-13,2026-03-16,dynamic,1,1859.8421904236109,1869.2125661786024,9.370375754991528,0.005038263893162531,2
MRK,2026-03-17,2026-03-17,dynamic,1,1861.6052077207723,1862.8659958461221,1.2607881253497908,0.0006772585938850106,1
TXN,2026-02-25,2026-03-24,time_stop,4,12992.559385402983,12911.763191428276,-80.79619397470742,-0.006218651120077356,20
DE,2026-03-16,2026-03-24,dynamic,2,3716.546505959565,3800.439628499522,83.89312253995695,0.02257287037991662,7
GE,2026-03-13,2026-03-25,dynamic,3,7440.981118011462,7565.457240371119,124.47612235965698,0.016728455614321236,9
TGT,2026-03-13,2026-03-26,dynamic,1,1860.5631209209946,1869.9666371068865,9.403516185891931,0.005054123711340175,10
PEP,2026-03-05,2026-03-30,take_profit,3,7466.081278331438,7689.294710309712,223.21343197827446,0.02989699999999984,17
LOW,2026-03-03,2026-03-30,time_stop,3,7459.63338043564,7212.735959171766,-246.8974212638741,-0.033097795651916506,20
C,2026-03-30,2026-03-31,take_profit,1,1834.8578734536054,1889.7146192962482,54.856745842642795,0.029897000000000284,1
GILD,2026-03-30,2026-03-31,take_profit,1,1834.5823160106524,1889.4308235124229,54.84850750177043,0.029897000000000062,1
ABBV,2026-03-10,2026-03-31,dynamic,3,7463.156501531582,7533.848551393446,70.69204986186378,0.009472138209530634,16
GOOGL,2026-03-25,2026-03-31,dynamic,2,3704.442039060063,3705.4706358927006,1.0285968326375041,0.00027766579198473806,5
RTX,2026-03-25,2026-03-31,dynamic,2,3703.8683938891063,3719.9091975298224,16.04080364071615,0.0043308244070392465,5
LLY,2026-03-13,2026-04-01,take_profit,3,7442.48049764707,7664.988337085225,222.50783943815532,0.029897000000000062,13
DE,2026-03-31,2026-04-01,take_profit,1,1841.4657093179944,1896.5200096294748,55.05430031148035,0.029897000000000062,1
UPS,2026-03-05,2026-04-01,time_stop,4,13067.74975353439,12739.671107630784,-328.07864590360623,-0.02510597861845887,20
CVS,2026-03-11,2026-04-01,dynamic,3,7479.165175279177,7517.466729315167,38.30155403599019,0.005121100168049342,16
AAPL,2026-03-13,2026-04-01,dynamic,1,1860.5353251874008,1861.441538723726,0.90621353632514,0.0004870713950211325,14
CSCO,2026-03-31,2026-04-02,dynamic,1,1841.7699556927262,1868.3028403215988,26.53288462887258,0.014406188214148186,3
UNP,2026-03-11,2026-04-06,dynamic,2,3739.860621211597,3746.143562019197,6.282940807599971,0.0016799933056232952,18
SBUX,2026-03-17,2026-04-06,dynamic,3,7447.14683692695,7555.179439147569,108.03260222061908,0.014506576086956713,14
LMT,2026-03-18,2026-04-06,dynamic,2,3717.126229391871,3775.1896322425882,58.06340285071701,0.01562050876604637,13
AMGN,2026-04-07,2026-04-08,take_profit,1,1880.7804227558784,1937.0101150550108,56.229692299132466,0.029897000000000062,1
JNJ,2026-04-08,2026-04-09,take_profit,1,1881.3657140838934,1937.6129048378598,56.24719075396638,0.029897000000000062,1
BMY,2026-04-08,2026-04-09,dynamic,1,1881.5739732545117,1928.7366741773292,47.16270092281752,0.025065557662472093,2
CMCSA,2026-03-13,2026-04-10,time_stop,3,7441.617935754429,7221.372984237889,-220.2449515165399,-0.02959637990259323,20
PFE,2026-04-08,2026-04-13,dynamic,1,1881.405730668356,1887.4307858056957,6.0250551373396775,0.0032024220183486385,4
T,2026-04-08,2026-04-16,dynamic,3,7524.9902525298285,7688.048419121198,163.05816659136963,0.02166888741637263,7
COST,2026-04-14,2026-04-16,dynamic,1,1875.5622256172664,1901.4343802616327,25.87215464436622,0.013794346191767337,3
CVS,2026-04-16,2026-04-17,take_profit,1,1870.380726916382,1926.299499509001,55.91877259261901,0.029897000000000062,1
DE,2026-04-16,2026-04-17,take_profit,1,1870.2046377039205,1926.1181457573548,55.91350805343427,0.029897000000000062,1
NEE,2026-04-14,2026-04-17,dynamic,1,1875.766581690333,1881.511144976098,5.744563285765025,0.003062514996182708,4
LLY,2026-04-16,2026-04-17,dynamic,1,1870.4116331474456,1901.7449430515035,31.333309904057842,0.01675209314825077,2
KO,2026-04-16,2026-04-17,dynamic,1,1870.4296578361682,1887.9404991374504,17.5108413012822,0.009361935225909557,2
MRK,2026-04-16,2026-04-17,dynamic,1,1870.5315543716483,1901.3226309213203,30.79107654967197,0.016461137197985032,2
HON,2026-04-17,2026-04-17,dynamic,1,1883.9696493381987,1903.505004182939,19.535354844740368,0.010369251357951859,1
NEE,2026-04-22,2026-04-23,take_profit,1,1878.8350262270233,1935.0065570061327,56.17153077910939,0.029897000000000062,1
XOM,2026-04-02,2026-04-23,dynamic,4,13121.541201611097,13196.510367213954,74.96916560285717,0.00571344207596991,15
DUK,2026-04-16,2026-04-23,dynamic,1,1870.713198667828,1875.0658838615277,4.352685193699699,0.002326751741955624,6
JNJ,2026-04-20,2026-04-23,dynamic,2,3762.5389034031496,3772.5002786292057,9.961375226056134,0.0026475142136195284,4
PEP,2026-04-23,2026-04-24,dynamic,1,1875.826499119823,1879.0842265868519,3.2577274670288716,0.001736689117334489,2
JPM,2026-04-27,2026-04-27,dynamic,1,1869.5339053260095,1898.2813824024138,28.747477076404266,0.015376815041710179,1
PFE,2026-04-23,2026-04-28,take_profit,1,1875.7872547905079,1931.8676663469796,56.080411556471745,0.029897000000000062,3
BAC,2026-04-24,2026-04-28,dynamic,1,1880.8224117385566,1892.8555770514556,12.033165312898973,0.006397821100917245,3
CVX,2026-04-02,2026-04-29,dynamic,3,7501.828405215574,7532.715816103631,30.887410888057275,0.004117317701719747,19
SBUX,2026-04-29,2026-04-29,dynamic,1,1874.6497516761613,1938.7820710485767,64.1323193724154,0.03421029411764698,1
BMY,2026-04-28,2026-04-30,take_profit,1,1869.8665265865538,1925.7699261319121,55.9033995453583,0.029897000000000062,2
AVGO,2026-04-29,2026-04-30,take_profit,1,1874.9083600863414,1930.9624953278428,56.0541352415014,0.029897000000000062,1
VZ,2026-04-02,2026-04-30,time_stop,3,7498.983268353668,7619.953342357468,120.97007400379971,0.016131530058788535,20
SO,2026-04-16,2026-04-30,dynamic,1,1870.3879256592172,1913.942488729021,43.55456306980386,0.023286379511059385,11
PFE,2026-04-30,2026-04-30,dynamic,1,1872.434933537823,1894.3125288638194,21.877595325996253,0.011684035014589478,1
AMGN,2026-04-30,2026-04-30,dynamic,1,1872.2948267082886,1902.3250345982985,30.030207890009933,0.01603925165077058,1
LIN,2026-05-01,2026-05-01,dynamic,1,1886.8939789475266,1903.816095336391,16.922116388864424,0.008968239115534793,1
GILD,2026-04-21,2026-05-05,dynamic,2,3761.383334860902,3763.2396443786856,1.8563095177837567,0.0004935177705975846,11
C,2026-04-27,2026-05-05,dynamic,1,1869.5103908155634,1871.5164517893588,2.0060609737954564,0.0010730408259032043,7
NVDA,2026-05-04,2026-05-06,take_profit,1,1883.5122563914363,1939.8236223207712,56.3113659293349,0.029897000000000062,2
HON,2026-04-22,2026-05-06,dynamic,2,3758.195962621588,3776.7996842444413,18.6037216228533,0.0049501733831558425,11
BA,2026-04-30,2026-05-06,dynamic,1,1872.0670132091043,1905.273678221933,33.20666501282881,0.017737968127490067,5
XOM,2026-05-08,2026-05-11,dynamic,1,1888.0378249206742,1937.423664614077,49.385839693402886,0.026157230030853684,2
NEE,2026-05-11,2026-05-11,dynamic,1,1884.624647363916,1901.275827402534,16.651180038618122,0.008835276595744679,1
CVX,2026-05-07,2026-05-12,dynamic,1,1888.9135937315366,1934.17974670175,45.2661529702134,0.023964120497852015,4
DUK,2026-05-07,2026-05-12,dynamic,1,1889.4693827864317,1890.338432892228,0.8690501057963047,0.0004599439999999344,4
BMY,2026-05-08,2026-05-12,dynamic,1,1888.1767413327943,1892.0099110692602,3.833169736465834,0.0020300905379018186,3
JNJ,2026-05-11,2026-05-12,dynamic,1,1884.6274743051272,1909.4717726908052,24.84429838567803,0.01318260437375729,2
WMT,2026-05-12,2026-05-12,dynamic,1,1889.7119307598782,1923.08661159112,33.374680831241676,0.017661253171969538,1
RTX,2026-04-17,2026-05-14,time_stop,3,7535.733853698705,7133.083620955533,-402.65023274317264,-0.05343211962635108,20
SO,2026-05-07,2026-05-14,dynamic,1,1889.5889861983621,1892.8349327070887,3.245946508726547,0.0017178055822906213,6
TGT,2026-05-12,2026-05-14,dynamic,1,1890.314667746272,1922.6170521758722,32.302384429600124,0.01708836363636368,3
LMT,2026-04-20,2026-05-15,time_stop,4,13168.336422745444,12612.677925995267,-555.6584967501767,-0.0421965599079317,20
HON,2026-05-18,2026-05-18,dynamic,1,1890.7037335710897,1918.0631508843162,27.35941731322646,0.01447049414852053,1
VZ,2026-05-18,2026-05-19,dynamic,1,1890.5224245284448,1936.577579247495,46.05515471905005,0.024361072961373464,2
INTC,2026-05-18,2026-05-20,take_profit,3,7567.534266241626,8167.856423093259,600.3221568516328,0.07932863410075841,2
TSLA,2026-05-19,2026-05-20,take_profit,1,1890.7930110758825,1947.322049728018,56.52903865213557,0.029897000000000062,1
BA,2026-05-18,2026-05-20,dynamic,1,1890.7052833182724,1905.2644343338388,14.559151015566385,0.007700380986937594,3
GILD,2026-05-18,2026-05-20,dynamic,1,1890.5856591647726,1898.239967209101,7.654308044328445,0.004048643872454738,3
AMGN,2026-05-18,2026-05-20,dynamic,1,1890.4586242283826,1925.2536027240512,34.7949784956686,0.0184055752660921,3
MS,2026-05-20,2026-05-20,dynamic,1,1896.3141110032452,1953.5139525366667,57.19984153342148,0.030163695561575388,1
C,2026-05-20,2026-05-20,dynamic,1,1895.958597154277,1956.1038831246356,60.1452859703586,0.031722889972720436,1
AMZN,2026-05-20,2026-05-20,dynamic,1,1895.7206587387643,1931.6850347209486,35.964375982184265,0.018971347817727358,1
GS,2026-05-20,2026-05-20,dynamic,1,1895.6401784532366,1969.904716877552,74.26453842431533,0.0391764952380953,1
AMD,2026-05-20,2026-05-20,dynamic,1,1895.148079289768,1981.463307846887,86.31522855711887,0.045545374264087446,1
CAT,2026-05-20,2026-05-22,dynamic,1,1894.2103524215652,1912.8693984498886,18.659046028323473,0.009850567020959211,3
UNH,2026-05-21,2026-05-22,dynamic,1,1908.1964943609917,1944.8020687846295,36.60557442363779,0.019183335957178915,2
GOOGL,2026-05-20,2026-05-26,dynamic,1,1894.2161252125447,1899.791345101824,5.575219889279197,0.002943286045911764,4
NVDA,2026-05-28,2026-05-29,take_profit,1,1905.2404687645646,1962.201443059219,56.96097429465431,0.029897000000000062,1
CVX,2026-05-27,2026-06-01,take_profit,1,1904.4171650424253,1961.3535250256987,56.936359983273405,0.029897000000000062,3
XOM,2026-05-27,2026-06-01,dynamic,1,1904.863577024763,1932.5526662173238,27.689089192560914,0.014535995924605194,4
DE,2026-05-18,2026-06-02,take_profit,2,3784.0022198346746,3897.132534201072,113.13031436639722,0.029897000000000062,10
TXN,2026-06-02,2026-06-02,dynamic,1,1900.250968349667,1943.3272848538227,43.076316504155784,0.02266875124477208,1
INTC,2026-06-01,2026-06-03,take_profit,2,3805.7756917920615,4132.813377785945,327.0376859938833,0.0859319393676321,2
TSLA,2026-06-02,2026-06-03,take_profit,1,1899.5359249349838,1956.3263504827648,56.79042554778107,0.02989699999999984,1
CVS,2026-05-21,2026-06-03,dynamic,2,3816.714709689624,3820.984313591288,4.269603901663686,0.0011186594300129915,9
LIN,2026-05-29,2026-06-03,dynamic,1,1906.1646837476321,1934.8305146578653,28.665830910233126,0.015038485999999907,4
MRK,2026-06-02,2026-06-04,take_profit,1,1899.3409896291844,1956.1255871961282,56.78459756694383,0.029897000000000062,2
TGT,2026-06-03,2026-06-04,take_profit,1,1902.556764339133,1959.43750392258,56.88073958344694,0.02989699999999984,1
BMY,2026-05-29,2026-06-04,dynamic,2,3812.550101365642,3864.279633948231,51.729532582588945,0.013568223684210734,5
JNJ,2026-06-01,2026-06-04,dynamic,1,1904.2543822054417,1946.4617966647709,42.20741445932913,0.02216479838709673,4
GOOGL,2026-06-02,2026-06-04,dynamic,1,1899.5048513333836,1927.592542051946,28.0876907185625,0.014786848635235605,3
UNH,2026-06-04,2026-06-04,dynamic,1,1910.3673205692742,1941.8656185972861,31.49829802801196,0.016488084615384757,1
WMT,2026-05-22,2026-06-05,dynamic,2,3813.0160077107016,3813.158390894572,0.14238318387060644,3.7341354870434884e-05,10
KO,2026-06-05,2026-06-05,dynamic,1,1913.1413024253864,1961.5696693290936,48.42836690370723,0.025313533737582272,1
AMD,2026-06-08,2026-06-09,take_profit,1,1914.775038831541,1984.6533720772784,69.8783332457374,0.03649427835051555,1
SBUX,2026-05-22,2026-06-10,dynamic,3,7625.944501771091,7628.308718809206,2.364217038114475,0.00031002284865366825,13
VZ,2026-06-02,2026-06-10,dynamic,2,3798.747306104309,3810.1429268900697,11.395620785760912,0.0029998364901631103,7
INTC,2026-06-08,2026-06-11,take_profit,2,3824.924879210623,3992.856707075318,167.9318278646947,0.043904608108108034,3
TXN,2026-06-08,2026-06-11,take_profit,2,3818.8044308339713,3932.975226902615,114.17079606864354,0.029897000000000062,3
QCOM,2026-06-10,2026-06-11,take_profit,2,3834.419512093812,3949.057152246881,114.63764015306879,0.029897000000000062,1
HON,2026-06-04,2026-06-11,dynamic,3,7637.637085432035,7826.476132132756,188.83904670072116,0.024724799645287066,6
UPS,2026-06-11,2026-06-11,dynamic,1,1910.5868957999887,2000.6217609835753,90.03486518358659,0.047124192771084594,1
CAT,2026-06-11,2026-06-12,take_profit,1,1910.448677498593,1982.1660011035588,71.71732360496571,0.03753951856946358,1
AMZN,2026-06-03,2026-06-15,dynamic,3,7610.261996846555,7746.311554397277,136.04955755072206,0.017877118765043276,9
AAPL,2026-06-09,2026-06-15,dynamic,2,3824.255406467617,3853.422489198253,29.16708273063614,0.00762686578969296,5
NEE,2026-05-19,2026-06-16,time_stop,2,3782.541316852724,3742.8939769588073,-39.647339893916524,-0.010481667369308556,20
COST,2026-05-27,2026-06-16,dynamic,2,3810.7248164015573,3823.157368750255,12.432552348697754,0.003262516436554952,15
AVGO,2026-06-08,2026-06-18,take_profit,2,3827.3389862520044,3974.218470585682,146.87948433367774,0.03837639803040083,8
CSCO,2026-06-18,2026-06-22,dynamic,1,1937.817600143496,1985.576311380282,47.758711236785985,0.02464561743749738,2
AMGN,2026-06-22,2026-06-22,dynamic,1,1934.53502382337,1974.8444428285236,40.309419005153586,0.020836748111950465,1
IBM,2026-06-10,2026-06-23,take_profit,3,7667.30905497563,7896.538593792236,229.22953881660578,0.02989699999999984,8
MRK,2026-06-16,2026-06-23,take_profit,1,1938.278873032628,1996.2275964996845,57.948723467056425,0.029897000000000062,4
VZ,2026-06-22,2026-06-23,take_profit,1,1934.5278249639175,1992.3644033468638,57.8365783829463,0.029897000000000062,1
BMY,2026-06-22,2026-06-23,take_profit,1,1934.5281214436861,1992.3647086904882,57.83658724680208,0.029897000000000062,1
JNJ,2026-06-22,2026-06-23,take_profit,1,1934.4181424492099,1992.251441654014,57.83329920480401,0.029897000000000062,1
WMT,2026-06-18,2026-06-23,dynamic,1,1937.7301186259324,1957.534605695704,19.80448706977154,0.010220456852791937,3
KO,2026-06-18,2026-06-23,dynamic,1,1937.709998692137,1948.1899116810573,10.479912988920205,0.0054084011518718,3
UNP,2026-06-18,2026-06-24,dynamic,1,1937.7289268460424,1951.649250704103,13.920323858060556,0.00718383446993176,4
LLY,2026-06-18,2026-06-25,dynamic,1,1937.7226415405587,1949.9789650905486,12.25632354998993,0.006325117582486328,5
GOOGL,2026-06-25,2026-06-29,take_profit,1,1948.8096554403098,2007.0732177090088,58.263562268698934,0.029897000000000062,2
AAPL,2026-06-26,2026-06-29,take_profit,1,1950.6238631583008,2033.6234547103682,82.99959155206739,0.04255027999999994,1
NVDA,2026-06-26,2026-06-30,take_profit,1,1949.9458230880855,2008.2433533609499,58.29753027286438,0.02989699999999984,2
CSCO,2026-06-29,2026-06-30,take_profit,1,1947.8621785867801,2006.0974141399893,58.23523555320912,0.029897000000000062,1
AVGO,2026-06-29,2026-06-30,dynamic,1,1948.8541159075494,1970.2260999152827,21.371984007733317,0.010966436037096905,2
BAC,2026-07-01,2026-07-01,dynamic,1,1949.8093799244389,1991.5892932758445,41.77991335140564,0.02142769123052668,1
MS,2026-06-29,2026-07-06,take_profit,1,1948.1786928153576,2006.4233911944584,58.24469837910078,0.029897000000000062,4
QCOM,2026-07-02,2026-07-06,take_profit,2,3902.13142597445,4018.793449216808,116.66202324235792,0.02989699999999984,1
GS,2026-06-26,2026-07-06,dynamic,2,3900.6794259042294,3983.621585090551,82.94215918632153,0.021263515949428324,6
XOM,2026-06-16,2026-07-07,dynamic,1,1938.1303961934248,1958.6720484133155,20.541652219890693,0.010598694628718208,14
CVX,2026-06-18,2026-07-07,dynamic,2,3874.999003727148,3918.6257213220183,43.626717594870115,0.011258510661011245,12
TGT,2026-07-02,2026-07-08,take_profit,2,3902.3387540625868,4019.0069757927968,116.66822173021,0.029897000000000284,3
CSCO,2026-07-06,2026-07-09,take_profit,1,1952.0343131575569,2010.3942830180285,58.359969860471665,0.029897000000000062,3
INTC,2026-07-08,2026-07-09,take_profit,1,1959.4875983436038,2078.151724724724,118.66412638112001,0.060558753462603754,1
GOOGL,2026-07-14,2026-07-14,dynamic,1,1962.401797696273,2008.6633351350622,46.26153743878922,0.023573937556058633,1
INTC,2026-07-14,2026-07-15,take_profit,2,3927.461013791933,4057.8887142044628,130.4277004125297,0.0332091648916466,1
DE,2026-07-13,2026-07-15,dynamic,1,1964.2267502005666,1976.4021193085564,12.175369107989809,0.006198555796445904,3
AMGN,2026-07-14,2026-07-16,take_profit,1,1962.5090731327414,2021.182206892191,58.673133759449684,0.029897000000000062,2
LLY,2026-07-15,2026-07-16,take_profit,1,1964.5434809424592,2023.277437392196,58.73395644973675,0.029897000000000062,1
MRK,2026-07-15,2026-07-16,take_profit,1,1964.7216391395361,2023.4609219848908,58.73928284535464,0.029897000000000062,1
ABBV,2026-07-13,2026-07-16,dynamic,1,1964.2640990963368,2011.672807725169,47.40870862883207,0.0241356081652373,4
JNJ,2026-07-16,2026-07-17,dynamic,1,1967.1046742302065,1999.623909805282,32.51923557507553,0.016531522699879453,2
QCOM,2026-07-15,2026-07-20,take_profit,3,7859.430122684446,8094.403505062344,234.9733823778979,0.029897000000000062,3
CAT,2026-07-17,2026-07-20,take_profit,1,1967.16184965168,2079.763069850637,112.60122019895675,0.0572404452734252,1
INTC,2026-07-20,2026-07-21,take_profit,1,1971.7773832255634,2084.9288932591558,113.15151003359233,0.05738554006968655,1
TXN,2026-07-20,2026-07-21,take_profit,1,1971.0045473231603,2029.9316702744804,58.92712295132014,0.02989699999999984,1
AMD,2026-07-20,2026-07-21,take_profit,1,1970.5616680158112,2029.47555020448,58.91388218866882,0.029897000000000062,1
C,2026-07-15,2026-07-21,dynamic,2,3927.7912873525092,3972.141208263391,44.34992091088179,0.011291313022076421,5
CSCO,2026-07-16,2026-07-21,dynamic,1,1966.643412268874,2001.4153164808881,34.77190421201408,0.017680838323353543,4
CAT,2026-07-21,2026-07-21,dynamic,1,1971.2735878541034,1976.58443199024,5.310844136136666,0.0026941182435857858,1
MS,2026-07-21,2026-07-22,dynamic,1,1971.6530474601207,2016.114903355562,44.46185589544143,0.022550547598989112,2
GE,2026-07-09,2026-07-27,take_profit,2,3925.050918710325,4042.3981660270074,117.34724731668257,0.029897000000000062,12
TGT,2026-07-24,2026-07-27,take_profit,1,1980.1808550332762,2039.3823220562062,59.201467022930046,0.029897000000000062,1
INTC,2026-07-28,2026-07-29,take_profit,2,3968.5161592287104,4087.1628868411713,118.64672761246084,0.029897000000000062,1
SBUX,2026-07-24,2026-07-29,dynamic,1,1980.1712601141253,1984.7378335237481,4.566573409622833,0.002306150736355761,4
AMD,2026-07-28,2026-07-30,take_profit,3,7943.961421892124,8245.784113543941,301.82269165181697,0.03799397751606004,2
CAT,2026-07-29,2026-07-30,take_profit,2,3969.132574011163,4087.7977305763743,118.66515656521142,0.02989699999999984,1
AXP,2026-07-23,2026-07-30,dynamic,2,3958.4824737876047,3993.4366766758308,34.954202888226064,0.008830202765753414,6
TXN,2026-07-29,2026-07-30,dynamic,1,1985.9276856025986,1987.012139846423,1.084454243824439,0.0005460693517123083,2
AVGO,2026-07-30,2026-07-30,dynamic,1,1976.4914748647352,2015.2117717002175,38.72029683548226,0.01959041935059802,1
C,2026-07-30,2026-07-30,dynamic,1,1975.7066956345734,2026.8230395857186,51.116343951145154,0.025872435450104758,1
INTC,2026-07-30,2026-07-30,dynamic,1,1975.2809244076345,2080.5612057126755,105.28028130504094,0.053298890301698876,1
NVDA,2026-07-28,2026-07-31,take_profit,1,1984.0306028748487,2043.347165808998,59.31656293414926,0.029897000000000062,3
GS,2026-07-29,2026-07-31,take_profit,2,3971.376626596003,4092.1492468021615,120.77262020615854,0.030410769756097578,2
CVX,2026-07-29,2026-07-31,dynamic,1,1985.2690471120577,2029.721716843699,44.45266973164121,0.02239125714285728,3
MS,2026-07-29,2026-07-31,dynamic,2,3969.0099269294224,4019.3925233158407,50.3825963864183,0.01269399606299193,3
UPS,2026-07-29,2026-08-03,dynamic,1,1984.430406420734,2018.801122681173,34.37071626043894,0.017320192307692217,4
UNP,2026-07-31,2026-08-04,dynamic,1,1997.799911902769,2043.454605081106,45.654693178336856,0.02285248532965145,3
LLY,2026-08-03,2026-08-05,take_profit,1,1998.3328408239818,2058.0769977660966,59.74415694211484,0.029897000000000062,2
JNJ,2026-07-31,2026-08-05,dynamic,1,1997.8251491845153,2009.953979143086,12.128829958570577,0.006071016757157821,4
TMO,2026-08-05,2026-08-05,dynamic,1,1997.5910055101763,2032.2092228142094,34.618217304033124,0.01732998256827445,1
UNH,2026-08-05,2026-08-06,take_profit,1,1997.4202330051976,2057.1371057113543,59.716872706156664,0.029897000000000062,1
AAPL,2026-08-03,2026-08-06,dynamic,1,1998.4007131817134,2016.4672613489847,18.06654816727132,0.009040503262484956,4
XOM,2026-08-06,2026-08-06,dynamic,1,2001.9042569310996,2009.7513789242455,7.847121993145947,0.003919828815977189,1
ABBV,2026-08-03,2026-08-10,dynamic,2,3996.4952405094145,4022.890515106996,26.395274597581647,0.006604605537880559,6
LIN,2026-07-16,2026-08-12,time_stop,2,3934.110619024772,3822.576325702624,-111.53429332214773,-0.028350573769528653,20
MA,2026-08-13,2026-08-13,dynamic,1,1999.591484816489,2004.4464749823849,4.85499016589597,0.002427991018546294,1
AAPL,2026-08-13,2026-08-14,dynamic,1,1999.8173193427947,2010.9231520833985,11.105832740603773,0.005553423621840414,2
GE,2026-08-14,2026-08-14,dynamic,1,2000.1944659687845,2032.4357357512922,32.24126978250774,0.016119067586206848,1
RTX,2026-08-14,2026-08-14,dynamic,1,2000.0375196754285,2008.5755447092524,8.538025033823942,0.004268932432432315,1
TMO,2026-08-18,2026-08-19,take_profit,1,1997.569730509362,2057.2910727424005,59.72134223303851,0.029897000000000062,1
LIN,2026-08-13,2026-08-19,dynamic,1,1999.621049740123,2004.7336547371585,5.1126049970355325,0.002556786946056544,5
AMZN,2026-08-17,2026-08-19,dynamic,1,2002.0016661277305,2004.8180444209743,2.8163782932438153,0.0014067811934899144,3
DE,2026-08-18,2026-08-20,take_profit,2,3995.5434010090544,4126.930517307477,131.38711629842282,0.03288341612438539,2
MSFT,2026-08-18,2026-08-21,dynamic,1,1997.8487546774,2004.7013501829251,6.852595505525187,0.003429987124641931,4
SBUX,2026-08-20,2026-08-21,dynamic,1,1993.2764625337786,2044.632109635526,51.35564710174731,0.025764437631730086,2
GOOGL,2026-08-21,2026-08-21,dynamic,1,1991.965853856779,2004.819320616863,12.853466760084075,0.006452654163321858,1
UNH,2026-08-20,2026-08-24,dynamic,1,1993.5303620459697,2047.2908516490247,53.76048960305502,0.026967479716677234,3
MS,2026-08-20,2026-08-25,dynamic,1,1993.2878241069432,2016.1547115194314,22.866887412488268,0.011471944561108893,4
C,2026-08-20,2026-08-25,dynamic,1,1993.4453397216216,2004.5285196887116,11.083179967090018,0.005559811320754671,4
BRK-B,2026-08-17,2026-08-26,dynamic,1,2001.68302203976,2003.3079743891954,1.6249523494352616,0.0008117930419269115,8
LMT,2026-08-24,2026-08-26,dynamic,1,1992.0766096688626,1999.3712442301794,7.294634561316798,0.003661824312333639,3
RTX,2026-08-24,2026-08-26,dynamic,1,1992.0773334979413,2010.7535422896942,18.67620879175297,0.009375242857142974,3
INTC,2026-08-20,2026-08-27,take_profit,2,3986.23955068543,4105.416154532272,119.17660384684223,0.029897000000000062,5
NVDA,2026-08-20,2026-08-27,take_profit,2,3986.838861864169,4150.69743804024,163.85857617607098,0.04109987432485651,5
DUK,2026-07-31,2026-08-27,time_stop,2,3995.0793501283133,3921.7964077465986,-73.28294238171475,-0.018343300835654497,20
SO,2026-07-31,2026-08-27,time_stop,2,3995.3690537922657,3867.9682204485935,-127.40083334367228,-0.03188712522632864,20
TXN,2026-08-24,2026-08-27,dynamic,1,1992.0615391705112,2022.363957954606,30.302418784094698,0.015211587688557238,4
CVX,2026-08-26,2026-08-28,dynamic,1,1989.211892905738,2020.3399510425309,31.128058136792788,0.01564843757862433,3
AMZN,2026-08-28,2026-08-28,dynamic,1,2001.2788061925073,2063.902881165362,62.624074972854714,0.03129202926602659,1
BAC,2026-08-28,2026-08-28,dynamic,1,2000.8140031757569,2031.252192978908,30.43818980315109,0.015212903225806373,1
XOM,2026-08-26,2026-08-31,dynamic,1,1989.3830764855568,2026.3239686059133,36.940892120356466,0.018569018987341757,4
CVS,2026-08-06,2026-09-01,dynamic,3,8005.587794657518,8153.8282352595415,148.24044060202323,0.01851712134129002,19
ABBV,2026-08-28,2026-09-01,dynamic,1,2000.877339448459,2010.88676179401,10.009422345551002,0.005002516720145511,3
AMGN,2026-08-31,2026-09-01,dynamic,1,2001.978534421247,2046.2892853708363,44.31075094958919,0.022133479549219626,2
CAT,2026-09-02,2026-09-03,take_profit,1,2001.0623602500461,2060.888121634442,59.825761384395946,0.029897000000000062,1
SCHW,2026-08-28,2026-09-03,dynamic,1,2000.982942680583,2037.328508887098,36.34556620651506,0.01816385608856086,5
GS,2026-09-02,2026-09-03,dynamic,1,2001.0844198092366,2056.745155483011,55.6607356737743,0.027815286113256787,2
MS,2026-09-02,2026-09-03,dynamic,1,2000.867980275806,2049.559055850826,48.69107557502002,0.02433497664763884,2
BA,2026-08-19,2026-09-04,dynamic,3,7986.964610302573,7992.568794745476,5.604184442902806,0.0007016663671794987,13
GE,2026-09-02,2026-09-04,dynamic,1,2000.7332994516162,2023.0974357755513,22.3641363239351,0.011177969762419027,3
AVGO,2026-08-17,2026-09-08,dynamic,4,14016.29252606898,14235.487814043918,219.19528797493695,0.01563860682611007,16
HON,2026-08-12,2026-09-09,time_stop,3,7998.346610377898,7477.349201957065,-520.9974084208334,-0.06513813839285687,20
ABBV,2026-09-09,2026-09-10,take_profit,1,2007.6520007632278,2067.674772630046,60.022771866818175,0.029897000000000062,1
CSCO,2026-09-04,2026-09-11,dynamic,1,2005.1644637958077,2050.4980610752586,45.33359727945094,0.022608418460415836,5
V,2026-09-09,2026-09-11,dynamic,1,2007.8736546480745,2018.5708065811987,10.697151933124132,0.00532760211697636,3
AMZN,2026-09-10,2026-09-11,dynamic,1,2002.5990097314975,2055.7992522549357,53.20024252343819,0.02656559913637979,2
KO,2026-08-28,2026-09-14,dynamic,1,2001.0364131504543,2003.9762835404283,2.9398703899739758,0.001469173859432793,11
MA,2026-09-09,2026-09-14,dynamic,1,2007.776630342071,2026.6989829453291,18.922352603258105,0.009424530755711702,4
CVS,2026-09-14,2026-09-14,dynamic,1,2001.5413030315035,2003.647807811292,2.1065047797885654,0.0010524413243924169,1
TMO,2026-09-01,2026-09-15,take_profit,1,2001.7723104810368,2061.6192972474887,59.84698676645189,0.029897000000000062,9
NVDA,2026-09-11,2026-09-17,dynamic,2,4000.9217198998576,4060.088310519081,59.16659061922337,0.014788240001032626,5
LLY,2026-08-27,2026-09-21,dynamic,2,3985.982124660138,4024.2705888114756,38.288464151337394,0.009605779191647068,17
BLK,2026-09-01,2026-09-21,dynamic,3,8006.564887013247,8054.976274366747,48.41138735349978,0.006046461627011057,14
GE,2026-09-14,2026-09-21,dynamic,1,2001.2929315531044,2025.28113848016,23.98820692705567,0.011986354695431523,6
PFE,2026-09-09,2026-09-22,dynamic,1,2007.5695147797235,2019.661722123303,12.092207343579503,0.006023306916426385,10
XOM,2026-09-22,2026-09-23,dynamic,1,2000.3377682348535,2047.116148839384,46.77838060453064,0.023385240906494076,2
CVX,2026-09-22,2026-09-24,take_profit,1,2000.4814312286335,2060.2898245780757,59.80839334944221,0.02989699999999984,2
UNH,2026-09-14,2026-09-24,dynamic,2,4004.191306391208,4018.3045067675407,14.11320037633277,0.0035246069172085726,9
CRM,2026-09-22,2026-09-24,dynamic,2,4001.491987566132,4028.973843086433,27.481855520300996,0.0068679021739130874,3
V,2026-09-23,2026-09-24,dynamic,1,1996.6966746501166,2033.7475581151484,37.0508834650318,0.01855609013398296,2
ABT,2026-08-28,2026-09-25,time_stop,3,8003.532120527662,7671.453452435047,-332.07866809261486,-0.04149151438286747,20
CVS,2026-09-17,2026-09-25,dynamic,3,7986.90819335249,8153.961455816474,167.05326246398363,0.020915886150165264,7
JPM,2026-09-24,2026-09-25,dynamic,1,1995.5709770665494,2024.5241906261422,28.95321355959277,0.014508736543239031,2
