date,mtm,realized,exposure,n,open_pnl,spy
2021-01-04,100000.0,100000.0,0.0,0,0.0,100000.0
2021-01-05,100153.68814601157,100061.29267764538,0.060845227574539605,4,93.4455386159434,100688.73884866726
2021-01-06,99993.0086015109,100106.13817764538,0.08896762682026003,6,-111.62877178105737,101290.70744868353
2021-01-07,100098.83632047492,100136.57674716259,0.10462734883134861,6,-35.78944748274807,102795.6289487242
2021-01-08,100239.68417565497,100243.1789631609,0.05991393279891545,3,-1.393660046524019,103381.32812711841
2021-01-11,100186.78207145302,100257.83988125734,0.044272797262763605,2,-68.9566823448913,102684.45456764012
2021-01-12,100186.37753476892,100257.83988125734,0.05924148391182044,2,-69.21122951609141,102706.14712980286
2021-01-13,100350.08751754495,100359.08208822148,0.10476611169481863,6,-5.841702905963757,102982.7272973779
2021-01-14,100139.33230598121,100360.80765578659,0.11789932875406312,7,-218.02143236182383,102622.08845142221
2021-01-15,100112.66837896893,100360.80765578659,0.1927039633528028,11,-243.93419330624602,101873.6950568074
2021-01-19,100113.41621022794,100450.67359741699,0.22178381396382116,13,-332.45172404701225,102673.60828655874
2021-01-20,100367.66594071628,100600.08850672918,0.17736330295445704,10,-227.16626701816858,104094.47110821876
2021-01-21,100379.73259306421,100677.87931770763,0.1767616214074085,10,-292.5893160503474,104189.37606768079
2021-01-22,100411.5681729329,100735.95028153011,0.22152743708583075,12,-317.92159850677126,103820.60251091406
2021-01-25,100478.51530669589,100772.61683224264,0.2666611459894937,14,-287.03857239122226,104230.04962173595
2021-01-26,100690.86315698663,100976.0719009599,0.23627555691761554,12,-277.99507304479266,104067.35540551532
2021-01-27,99828.00469490184,100987.56062793211,0.3653780071670603,14,-1150.8360361096202,101523.90249193307
2021-01-28,100572.56626910262,101073.29187885851,0.33920246573674206,13,-491.8559708281682,102397.0281189837
2021-01-29,100034.21747760741,101073.29187885851,0.38085964507230446,13,-1029.7525192585817,100347.08099460397
2021-02-01,100458.78858676026,101127.8756424293,0.3381289452613751,13,-659.4651286316512,102017.4082811356
2021-02-02,101219.01832098713,101522.88505075719,0.17554874089740352,7,-293.9434345608861,103459.96366495837
2021-02-03,101390.4161020621,101572.54864973936,0.13236242281823207,7,-171.60185765010647,103541.31077306868
2021-02-04,101434.31952985947,101652.06219523345,0.08722218372123534,4,-207.21197534682688,104718.13227039778
2021-02-05,101416.32268392511,101697.45337339342,0.08664630706842841,4,-270.4478479618465,105130.29095149
2021-02-08,101377.31045546861,101697.45337339342,0.10130210130026801,5,-309.30795193431914,105889.53062718619
2021-02-09,101408.94305307543,101709.48822458393,0.11616715543955382,4,-289.40900554087966,105819.02980015727
2021-02-10,101370.59577787312,101573.07075552293,0.0875249941102327,3,-191.33881168219887,105772.93310556143
2021-02-11,101332.29889206783,101573.07075552293,0.11719234441298045,5,-229.33160732057513,105943.76203259306
2021-02-12,101419.37097764437,101573.07075552293,0.14792873478774465,7,-141.95551239756242,106467.09509476938
2021-02-16,101281.65071466731,101573.07075552293,0.1467701095294457,7,-279.6757753746224,106374.9017055777
2021-02-17,101514.79788920691,101625.19598200076,0.2080947409202235,10,-97.74201785745754,106399.30583801078
2021-02-18,101449.51617063516,101676.94120987039,0.2071110725097642,10,-214.61669210200125,105946.4736028634
2021-02-19,101235.6945183878,101543.96966379782,0.19234450500585237,12,-294.7062158059962,105759.3752542097
2021-02-22,100556.47480240981,101627.96787400595,0.2918584447422981,13,-1056.5563150472262,104945.90417310664
2021-02-23,100899.53838939861,101729.23857331529,0.458814613149023,13,-812.636977474147,105073.3479758128
2021-02-24,101712.3594092539,102047.45962702227,0.40000833625867355,14,-317.5829645723352,106231.18848124948
2021-02-25,100686.03223680906,102047.45962702227,0.454192676607571,15,-1343.3030583263608,103671.46614604518
2021-02-26,100509.91443754351,102047.45962702227,0.49848987782535187,15,-1518.9660596428148,103137.2868027875
2021-03-01,101693.3949258524,102293.61540993498,0.3820773515713322,11,-581.3396848222401,105637.35459204424
2021-03-02,101402.52757259592,102293.61540993498,0.38030487578036126,11,-872.2070380787263,104813.03722985981
2021-03-03,100542.61185799702,102303.4174568487,0.35983526476959343,11,-1741.7726957999766,103424.7132514439
2021-03-04,99774.49417995752,102303.4174568487,0.6281195200126883,13,-2507.1646816373686,102144.85208384175
2021-03-05,101023.28038765171,101950.37585025394,0.5302729465120364,10,-904.2800023361779,104023.97028118983
2021-03-08,100332.13686377052,102235.80039885385,0.4487112031950221,8,-1880.5450049761348,103506.0603595542
2021-03-09,101940.68790168519,102555.69510504669,0.24632830621606255,4,-591.8886732543178,104983.86615689145
2021-03-10,101938.74926510788,102555.69510504669,0.2463139731432774,4,-593.8273098316167,105637.35459204424
2021-03-11,102436.54040764066,102607.14092249115,0.14640140871510487,3,-147.48198474330638,106708.42484882995
2021-03-12,102378.4793991632,102607.14092249115,0.16092732250683137,4,-205.38933841014295,106852.13807315816
2021-03-15,102486.10257360329,102669.74847229537,0.1462048191342648,3,-160.37371377427917,107489.35708668889
2021-03-16,102394.19184189854,102669.74847229537,0.16045340395840477,4,-252.1307163251695,107353.77857317172
2021-03-17,102343.55925294403,102669.74847229537,0.19005677764827572,6,-302.4561136941302,107719.8405596681
2021-03-18,102178.14447236808,102669.74847229537,0.2188180710409287,7,-467.5636497773412,106152.55294340952
2021-03-19,102463.60025214712,102700.34385658428,0.25152560546574154,10,-211.47660677867316,105610.2388893408
2021-03-22,102712.5588336273,102821.33212988755,0.2383759806846157,12,-82.7379112742965,106453.53724341765
2021-03-23,102559.93964875063,102913.12509161711,0.23646059696156446,13,-326.84189904268715,105615.6620298815
2021-03-24,102528.85067925151,102932.49955317832,0.25114838579391824,14,-376.8439757747328,105078.77111635347
2021-03-25,103028.23056960238,103186.04056756657,0.1478956872241965,6,-130.38994963212826,105669.89343528837
2021-03-26,103251.76026860421,103352.25479951859,0.08861130379256343,3,-73.07448258232398,107372.75956506412
2021-03-29,103262.5869813587,103383.61787278799,0.05863526089358912,2,-93.61084309722355,107318.52815965725
2021-03-30,103267.97765237706,103383.61787278799,0.07368511779549652,3,-88.0652781984054,107033.81328127118
2021-03-31,103245.05361644554,103383.61787278799,0.07347944328713277,3,-110.98931412991988,107467.66452452615
2021-04-01,103305.97284525182,103383.61787278799,0.08901846339800126,4,-49.91521774323337,108628.2166002332
2021-04-05,103291.7297914616,103388.56617222418,0.08885528759383417,4,-68.9516120103599,110187.36950568073
2021-04-06,103274.09236706332,103403.09510000251,0.04379660573170428,2,-101.11796418699305,110122.29181919248
2021-04-07,103272.64528741027,103403.09510000251,0.05878491739798028,3,-102.41013270149506,110249.73562189864
2021-04-08,103270.35096484469,103403.09510000251,0.07376584002312618,4,-104.54954629915119,110773.06868407494
2021-04-09,103394.88867499058,103473.187389167,0.04423515688736141,2,-49.94921979129322,111578.40505436697
2021-04-12,103360.06811966276,103482.66078316912,0.05884808717434047,3,-93.93297990109022,111619.07860842213
2021-04-13,103388.27426324305,103398.82934981398,0.060173078214502414,4,18.41468541699942,111949.89018140404
2021-04-14,103468.8104026356,103491.53647357614,0.06001876118332555,4,6.553863423025177,111567.55877328561
2021-04-15,103559.26938408091,103541.81437045839,0.090332089216356,6,47.510750004259535,112766.07283277746
2021-04-16,103594.65712158779,103597.74059288946,0.045191462363100704,3,26.97226508006588,113142.9811003552
2021-04-19,103590.40493996415,103626.86955981495,0.029890770758200406,2,-6.408883469083776,112587.10919493478
2021-04-20,103503.28198555938,103626.86955981495,0.05910533753831849,4,-93.22103672138019,111762.79183275034
2021-04-21,103751.24521379902,103661.82146699325,0.1658048285443676,10,121.03262452579656,112820.30423818433
2021-04-22,103524.60518045812,103661.82146699325,0.1639785765036865,10,-105.60740881509628,111789.90753545378
2021-04-23,103748.17660437888,103864.1453007897,0.10393494233417816,6,-83.58334575885783,113001.97944629735
2021-04-26,103721.50646538252,103910.56186511254,0.08828858287558713,5,-156.67004907804767,113237.88605981723
2021-04-27,103707.3107205544,103910.56186511254,0.16318040820561927,10,-170.08789447386152,113213.48192738414
2021-04-28,103653.51382978857,103924.15020936812,0.22268186069343898,12,-236.54032805588577,113180.94308414002
2021-04-29,103951.48193277796,104063.44296922942,0.13381410019130072,6,-77.39855442417502,113902.2207760514
2021-04-30,103986.89668478689,104166.12245832097,0.17816390359297407,9,-143.88346386614285,113153.82738143658
2021-05-03,104055.21954334488,104282.46261815661,0.17771825672181574,9,-191.43290530790546,113397.8687057675
2021-05-04,103922.70161563563,104343.31593453843,0.19115422969879964,7,-384.1801042494699,112698.28357601886
2021-05-05,103852.58864829622,104444.19375946053,0.21961382729570894,10,-554.3915290969708,112733.53398953333
2021-05-06,104006.32978751473,104444.19375946053,0.265701074119449,13,-400.18309781439166,113633.7753192874
2021-05-07,104197.86696877277,104564.78309482055,0.16118589566076014,7,-329.2352519163869,114460.80425174217
2021-05-10,103877.09543078815,104564.78309482055,0.17360249823385665,7,-649.850918658045,113327.36787873857
2021-05-11,104077.45217508412,104568.66668319843,0.24986812246908777,8,-451.9765807809381,112315.95216790042
2021-05-12,103465.51006871274,104615.25088602984,0.24498938068485807,7,-1110.347005931315,109929.7703299981
2021-05-13,103862.38599200954,104644.4454881847,0.35221679481582724,14,-741.4239558883128,111250.3050516554
2021-05-14,104412.500044133,104988.09167836457,0.2630832287648878,7,-534.6450583234073,112958.59432197185
2021-05-17,104319.35923914399,104988.09167836457,0.2624252778171121,7,-627.7858633124306,112671.16787331543
2021-05-18,104189.40251138783,104552.93346303796,0.14646119822547068,6,-322.4278967031041,111700.42571653244
2021-05-19,104165.03085032542,104552.93346303796,0.1762617665005575,6,-346.4870910849859,111407.57612733533
2021-05-20,104497.61184728771,104580.3885167413,0.20860560433173247,9,-40.579896212526364,112606.09018682719
2021-05-21,104529.46803207212,104697.70102861236,0.16283655225279878,7,-126.03622329914651,112513.8967976355
2021-05-24,104621.64143144769,104723.59068709785,0.14851490712816032,7,-59.595688207031344,113660.89102199083
2021-05-25,104716.63666659764,104789.07802508227,0.044455964559509155,2,-30.087791041508353,113408.71498684888
2021-05-26,104708.8539545714,104789.07802508227,0.10439630925588364,6,-37.24219374640052,113633.7753192874
2021-05-27,104557.03141700871,104789.07802508227,0.14816248789828157,9,-188.59357497069686,113693.42986523495
2021-05-28,104610.28312836224,104792.72937885138,0.1635606740041678,10,-138.67954473584177,113896.79763551072
2021-06-01,104452.29095604371,104792.72937885138,0.1773196857316196,11,-296.51480162966254,113796.469535508
2021-06-02,104533.4674091831,104785.32007082859,0.14819414163979966,10,-207.45906811921122,113975.43317335068
2021-06-03,104589.90075801397,104804.72502358315,0.1484217727823443,10,-170.1170634880491,113552.42821117709
2021-06-04,104651.69208077206,104833.75625828296,0.16363509969725548,11,-136.88637106504393,114590.95962471867
2021-06-07,104610.83222515522,104855.12203272695,0.17812587961570903,12,-198.64107790814887,114479.78524363459
2021-06-08,104568.47114116099,104866.94652912393,0.20770346645418797,13,-252.35578014041312,114504.18937606768
2021-06-09,104617.89983532575,104887.5722384503,0.2078607814432933,13,-223.39594259532896,114333.36044903603
2021-06-10,104681.06773131188,105044.3754988519,0.13187093403552577,8,-316.56055093429495,114864.82822202337
2021-06-11,104690.4859217917,105066.40234647939,0.2517093350108423,14,-327.7563661161439,115054.63814094741
2021-06-14,104446.47302350627,105078.96976719968,0.2799101825747652,14,-583.8656731336305,115312.23731663005
2021-06-15,104402.42824058262,105078.96976719968,0.29461422338338095,15,-627.753786347741,115100.73483554326
2021-06-16,104116.7948395618,105092.36571168494,0.3226921524400605,14,-926.3123311660893,114458.09268147184
2021-06-17,103290.94413450896,105092.36571168494,0.5147598367538483,15,-1750.1234194192148,114420.13069768703
2021-06-18,102428.1574776317,105092.36571168494,0.602594420474083,15,-2611.9686311098267,112508.47365709482
2021-06-21,103624.95258557686,105123.87165268986,0.5313095401810899,12,-1446.6794641696179,114119.1463976789
2021-06-22,103695.15944469935,105152.60735165176,0.5010730161900874,11,-1405.2083040090001,114729.24970850619
2021-06-23,103866.22031994708,105152.60735165176,0.5018947163181205,11,-1234.1474287612873,114590.95962471867
2021-06-24,104817.43569288365,105173.3172983926,0.22159150165277,6,-303.33041127849356,115268.85219230456
2021-06-25,104950.87359484276,105254.1484472269,0.17705075996270034,4,-250.7236581536563,115678.29930312643
2021-06-28,104891.53548887708,105254.1484472269,0.19159519649814505,5,-309.9043378089482,115911.49434637598
2021-06-29,104634.943174679,105254.1484472269,0.23472637811096247,8,-566.0246532872443,115973.86046259388
2021-06-30,104986.54903611793,105265.1240399947,0.2819945172016304,11,-224.76657911587245,116071.47699232625
2021-07-01,105160.79057532328,105392.087538555,0.17737735278894182,5,-177.48853847082137,116714.11914639767
2021-07-02,105037.60483224437,105403.01495880693,0.17638567749920944,5,-311.4439606157939,117606.2257653407
2021-07-06,104541.85687199648,105376.23335528448,0.172798622289997,5,-780.2527609339813,117392.01171398356
2021-07-07,104434.953296984,105376.23335528448,0.24703483663378367,10,-886.3722857152279,117806.88196534613
2021-07-08,104318.46506745942,104503.6461611431,0.1342069123425257,7,-129.4888884063257,116846.9860896445
2021-07-09,104761.5586349506,104724.14664745674,0.10567221730268671,6,94.3557228938862,118094.30841400255
2021-07-12,104831.68770063897,104884.30284451674,0.04497205987946079,3,4.328591522247734,118517.31337617614
2021-07-13,104830.86498401531,104884.30284451674,0.05996618251613279,4,3.663122430129988,118113.28940589495
2021-07-14,104798.52824872843,104889.13641382912,0.0445781510274512,3,-33.50718216912992,118289.54147346728
2021-07-15,104739.63389720484,104919.28355433975,0.10387321409607117,6,-121.60539510410308,117885.51750318609
2021-07-16,104457.01730170142,104919.28355433975,0.17662754837897274,9,-403.4367730236445,116960.87204099893
2021-07-19,104257.26821286019,104947.27993305433,0.31020714439540503,14,-629.6132688105426,115233.6017787901
2021-07-20,104820.77480622577,105181.73800560547,0.2517842429856092,10,-300.4083620937854,116884.94807342932
2021-07-21,105452.10771228203,105534.6342021975,0.029602046265923075,2,-21.971652629581058,117831.28609777922
2021-07-22,105514.6773376039,105575.23217488981,0.0,0,0.0,118078.03899238048
2021-07-23,105540.95170105946,105601.66481036137,0.0,0,0.0,119292.8224734944
2021-07-26,105540.95170105946,105601.66481036137,0.0,0,0.0,119585.6720626915
2021-07-27,105568.65104205646,105601.66481036137,0.015259946130207437,1,27.857652424556818,119040.64643835244
2021-07-28,105535.48196630013,105601.66481036137,0.029956663975828322,2,-5.153070355196178,118991.83817348626
2021-07-29,105532.71228059389,105601.66481036137,0.02993120537532274,2,-7.922756061439031,119485.34396268878
2021-07-30,105517.85674546022,105601.66481036137,0.04479824438276722,3,-22.61999212669707,118905.06792483527
2021-08-02,105439.95668969117,105601.66481036137,0.10413535958760413,7,-99.88701988582761,118655.60345996366
2021-08-03,105454.24865593424,105611.03142796224,0.11915527492387648,8,-94.6453561230228,119620.92247620596
2021-08-04,105394.67308147445,105652.03378057331,0.13327261664051324,9,-194.74875360861188,119032.51172754141
2021-08-05,105493.34110147701,105671.61064162501,0.1638551199489807,11,-115.02528981357682,119786.32826269692
2021-08-06,105540.52256272719,105713.01735729209,0.11888671447992555,8,-109.2505442304755,119984.272892432
2021-08-09,105468.12045286669,105713.01735729209,0.11828184486981169,8,-181.65265409097265,119886.65636269964
2021-08-10,105448.1407309534,105736.89043578928,0.14790198804947785,9,-225.03081427447796,120035.79272756852
2021-08-11,105474.80842532043,105744.95425512534,0.1480425677506734,9,-206.11060754711252,120334.06545730632
2021-08-12,105530.25880417711,105776.86114196047,0.17818210259773434,11,-181.9343144555678,120694.70430326201
2021-08-13,105629.18069927944,105818.66022576044,0.13364084528754083,8,-124.65320776499357,120914.34149515984
2021-08-16,105742.65810061317,105876.81804931618,0.08915135539364408,5,-69.17518621593445,121199.05637354591
2021-08-17,105656.67271565279,105879.5394131547,0.10344112693360778,6,-157.56467719650027,120404.56628433525
2021-08-18,105534.80725424939,105879.5394131547,0.17751287295632845,11,-278.6375771560197,119086.74313294828
2021-08-19,105283.53582582051,105936.2805352751,0.2502680572067132,13,-585.5412940539209,119271.12991133165
2021-08-20,105471.2205762988,106011.5690996599,0.25078566641841815,13,-472.8292672779389,120220.17950595189
2021-08-23,105905.99190224885,106126.93875565028,0.17797632846088868,9,-153.11119087449697,121277.69191138587
2021-08-24,105992.95671835166,106220.71068228282,0.1030296254466791,5,-159.91830140421553,121470.21340058027
2021-08-25,106121.97691472742,106315.4505507438,0.11831644575575735,7,-125.16100562748397,121725.10100599256
2021-08-26,106015.13154804007,106315.4505507438,0.16247754543223347,10,-231.52882521012725,121006.53488435152
2021-08-27,106046.86850748278,106215.79155137736,0.17892020036853543,12,-99.3377861395602,122088.4514222186
2021-08-30,106136.93010926293,106252.13126605112,0.13430525282788594,9,-45.45682873040096,122625.34233574662
2021-08-31,106053.6358250648,106258.33137028362,0.11857407403294885,8,-134.9512171610222,122443.66712763361
2021-09-01,105955.36672022849,106273.14274880444,0.16259062083103004,9,-247.39625318977414,122508.74481412185
2021-09-02,106093.89367489413,106325.3465914629,0.1481700907140239,8,-160.75528513149402,122885.65308169961
2021-09-03,105987.83022808276,106325.3465914629,0.16233416527293756,9,-266.65959110234326,122855.82580872583
2021-09-07,105873.97162797676,106325.3465914629,0.22145783933133628,11,-379.88275138742756,122416.55142493016
2021-09-08,105976.123965227,106361.34574863668,0.28180883013724745,14,-312.9352865650362,122267.41506006128
2021-09-09,105611.12402397627,106361.34574863668,0.3094357913691496,15,-677.6172741947448,121744.08199788496
2021-09-10,105421.45428893057,106361.34574863668,0.338359007905139,15,-866.9690303702882,120784.18612218335
2021-09-13,105521.64095331717,106470.59680980037,0.3076853820941554,11,-875.5580804355777,121093.30513300252
2021-09-14,105176.95942643248,106470.49096645485,0.350517973713383,14,-1219.500659541758,120439.81669784972
2021-09-15,105406.0605831514,106528.63098604268,0.32124740553285475,13,-1048.381756971532,121445.80926814718
2021-09-16,105285.9625284326,106567.39940687506,0.3653200880749528,14,-1206.6139614793938,121253.28777895278
2021-09-17,105058.22760310693,106600.81238587586,0.3939824087474006,13,-1467.1269685568477,119688.71173296456
2021-09-20,104678.06304033425,106153.58101332092,0.426274774822123,14,-1399.1110806217766,117692.9960139917
2021-09-21,104642.51425013194,106153.58101332092,0.44108646714567584,15,-1434.5028537295366,117581.82163290761
2021-09-22,104620.96523310628,105667.28760013639,0.3240193941214898,12,-969.4422393889181,118728.81585726293
2021-09-23,104881.67332252051,105721.01190847505,0.31002849747975364,12,-762.1446045120829,120171.37124108571
2021-09-24,104707.897161787,105395.55075020416,0.28164180549428736,11,-609.9844183645655,120369.31587082079
2021-09-27,104551.99232467439,105395.55075020416,0.2955944808047638,12,-765.7321936314474,120024.94644648716
2021-09-28,103909.25491396568,105395.55075020416,0.38224780567870564,15,-1407.52401587872,117606.2257653407
2021-09-29,104194.32302925698,105316.37801047138,0.3541624475114933,14,-1043.2831608546185,117804.17039507578
2021-09-30,103899.73126393923,104770.39697811163,0.2959947719772862,13,-791.5802798180848,116364.32658152336
2021-10-01,104148.46294398786,104820.54711089574,0.32722320269888483,14,-592.5302013092296,117747.22741939856
2021-10-04,103668.93837738567,104773.75270887362,0.37006264955503293,13,-1024.629747132145,116228.74806800617
2021-10-05,104099.1526253864,104792.6028164126,0.3271050653925395,11,-612.796480241901,117438.1084085794
2021-10-06,104294.21942778748,104845.16653989932,0.29761826805697034,9,-470.13657333905576,117926.19105724125
2021-10-07,104393.19023519065,104944.577389052,0.20720622487726406,5,-470.4201737594449,118945.74147889041
2021-10-08,104339.19752261927,104944.577389052,0.20679597554197182,5,-524.4128863308215,118728.81585726293
2021-10-11,104126.82617445156,104821.42345030587,0.17596321431772025,4,-613.6302957523949,117869.24808156403
2021-10-12,104058.75431327955,104821.42345030587,0.1754241561861314,4,-681.702156924388,117579.11006263726
2021-10-13,104007.12318073647,104253.89120338627,0.11870532727890075,7,-165.0205369458272,118002.11502481086
2021-10-14,104181.35830103095,104327.52856547837,0.14941356620184426,9,-63.48688689496157,119986.98446270234
2021-10-15,104364.64454159142,104491.53726817547,0.08950900098873728,5,-44.20934903157831,120900.78364380813
2021-10-18,104346.9538427892,104507.43960706567,0.05913964162815632,4,-77.8023867240181,121258.71091949347
2021-10-19,104437.87020543175,104537.2924929429,0.029797356091497047,2,-16.73890995869624,122194.20266276199
2021-10-20,104436.38209382839,104539.35524985804,0.01473813985490253,1,-20.289778477201935,122674.1506006128
2021-10-21,104447.16906466437,104539.35524985804,0.01483989456061992,1,-9.502807641221125,122994.11589251335
2021-10-22,104428.16344938193,104539.35524985804,0.01466059835031486,1,-28.508422923663602,122866.6720898072
2021-10-25,104419.77094328038,104539.35524985804,0.029584109606549214,2,-36.744286780041875,123525.58366550069
2021-10-26,104435.06259588449,104539.35524985804,0.029726200416939443,2,-21.452634175933326,123636.75804658477
2021-10-27,104502.49037888853,104586.18658189772,0.02990660012699599,2,-0.6995306176854683,123089.02085197537
2021-10-28,104521.32365571042,104602.85148871693,0.03000047050753985,2,1.6255931205728302,124276.68863038585
2021-10-29,104491.25641507533,104602.85148871693,0.04472717090665543,3,-28.284865529021772,124528.8646655278
2021-11-01,104536.64649789062,104602.85148871693,0.060136939154453485,4,17.261954170880017,124743.07871688493
2021-11-02,104578.39573183488,104698.31377398469,0.029619889187481357,2,-36.294292182874415,125247.43078716884
2021-11-03,104588.65640832127,104698.31377398469,0.02971508838716319,2,-26.033615696488596,126012.09360340572
2021-11-04,104577.2187740965,104698.31377398469,0.029608968105490716,2,-37.47124992124873,126605.92749261096
2021-11-05,104653.75633835804,104752.69898641238,0.02983428037830465,2,-15.00517061939945,127045.20187640662
2021-11-08,104734.11503745924,104752.69898641238,0.12050250055829291,8,66.2952437650165,127153.66468722036
2021-11-09,104716.10279839374,104764.47754987716,0.10525863145282272,7,36.504441234741535,126733.3712953171
2021-11-10,104796.97337557278,104864.14688743038,0.07505543412955808,5,17.862755014749382,125713.82087366794
2021-11-11,104905.69883799252,105041.93620563758,0.13430502862582486,9,-50.10095741815712,125754.49442772308
2021-11-12,105032.34271030805,105171.38989246383,0.07430303497192982,5,-52.43871823691279,126703.54402234333
2021-11-15,105033.81382185797,105171.38989246383,0.08931729024157421,6,-50.81005817291225,126746.92914666883
2021-11-16,104985.63136876872,105196.28084865338,0.07369185351454463,5,-123.88346745169656,127248.56964668239
2021-11-17,104920.6769926699,105222.91796525872,0.11790730783988751,7,-214.84495268099454,126939.45063586322
2021-11-18,104874.94867562791,105222.91796525872,0.20752102236873568,12,-259.62950706664196,127370.59030884785
2021-11-19,104702.63736241701,105222.91796525872,0.2662900014701443,15,-431.31190114940546,127142.81840613899
2021-11-22,105088.26155372291,105306.77371687908,0.17843734121097443,10,-129.54346146386524,126784.89113045365
2021-11-23,105309.75946255603,105439.09473724785,0.13426518410822255,9,-39.57835112208704,126953.00848721495
2021-11-24,105313.47577446012,105439.09473724785,0.13429573424037256,9,-35.86203921799279,127291.95477100788
2021-11-26,104965.24441202894,105503.93020468226,0.13076463185163753,7,-448.61406656950385,124452.94069795818
2021-11-29,105277.91984960913,105689.4996123398,0.11655128351647825,4,-320.09193455342574,125979.5547601616
2021-11-30,104851.54550266424,105689.4996123398,0.15809672590016688,6,-745.9930504502081,123528.29523577103
2021-12-01,104346.83287415888,105689.4996123398,0.36504383635525883,15,-1248.5039796492056,122156.24067897719
2021-12-02,105310.50315989327,105773.51141314808,0.28048903810962145,9,-368.84549472308936,124027.22416551424
2021-12-03,105182.12611933444,105806.98019707749,0.2942571493974512,8,-530.0608819403169,122948.01919791751
2021-12-06,105896.3712209033,105983.08108567266,0.19356657252982423,8,9.030125737655908,124404.132433092
2021-12-07,106274.25808028234,106404.9794496066,0.07397462458647083,4,-34.82253426041734,126977.41261964804
2021-12-08,106273.96129983527,106454.83483388118,0.043707348120254355,2,-84.97469898205964,127313.64733317064
2021-12-09,106267.35357224323,106454.83483388118,0.04364788563126342,2,-91.58242657409392,126454.07955747172
2021-12-10,106284.18144671475,106454.83483388118,0.04379930396193223,2,-74.75455210258133,127644.45890615255
2021-12-13,106313.03467841915,106459.97678210116,0.02908668868343783,1,-50.886109605543425,126513.73410341928
2021-12-14,106536.36144657483,106459.97678210116,0.12098948848089484,7,173.39797871464725,125643.320046639
2021-12-15,106700.55398762878,106723.88050366442,0.09004053611083725,5,74.32595254194894,127606.49692236773
2021-12-16,106741.71433784212,106869.19496747853,0.04465418289983635,3,-29.668110227855323,126481.19526017515
2021-12-17,106715.57856120447,106869.19496747853,0.04442020858020965,3,-55.80388686549031,124696.9820222891
2021-12-20,106694.31511213683,106869.19496747853,0.08924584926152845,5,-76.58708796249994,123371.0241600911
2021-12-21,106984.24169526434,107081.38308659155,0.05983404556284764,4,1.4714544426387874,125561.97293852869
2021-12-22,106995.8339087255,107141.20615161992,0.02945406496173289,2,-46.759397124578754,126817.42997369776
2021-12-23,106995.52498516516,107141.20615161992,0.02945126274635278,2,-47.068320684909395,127606.49692236773
2021-12-27,107024.5762671812,107162.67431915915,0.014584776458980523,1,-39.485206208102454,129412.40272241655
2021-12-28,107009.06110889192,107162.67431915915,0.014441901892887994,1,-55.000364497378996,129306.65148187315
2021-12-29,107002.63253670593,107162.67431915915,0.029340965579294703,1,-61.26889521069643,129472.05726836411
2021-12-30,106995.51415883914,107162.67431915915,0.029276387939370707,1,-68.38727307749878,129114.12999267875
2021-12-31,106967.04064737192,107162.67431915915,0.02901799143020094,1,-96.86078454471044,128788.74156023753
2022-01-03,106994.52788483976,107188.6179052409,0.059020555545586585,3,-94.83581076146675,129534.423384582
2022-01-04,106919.05804017525,107188.6179052409,0.1033957840817402,6,-169.8241462560909,129491.03826025651
2022-01-05,106490.70230792921,107188.6179052409,0.22026588362307165,12,-596.8970423323226,127004.52832235147
2022-01-06,106303.92210003658,107188.6179052409,0.3696336829629205,15,-782.075008268599,126885.21923045635
2022-01-07,105969.26413394258,107188.6179052409,0.382717944381279,15,-1116.5732416694736,126383.5787304428
2022-01-10,106502.86566546657,107234.38931863547,0.4756579583805704,12,-627.3007783910216,126226.30765476287
2022-01-11,106819.06050139709,107482.31749838688,0.41481885369570787,12,-558.5548505385741,127376.01344938853
2022-01-12,106746.83882419721,107539.74941352705,0.39884317498048677,14,-687.7277921914792,127720.38287372216
2022-01-13,105857.43291799976,107587.51115614906,0.3782496550146669,13,-1624.8954410109363,125960.5737682692
2022-01-14,105655.17726126185,107587.51115614906,0.5133004801487706,15,-1825.711784540843,126012.09360340572
2022-01-18,104689.53167835224,107587.51115614906,0.585298897138836,15,-2790.556701537287,123780.47127091298
2022-01-19,104646.19130800742,107330.35583255053,0.5570559813728959,13,-2576.261343428683,122495.18696277014
2022-01-20,103959.87983484195,107330.35583255053,0.6302534894833655,15,-3261.7815355513158,121139.40182759835
2022-01-21,101531.72472349982,107426.15595163703,0.6514059928729049,14,-5785.102270327901,118761.35470050706
2022-01-24,102300.79056661497,107435.42436561578,0.9688694732605714,14,-5021.765825288065,119265.70677079096
2022-01-25,100075.87390065129,107527.66611757147,0.952128565833105,13,-7338.605790802918,117809.59353561647
2022-01-26,100636.45516407563,108218.72964227131,0.7208625922319718,11,-7468.787822671147,117514.03237614901
2022-01-27,101052.76801923252,108283.22197185965,0.7660163066541881,13,-7116.212688400032,116933.7563382955
2022-01-28,103274.27932428636,108406.31812198908,0.7846186270702218,11,-5017.040893607671,119837.84809783346
2022-01-31,105685.013203162,106418.10294102466,0.37380531590685884,5,-618.0918337675757,121996.25803302691
2022-02-01,105832.85857524324,106618.58427421126,0.09992349235194553,2,-670.5692673531448,122820.57539521136
2022-02-02,105776.27715553346,106401.30235510928,0.07118582719356813,1,-509.54812414185744,124013.66631416252
2022-02-03,105585.67628350332,105701.15335893728,0.0,0,0.0,121098.72827354321
2022-02-04,105586.52655684487,105701.15335893728,0.015009432053390977,1,1.0086518559753586,121668.15803031535
2022-02-07,105550.43301156041,105701.15335893728,0.044684430440694194,3,-34.76814902981641,121277.69191138587
2022-02-08,105608.79004337493,105748.49962603963,0.029768598399776764,2,-23.757384317651486,122275.54977087231
2022-02-09,105591.10788947428,105769.91259835931,0.04441224730234513,3,-62.535681644606484,124065.18614929906
2022-02-10,105536.34869703531,105769.91259835931,0.043916425585104286,3,-117.29487408357545,121836.27538707665
2022-02-11,105450.31657678942,105769.91259835931,0.14823769820383156,9,-202.21880863599654,119433.82412755226
2022-02-14,105410.94413390054,105769.91259835931,0.2229957208039551,12,-240.79994568481925,119043.35800862279
2022-02-15,105561.98069307511,105885.67447056796,0.19293892492811607,12,-205.05098713433108,120963.14976002602
2022-02-16,105556.66650783713,105886.73395833484,0.19289735597767865,11,-211.2664923875418,121098.72827354321
2022-02-17,105317.63175876797,105904.7080650992,0.2209425727411749,10,-467.80063132965006,118511.89023563545
2022-02-18,105161.81263919226,105904.7080650992,0.2498541866206744,11,-623.3036035436598,117744.51584912822
2022-02-22,104910.38708174089,105907.28083922327,0.30831379244928536,12,-876.5113088948128,116480.92410314812
2022-02-23,104394.99051120409,105985.29886993016,0.34943709482755136,13,-1469.138125717298,114414.70755714634
2022-02-24,105067.21924731371,106122.15369978738,0.5326445462292567,13,-931.0802467787071,116136.5546788145
2022-02-25,106740.10580071842,106857.82182333597,0.20739590619201476,4,6.453375652909017,118698.98858428915
2022-02-28,106604.27426578404,107046.46318608441,0.1454283087644747,3,-318.0195220298956,118395.29271401068
2022-03-01,106019.9200422311,107046.46318608441,0.14071813187598672,3,-902.3737455828377,116592.0984842322
2022-03-02,106522.04656776159,107046.46318608441,0.15969942367946133,4,-400.08819017228234,118736.95056807397
2022-03-03,106368.62195148962,107046.46318608441,0.18825208563555276,4,-553.1962350914982,118145.82824913907
2022-03-04,106097.53220194965,107046.46318608441,0.24584219657777562,4,-823.653025408501,117185.93237343745
2022-03-07,104698.42209058096,107046.46318608441,0.26614590135426497,4,-2222.445077017059,113731.39184901975
2022-03-08,104713.09115086959,107046.46318608441,0.4171678735585986,7,-2206.195853485624,112869.1125030505
2022-03-09,106192.07160845597,107395.11684692427,0.2722937842206445,6,-1075.397924927849,115895.22492475391
2022-03-10,106050.7135828812,107404.59622776594,0.2564287826086601,5,-1226.235331344269,115371.89186257761
2022-03-11,106162.78165043288,107070.61744554713,0.15618211992334832,4,-780.0294055034283,113904.93234632174
2022-03-14,106498.8284335538,107070.61744554713,0.17379887008543302,5,-443.8233782100324,113072.48027332628
2022-03-15,106695.19294843325,107109.55157752224,0.14532587457525956,3,-286.39299530569224,115558.99021123131
2022-03-16,106843.34719113017,107176.10149919099,0.08725412288611652,4,-204.30935247663,118121.42411670598
2022-03-17,106998.34695948541,107176.10149919099,0.08857634330858172,4,-49.30958412139444,119599.22991404322
2022-03-18,106987.89779795209,107205.57044741626,0.07325292365824046,3,-89.2276938799996,120534.72165731175
2022-03-21,107157.48676378748,107288.02913342182,0.029703445026905386,1,-1.9369322034831384,120499.47124379728
2022-03-22,107161.43608425249,107290.04152168335,0.0,0,0.0,121909.48778437593
2022-03-23,107161.43608425249,107290.04152168335,0.0,0,0.0,120339.48859784701
2022-03-24,107150.5611786391,107290.04152168335,0.029904622451200708,2,-10.553420563601321,122153.52910870685
2022-03-25,107117.71959187726,107290.04152168335,0.04461481996018856,2,-43.234265171307925,122750.07456818243
2022-03-28,107145.63448780584,107312.51835926494,0.029651668879377834,1,-37.79620682430959,123623.20019523305
2022-03-29,107231.35505564227,107360.44272027706,0.0,0,0.0,125152.52582770682
2022-03-30,107229.33786435264,107360.44272027706,0.02998425142833725,2,-1.6955025966676658,124379.7283006589
2022-03-31,107063.94712637739,107360.44272027706,0.07356302484977988,4,-166.6036741171647,122465.35968979636
2022-04-01,107036.12723357166,107360.44272027706,0.10333145227840349,6,-194.10239198406816,122812.44068440032
2022-04-04,106948.87864476042,107374.46826666551,0.14753827838981484,7,-294.7337315214718,123864.52994929363
2022-04-05,106797.07345337074,107374.46826666551,0.1763846127243211,8,-446.2179437889099,122299.9539033054
2022-04-06,106713.93462644049,107399.75578194736,0.1755118433249308,6,-554.1620093622041,121077.03571138045
2022-04-07,106691.03281116302,107419.23305997805,0.23512596278518272,10,-595.7407216349093,121687.13902220776
2022-04-08,106800.47680222428,107486.23532133689,0.2503333576539806,8,-552.8178009899784,121361.75058976653
2022-04-11,106562.92282085808,107525.20467600577,0.24815596853646404,7,-829.0209783571627,119287.3993329537
2022-04-12,106216.59746459164,107525.20467600577,0.2758004287883844,9,-1175.0266982713583,118845.41337888771
2022-04-13,106924.30473508156,107599.45711254256,0.26490805178015425,7,-541.2524685759672,120206.62165460017
2022-04-14,106572.49665132267,107659.62450748307,0.3070165446841755,7,-952.4272470628712,118709.83486537053
2022-04-18,106131.802590793,107707.57524656304,0.3491138001672315,7,-1440.429604255587,118758.64313023671
2022-04-19,106887.60372894502,107856.32305143985,0.35210011216347564,7,-832.4212395865252,120675.72331136961
2022-04-20,106397.64011505808,107856.32305143985,0.3641871003285113,8,-1322.2245220678815,120586.24149244827
2022-04-21,104912.54143186125,107856.32305143985,0.3856586779244673,8,-2807.0035489629227,118783.0472626698
2022-04-22,103528.53105263892,107856.32305143985,0.5002308351734319,10,-4189.742881099381,115523.73979771686
2022-04-25,103981.04466582782,107856.32305143985,0.6991190179821893,15,-3735.184027567564,116193.49765449172
2022-04-26,102612.41641706336,107857.22285923685,0.6330504155459917,14,-5104.712084129016,112828.43894899536
2022-04-27,102707.4629685412,107903.65074663005,0.6328056583004412,14,-5055.939501419787,113145.69267062555
2022-04-28,104099.96525748042,106535.11584086341,0.4521702241763441,8,-2294.5928749040613,116003.68773556766
2022-04-29,102287.21574978295,106535.11584086341,0.5034597771739965,10,-4106.718510615763,111716.6951381545
2022-05-02,102544.95284480185,105686.64100838682,0.4023184311795411,10,-2999.5646273140374,112389.1645651997
2022-05-03,102908.09900471622,105686.64100838682,0.419376115595513,11,-2636.2646499703915,112904.36291656498
2022-05-04,104265.20151404114,105934.035317294,0.3652304933596624,8,-1526.2477225469338,116342.6340193606
2022-05-05,103013.72496681029,104219.16627995309,0.2653886179876052,7,-1062.8552324368757,112207.48935708668
2022-05-06,103057.86425516635,104228.0236218165,0.25072914334040286,6,-1027.573285944225,111537.73150031183
2022-05-09,102422.40795446798,104245.95660811057,0.3071051999636913,5,-1680.179677943932,107966.59345426936
2022-05-10,102319.89419582639,104245.95660811057,0.3064109923430403,5,-1782.693436585534,108216.05791914096
2022-05-11,102284.29955898282,103318.35488931485,0.20620178029361896,4,-890.686354633388,106496.92236774316
2022-05-12,102244.21901108547,103318.35488931485,0.23590400961656716,6,-930.4600635038696,106385.74798665907
2022-05-13,102416.51375675417,103332.2938217124,0.23705484119574474,6,-771.9508839042101,108929.20090024133
2022-05-16,102713.33581027534,103348.1290462994,0.22416809422399467,5,-490.96405497002706,108487.21494617533
2022-05-17,103212.33349733269,103356.16267838673,0.0,0,0.0,110718.83727866807
2022-05-18,103212.33349733269,103356.16267838673,0.0,0,0.0,106255.59261368257
2022-05-19,103187.79781265197,103356.16267838673,0.014767290014718024,1,-24.380866180472367,105604.81574880013
2022-05-20,103198.60871193267,103356.16267838673,0.02987042967847964,2,-13.415185203048622,105650.91244339597
2022-05-23,103239.23762064024,103420.48263042123,0.014636176466300855,1,-36.95143061693352,107627.64717047641
2022-05-24,103250.26180436021,103420.48263042123,0.014741385224436788,1,-25.927246896964334,106806.04137856232
2022-05-25,103279.19828593993,103423.49186510399,0.0,0,0.0,107749.66783264188
2022-05-26,103279.19828593993,103423.49186510399,0.0,0,0.0,109902.65462729466
2022-05-27,103279.19828593993,103423.49186510399,0.0,0,0.0,112600.6670462865
2022-05-31,103279.19828593993,103423.49186510399,0.0,0,0.0,111968.87117329644
2022-06-01,103271.22957061701,103423.49186510399,0.014925494585204124,1,-7.813796525482758,111063.2067030017
2022-06-02,103283.40753308311,103423.49186510399,0.04504108286427138,3,4.67397939696275,113178.23151386967
2022-06-03,103308.68503938706,103447.88533014189,0.06003967616694558,4,5.867870466039676,111320.80587868435
2022-06-06,103279.88860816888,103447.88533014189,0.10479314385766236,7,-22.46368717342557,111659.75216247728
2022-06-07,103404.859168195,103562.18473059652,0.014868339822343564,1,-11.792527601944812,112730.82241926299
2022-06-08,103399.05649588293,103562.18473059652,0.01481305502186299,1,-17.595199914012937,111505.1926570677
2022-06-09,103375.78341230874,103562.18473059652,0.014591258994303543,1,-40.86828348822155,108853.27693267171
2022-06-10,103362.7101757322,103562.18473059652,0.1195143129071703,7,-52.855827264662366,105697.0091379918
2022-06-13,103014.2905652844,103562.18473059652,0.19181801407568555,10,-400.5000059594895,101683.88513788335
2022-06-14,102585.82639332424,103562.18473059652,0.3242357264043558,15,-827.5712714629481,101377.47769733451
2022-06-15,102645.05065892101,103562.18473059652,0.3547327883829122,15,-768.0380016836862,102822.74465142764
2022-06-16,102050.336804357,103562.18473059652,0.48760304555837414,15,-1361.3576752811496,99419.72396214647
2022-06-17,101612.87390698688,103608.358557385,0.591499551256758,14,-1843.7573250352943,99205.50991078933
2022-06-21,103610.96960894736,104184.11879247197,0.30965849672118345,5,-421.4218581617715,101702.86612977575
2022-06-22,103027.99221380257,104184.11879247197,0.3057522428702237,5,-1004.3992533065575,101518.47935139238
2022-06-23,102873.89646820881,104342.90473222913,0.2275793804506225,3,-1316.8173763572122,102513.62564060847
2022-06-24,103271.65558607297,104369.81948325456,0.20029038603320432,2,-945.9730095184896,105772.93310556143
2022-06-27,103725.24683651912,104375.76538855278,0.09945034358356393,1,-498.327664370574,105368.90913528024
2022-06-28,103890.91575366861,104375.76538855278,0.10088639875100133,1,-332.65874722107947,103215.92234062745
2022-06-29,103684.00436347346,104375.76538855278,0.09909213119430446,1,-539.570137416229,103131.8636622468
2022-06-30,103530.21887076086,104375.76538855278,0.0977539078040313,1,-693.355630128839,102293.98844871065
2022-07-01,103651.15019003031,104375.76538855278,0.09880657157124408,1,-572.4243108593782,103375.90498657772
2022-07-05,103382.02557778325,104375.76538855278,0.0964605802770126,1,-841.5489231064457,103571.13804604246
2022-07-06,103250.58762139347,104375.76538855278,0.12535092582024365,3,-972.6767400572862,103920.93061091678
2022-07-07,103450.90094177105,104407.40834543528,0.11174863267900595,2,-804.0063765621944,105477.37194609398
2022-07-08,103403.35484776502,104407.40834543528,0.1113402041219847,2,-851.5524705682255,105390.60169744298
2022-07-11,103318.93828582093,104407.40834543528,0.1106141261545705,2,-935.9690325123174,104186.66449741044
2022-07-12,103124.29703854195,104407.40834543528,0.1239652753641751,3,-1130.4553013838722,103264.73060549363
2022-07-13,103035.20114031594,103238.45017824619,0.04461459907565076,3,-50.43834597523528,102722.41655142492
2022-07-14,103109.50428495793,103238.45017824619,0.12028694270087022,8,24.637876328957645,102472.95208655331
2022-07-15,103304.61470070429,103433.5268191665,0.07515352265199464,5,24.82631541140927,104430.70582174136
2022-07-18,103169.02947747255,103433.5268191665,0.08892012548826783,5,-110.60435501862776,103568.42647577211
2022-07-19,103240.71475572906,103476.24950767003,0.07416616096936281,3,-81.48669886505559,106366.76699476666
2022-07-20,103248.24234196477,103477.96223917174,0.04427897449864701,2,-75.67184413106406,107044.65956235255
2022-07-21,103283.5597021505,103477.96223917174,0.05960214941391608,3,-40.19961158182468,108134.71081103066
2022-07-22,103282.49671143948,103492.42909910395,0.044483066642632935,2,-55.729462225035604,107131.42981100355
2022-07-25,103285.22574149538,103492.42909910395,0.04450831356842831,2,-53.00043216913491,107261.58518398003
2022-07-26,103340.35562395705,103538.7312896234,0.029583363175425266,1,-44.17274022692118,105992.57029745926
2022-07-27,103389.0392127295,103543.24213816895,0.0,0,0.0,108744.81412185795
2022-07-28,103389.0392127295,103543.24213816895,0.0,0,0.0,110108.73396784077
2022-07-29,103389.0392127295,103543.24213816895,0.0,0,0.0,111713.98356788416
2022-08-01,103360.52806095131,103543.24213816895,0.029738592977484563,2,-28.200952015592975,111383.17199490224
2022-08-02,103295.51538979654,103543.24213816895,0.059148827334120475,4,-92.90355171736428,110648.33645163914
2022-08-03,103293.0285481207,103545.9149939112,0.05910081940031125,3,-97.90821847453844,112381.02985438867
2022-08-04,103161.95687084828,103545.9149939112,0.07292592680695653,4,-228.82495620413556,112305.10588681904
2022-08-05,103159.4425014711,103545.9149939112,0.11796471585085505,5,-230.8745213242073,112115.295967895
2022-08-08,103271.3871874043,103613.52008626066,0.08827894523943987,3,-186.5349277404748,111985.14059491851
2022-08-09,103313.91584281984,103635.38744235481,0.08842523849557384,3,-165.56381539436188,111540.44307058217
2022-08-10,103389.7682331609,103669.04113777622,0.073788798715687,2,-123.05522687293887,113883.239784159
2022-08-11,103333.39389014657,103675.1321703056,0.058216473951091426,1,-185.5206024166473,113883.239784159
2022-08-12,103471.41735633096,103675.1321703056,0.05947274577940689,1,-47.49713623225489,115811.16624637326
2022-08-15,103587.840569521,103744.05824726338,0.0,0,0.0,116288.40261395373
2022-08-16,103587.840569521,103744.05824726338,0.0,0,0.0,116516.17451666259
2022-08-17,103587.840569521,103744.05824726338,0.0,0,0.0,115689.14558420781
2022-08-18,103602.18549347868,103744.05824726338,0.015137884464416797,1,14.500305718543359,116025.38029773041
2022-08-19,103589.46077957453,103744.05824726338,0.030020248803638874,2,1.9309950926231068,114466.22739228286
2022-08-22,103498.29326880207,103744.05824726338,0.059198282894072606,4,-88.9257160229181,112082.75712465087
2022-08-23,103464.26619770387,103744.05824726338,0.14892943179575324,10,-122.0212822512949,111811.60009761652
2022-08-24,103517.64270038294,103760.73740272061,0.1791762354906871,12,-84.85833314364936,112169.52737330187
2022-08-25,103759.76748415847,103914.70381344107,0.07486076449086679,5,3.6105852872078685,113753.08441118251
2022-08-26,103529.40422232324,103914.70381344107,0.10287065741959463,7,-226.44141111264798,109902.65462729466
2022-08-29,103375.36291358531,103914.70381344107,0.14664938369869912,8,-380.0163828147597,109175.95379484259
2022-08-30,103288.66467367968,103914.70381344107,0.22113544001270363,10,-465.93794545911805,107977.43973535074
2022-08-31,103146.76495091486,103914.70381344107,0.2951784078443278,15,-607.0629643678913,107155.83394343664
2022-09-01,103670.28895357662,104023.99639335359,0.22272569768225153,11,-192.52101771470552,107492.06865695924
2022-09-02,103397.69304795293,104023.99639335359,0.26578608148586513,14,-464.65054736204183,106358.63228395564
2022-09-06,103357.62578413909,104054.03122824446,0.2502200553900091,13,-534.7526460667541,105957.31988394479
2022-09-07,103647.94454583907,104071.98325719996,0.22224247516908927,11,-262.2304479222221,107860.84221372596
2022-09-08,103738.87119587978,104110.39708680075,0.16262096167091253,9,-209.71762748228866,108565.85048401529
2022-09-09,103875.67082706862,104136.74617166427,0.13353906328165605,7,-99.2670811569642,110252.44719216898
2022-09-12,103961.41349542009,104158.98207745557,0.0742842922540381,4,-35.760318596814614,111437.40340030911
2022-09-13,103738.78485464836,104158.98207745557,0.10221811300516409,4,-258.0785992594683,106591.82732720517
2022-09-14,103815.17283425623,104158.98207745557,0.10287870762350142,4,-181.69061965160654,106998.56286775671
2022-09-15,103637.56708373633,104158.98207745557,0.10134129310361828,4,-359.29637017149435,105783.7793866428
2022-09-16,103691.21933557466,104158.98207745557,0.11680001792272013,5,-305.4886619825411,104547.30334336613
2022-09-19,103802.23878943286,104158.98207745557,0.11774462548418795,5,-194.46920812434655,105358.06285419886
2022-09-20,103750.33580801733,104158.98207745557,0.13231226605249585,6,-246.21648618168,104148.70251362564
2022-09-21,103624.35214825736,104158.98207745557,0.13125735498202515,6,-372.2001459416624,102331.95043249545
2022-09-22,103673.95167094223,104061.52637058203,0.10263399136107243,5,-224.98947985501036,102578.70332709672
2022-09-23,103443.8901397208,104061.52637058203,0.16076521445415576,6,-454.4290963425665,99772.22809729114
2022-09-26,103123.56450156278,104015.12370980094,0.20376389549765672,6,-727.5759028223838,98785.21651888608
2022-09-27,103006.65379963393,103670.30130293778,0.1760995874321512,5,-499.3540990558431,98533.04048374413
2022-09-28,103412.7148496146,103682.22882324521,0.08913257630701997,3,-105.22056938260903,100471.81322703978
2022-09-29,103169.37640457157,103682.22882324521,0.08698417655656862,3,-348.5590144256421,98373.05783779387
2022-09-30,102979.98205190731,103682.22882324521,0.1456377595138615,3,-537.3321227182441,96851.86691613113
2022-10-03,103500.76634198285,103785.92989169758,0.05880521200372361,1,-120.24890109508488,99408.8776810651
2022-10-04,103584.5599620459,103785.92989169758,0.05956658144430029,1,-36.45528103203287,102489.22150817538
2022-10-05,103413.48132108383,103785.92989169758,0.05801080680924779,1,-207.5339219940979,102250.60332438514
2022-10-06,103151.6262583868,103785.92989169758,0.05561952469194,1,-469.3889846911361,101195.8024892215
2022-10-07,102933.67940160319,103785.92989169758,0.09884751210538285,1,-686.8703439691126,98373.05783779387
2022-10-10,102913.05064371655,103785.92989169758,0.09866687751749101,1,-707.4991018557521,97621.9528729087
2022-10-11,102857.51168017561,103785.92989169758,0.09818019349597339,1,-763.0380653966986,97003.71485127037
2022-10-12,102517.93058881095,103785.92989169758,0.09519299942808689,1,-1102.6191567613496,96683.74955936983
2022-10-13,102922.571608895,103785.92989169758,0.09875025632487203,1,-697.9781366773041,99235.33718376311
2022-10-14,102836.88292228896,103785.92989169758,0.09799929125626039,1,-783.6668232833363,96973.88757829659
2022-10-17,102959.06864207904,103785.92989169758,0.09906973223151973,1,-661.4811034932518,99465.82065674232
2022-10-18,103135.20649788034,103785.92989169758,0.1006083719548472,1,-485.34324769196246,100634.50744326039
2022-10-19,103024.12857079845,103785.92989169758,0.0996386713704893,1,-596.4211747738573,99921.36446216003
2022-10-20,102835.29609475922,103785.92989169758,0.09798537269317129,1,-785.2536508130779,99083.48924862387
2022-10-21,102992.95534397668,103158.33549010196,0.0,0,0.0,101491.36364868894
2022-10-24,102992.95534397668,103158.33549010196,0.0,0,0.0,102733.2628325063
2022-10-25,102992.95534397668,103158.33549010196,0.0,0,0.0,104373.76284606416
2022-10-26,102992.95534397668,103158.33549010196,0.0,0,0.0,103587.40746766453
2022-10-27,102992.95534397668,103158.33549010196,0.0,0,0.0,103034.24713251443
2022-10-28,102992.95534397668,103158.33549010196,0.0,0,0.0,105485.50665690501
2022-10-31,102992.95534397668,103158.33549010196,0.0,0,0.0,104723.55541093847
2022-11-01,102992.95534397668,103158.33549010196,0.0,0,0.0,104265.3000352504
2022-11-02,102992.95534397668,103158.33549010196,0.0,0,0.0,101648.63472436888
2022-11-03,103030.47747201708,103208.6396756279,0.014873475343014007,1,-12.473063900643865,100601.96860001626
2022-11-04,103000.14950000252,103223.40843567974,0.029441975708019465,1,-57.26076081785277,102049.94712437972
2022-11-07,102994.03797724532,103242.91725194395,0.02919646728841388,1,-82.7265996150004,103026.11242170341
2022-11-08,103050.55120854858,103242.91725194395,0.029728858856927876,1,-26.21336831174085,103581.98432712384
2022-11-09,102948.22272388425,103242.91725194395,0.028764428651532264,1,-128.5418529760791,101447.97852436345
2022-11-10,103169.13998843789,103335.29266352151,0.0,0,0.0,107022.9670001898
2022-11-11,103169.13998843789,103335.29266352151,0.0,0,0.0,108058.78684346104
2022-11-14,103198.15578764849,103335.29266352151,0.045269625698894644,3,29.4800253965941,107139.56452181458
2022-11-15,103146.02219009535,103352.3269556995,0.059629664823826534,4,-39.378299183814306,108053.36370292035
2022-11-16,103200.7683936605,103361.19506404949,0.045049054012629826,3,6.49979603133761,107229.04634073592
2022-11-17,103259.28142690977,103426.2078933301,0.0,0,0.0,106900.94633802434
2022-11-18,103251.83296716766,103426.2078933301,0.014930443424417291,1,-7.29357081996568,107386.31741641584
2022-11-21,103262.9495625907,103430.03091793317,0.0,0,0.0,106995.85129748637
2022-11-22,103307.55315279878,103474.94426502004,0.0,0,0.0,108435.6951110388
2022-11-23,103307.55315279878,103474.94426502004,0.0,0,0.0,109119.01081916537
2022-11-25,103317.236133665,103474.94426502004,0.015093814912648582,1,9.837942195966207,109094.60668673228
2022-11-28,103311.08054972117,103474.94426502004,0.01503513124902937,1,3.682358252121503,107353.77857317172
2022-11-29,103312.94713511874,103474.94426502004,0.04505299055540065,3,5.858852157904948,107169.39179478836
2022-11-30,103450.41485722747,103604.16844221567,0.03010057860277721,2,14.567344130839956,110545.29678136608
2022-12-01,103456.26593679938,103604.16844221567,0.030155432300037168,2,20.418423702747987,110463.94967325577
2022-12-02,103423.12736649916,103604.16844221567,0.029844677218409072,2,-12.720146597469466,110336.50587054963
2022-12-05,103390.02560399419,103604.16844221567,0.04452172131205628,2,-45.66696721506196,108351.63643265815
2022-12-06,103219.83746382815,103604.16844221567,0.08801940080312493,5,-215.38991045294097,106789.77195694025
2022-12-07,103232.92115799511,103604.16844221567,0.23811661320607425,15,-200.7580669390445,106608.09674882724
2022-12-08,103333.8533569519,103632.565477681,0.20862245753498584,13,-128.22290344757857,107443.26039209306
2022-12-09,103179.55643389418,103702.11227852385,0.1917864104474185,11,-351.9115650361091,106640.63559207137
2022-12-12,103561.4892226163,103859.15354620873,0.1483681603718832,8,-126.40095297180596,108178.09593535616
2022-12-13,103706.69864315458,103993.15947349074,0.08849690161095677,5,-115.19745971551856,108996.9901569999
2022-12-14,103648.59054811274,103993.15947349074,0.11800592729390964,7,-172.9944324066837,108300.11659752161
2022-12-15,103443.71804619266,103993.15947349074,0.1611810077856698,7,-377.4022920724419,105650.91244339597
2022-12-16,103309.1237565449,104006.85258926224,0.26510186818023185,14,-524.4480027194913,103926.35375145746
2022-12-19,103241.72833469036,104006.85258926224,0.2796334250867194,15,-591.6884608884138,103045.09341359581
2022-12-20,103293.8106540434,104006.85258926224,0.3249949718021815,15,-539.1413831456666,103186.09506765367
2022-12-21,103682.87453089515,104161.63315961658,0.22130996345385862,8,-304.85807664825916,104728.97855147916
2022-12-22,103604.99562433896,104161.63315961658,0.2656405838076803,8,-382.27167800932875,103234.90333251985
2022-12-23,103586.77808199608,104170.68431668669,0.23550867714652715,7,-409.54037742230867,103828.7372217251
2022-12-27,103511.6404204808,104170.68431668669,0.23495374351766568,7,-484.67803893759265,103419.29011090322
2022-12-28,103274.73444483528,104170.68431668669,0.248234686347827,8,-721.428747122478,102134.00580276037
2022-12-29,103556.39558601873,104249.32862858266,0.23444401753275657,8,-517.9471998335648,103972.4504460533
2022-12-30,103539.0890238875,104249.32862858266,0.24934183933186396,8,-535.098201916815,103698.58184874861
2023-01-03,103600.67123202948,104270.16058692744,0.21968212521841257,6,-494.3479521196168,103262.01903522329
2023-01-04,103786.2384682353,104286.99077573541,0.16119815658298348,6,-325.30010564724216,104059.2206947043
2023-01-05,103616.46132292367,104204.17807044313,0.16079433295433962,7,-411.642065744476,102871.55291629382
2023-01-06,103992.71974044091,104277.15148894065,0.14816429772297515,6,-108.04622456804645,105230.61905149271
2023-01-09,103802.42299621028,104396.87818991486,0.11550870033327719,4,-417.91397186573886,105170.96450554515
2023-01-10,103954.49916612734,104155.01366207786,0.059628339154860634,2,-23.817849419698177,105908.5116190786
2023-01-11,104026.44590100144,104223.07024746152,0.029742729514173036,1,-19.9276999292656,107248.02733262832
2023-01-12,103989.88335204359,104223.07024746152,0.044408364286231385,2,-56.33420921826655,107638.49345155779
2023-01-13,103926.19208622292,104223.07024746152,0.05883342272554814,3,-119.86949021391229,108056.0752731907
2023-01-17,103890.00856926295,104223.07024746152,0.07351235166945909,4,-155.89711788574823,107858.13064345562
2023-01-18,103709.68053164949,104223.07024746152,0.0869289802514998,5,-336.06932048635827,106155.26451367987
2023-01-19,103603.15290233586,104223.07024746152,0.25124227436856317,15,-440.88505672674364,105382.46698663195
2023-01-20,103817.09211055376,104267.19832615131,0.2974047526637952,14,-270.45080708340174,107345.64386236068
2023-01-23,103860.2854971771,104398.14838773114,0.19152427450680093,8,-358.05175640169546,108633.63974077387
2023-01-24,103784.8211667786,104419.24018441292,0.22079645325227054,8,-454.1403178004839,108517.04221914911
2023-01-25,103942.9692027825,104457.1957474851,0.2066579866619858,8,-333.48058678052985,108557.71577320425
2023-01-26,103813.9067382265,104457.1957474851,0.2056716961090698,8,-462.54305133651724,109750.80669215543
2023-01-27,103632.81091907714,104457.1957474851,0.2042836266975494,8,-643.6388704858764,110002.98272729738
2023-01-30,103495.23140944942,104457.1957474851,0.2483032847735883,10,-780.751896865153,108622.7934596925
2023-01-31,103796.86752531306,104532.90161049273,0.24972284433730257,10,-554.3559077158061,110219.90834892486
2023-02-01,103855.00415079616,104645.18138347783,0.26412072314936724,9,-608.0322124052873,111391.30670571327
2023-02-02,103380.3590485021,104645.18138347783,0.3662060549282226,11,-1081.587133742687,113012.82572737872
2023-02-03,103733.87891722968,104738.19963304348,0.33747629041579175,10,-821.0855145807509,111811.60009761652
2023-02-06,103786.43584600058,104756.19274256096,0.35261392471920705,11,-786.0548358978776,111128.28438948994
2023-02-07,103962.71363692931,104847.36610757285,0.337863878730829,10,-700.6390401236567,112581.6860543941
2023-02-08,103877.10295845954,104856.62168384054,0.32226959048931303,10,-795.3493507906678,111350.63315165811
2023-02-09,103836.12346893399,104816.43069301844,0.3073176241388174,10,-795.5148608922937,110385.31413541581
2023-02-10,104123.8356325382,104678.11806309484,0.35540791891925205,14,-368.7112015835737,110642.91331109845
2023-02-13,104666.03057285323,105001.73492336008,0.13240239460648365,5,-149.97693578033977,111941.75547059301
2023-02-14,104551.59465218085,105001.73492336008,0.14647069391636525,6,-264.2558574068589,111890.23563545648
2023-02-15,104540.31673137356,104790.94885678281,0.0440801909616477,3,-64.74771163688911,112253.58605168252
2023-02-16,104507.66542576056,104790.94885678281,0.058692519387352524,3,-97.24320159546005,110707.99099758669
2023-02-17,104608.68225693845,104790.94885678281,0.17952246061137359,11,5.027981450246443,110431.41083001165
2023-02-21,104300.09806606645,104815.3775905838,0.23696921036337865,14,-327.2013284096465,108216.05791914096
2023-02-22,104230.83836032236,104862.25905089492,0.25102719672018564,14,-443.0292154325034,108066.92155427208
2023-02-23,104273.84231326045,104862.25905089492,0.26633139648346216,15,-399.8689162368719,108641.7744515849
2023-02-24,103768.39281157343,104888.70075893895,0.2925678321485228,13,-931.1348368885083,107481.22237587787
2023-02-27,103749.38401110252,104888.70075893895,0.32244588173412075,15,-949.8323408214055,107847.28436237425
2023-02-28,103923.3996545774,104935.44359955583,0.3231718209817018,14,-822.4027793917703,107448.68353263375
2023-03-01,103725.93567044674,104936.41941702308,0.33678658230452585,14,-1020.5310162364331,107036.52485154152
2023-03-02,104116.62823845542,104951.17891839489,0.3541909338201171,14,-644.2855639548652,107868.976924537
2023-03-03,104778.84614039,105170.3991645204,0.22157281294319278,8,-201.1317332034232,109598.95875701618
2023-03-06,104718.03277335479,105234.82869799998,0.19063937458992775,6,-326.37463371821286,109674.8827245858
2023-03-07,104352.56669128803,105172.18647827039,0.15856786146367158,5,-629.1984960554,107993.70915697279
2023-03-08,104265.59433974251,105172.18647827039,0.20276728146946424,6,-715.7027284000178,108169.96122454513
2023-03-09,103312.00893526831,104726.88367297438,0.26051664476627373,8,-1222.7340771439085,106174.24550557227
2023-03-10,103337.08007677585,104376.63571866564,0.3845624869050178,14,-845.5470126751752,104642.20830282816
2023-03-13,102039.10957021493,104396.07014942988,0.4371619061097471,14,-2162.1770838883385,104493.07193795926
2023-03-14,103004.35741423265,104563.52679621184,0.349937453538487,10,-1364.2328279881913,106220.34220016812
2023-03-15,102326.32540118857,104607.05568299573,0.4361154949788919,8,-2084.554006832448,105556.00748393394
2023-03-16,102864.48272873752,104642.06872322189,0.45364984414177945,9,-1581.1027390977397,107408.00997857859
2023-03-17,101474.68893392736,103063.36856407413,0.3689090055547208,7,-1391.4136851880612,105748.52897312833
2023-03-20,101869.10421506217,103175.23856438081,0.37013356644159534,7,-1108.2596350877939,106765.36782450716
2023-03-21,103003.74151944263,103597.59720293664,0.19243327749651237,4,-395.9809692631643,108167.24965427478
2023-03-22,102427.37728943261,103597.59720293664,0.18788905714727713,4,-972.3451992731825,106323.38187044117
2023-03-23,102216.01593535572,103597.59720293664,0.1862097814782806,4,-1183.7065533500645,106610.80831909759
2023-03-24,102072.02025969616,103597.59720293664,0.18506174627663535,4,-1327.7022290096284,107310.39344884623
2023-03-27,102676.74462309803,103628.07948220595,0.1747412718179131,3,-753.4601448770918,107511.04964885165
2023-03-28,102657.43498764724,103628.07948220595,0.1745860424845902,3,-772.7697803278752,107269.71989479107
2023-03-29,103003.22342726527,103672.12119215494,0.11675351415865752,2,-471.0230506588159,108828.8728002386
2023-03-30,102851.06074540592,103682.7458907872,0.1002765179789911,1,-633.810431150443,109466.09181376935
2023-03-31,102851.06074540592,103682.7458907872,0.1002765179789911,1,-633.810431150443,111008.97529759484
2023-04-03,102944.8704222994,103682.7458907872,0.10109640117273967,1,-540.0007542569638,111431.98025976843
2023-04-04,102693.79158120214,103682.7458907872,0.09889864734189356,1,-791.0795953542183,110813.7422381301
2023-04-05,102714.84661135926,102912.7213255901,0.0,0,0.0,110523.60421920333
2023-04-06,102725.13063794591,102912.7213255901,0.045106974485830245,3,10.74631393994514,110954.74389218797
2023-04-10,102864.58910537571,102958.7843121272,0.060939026870557085,4,104.44998154707991,111068.6298435424
2023-04-11,102896.31533051329,103087.72577995942,0.03004333097023917,2,7.389035736105598,111098.45711651616
2023-04-12,102847.19805546846,103087.72577995942,0.059596523870819394,4,-41.41955970550316,110645.6248813688
2023-04-13,103033.09012975916,103218.24485433634,0.03008700103992963,2,14.4161444760839,112115.295967895
2023-04-14,103013.5625745114,103218.24485433634,0.029903141466497103,2,-5.111410771677583,111841.4273705903
2023-04-17,103051.87993424913,103233.5972856686,0.0451421029067847,3,18.162554762196123,112242.73977060115
2023-04-18,103041.90683098459,103279.79423287296,0.0446084316356459,3,-37.852917886793875,112315.95216790042
2023-04-19,102977.35673971787,103289.20576976068,0.058913831300021875,3,-111.50563870799488,112296.97117600802
2023-04-20,102911.50339171731,103318.9535532897,0.10302622595665963,4,-206.4891297103004,111684.15629491038
2023-04-21,102966.19255295991,103318.9535532897,0.14848812818375923,7,-151.3368163594023,111770.92654356136
2023-04-24,103036.42241477023,103441.05142798733,0.13291520536416296,5,-202.74135581220798,111887.52406518614
2023-04-25,102636.4112466682,103441.05142798733,0.234939807513106,8,-601.6708038237521,110111.44553811112
2023-04-26,102671.73988482676,103535.94882094621,0.3693367284540264,14,-659.6984789943745,109645.05545161202
2023-04-27,103475.38036578296,103924.97374278837,0.2511145907485379,9,-244.92891227048312,111827.86951923858
2023-04-28,104000.91384884543,104380.91970106414,0.10220181785922912,3,-175.34138748379337,112782.34225439951
2023-05-01,104031.69830305874,104380.91970106414,0.1174645499114241,4,-144.40093189969593,112668.45630304508
2023-05-02,103796.12979359,104380.91970106414,0.11546160855952473,4,-379.9694413684447,111402.15298679465
2023-05-03,103649.65615027816,104380.91970106414,0.14428665150059103,5,-526.1313891148111,110637.49017055776
2023-05-04,103593.66460384523,104380.91970106414,0.20371542527453165,8,-581.5025618679247,109853.84636242848
2023-05-05,103874.02398257835,104537.07393283519,0.2192979975727445,9,-456.3653442335635,111887.52406518614
2023-05-08,103776.01077235606,104556.56611062563,0.17343816273874954,6,-573.8707322462906,111917.35133815992
2023-05-09,103849.83938706954,104341.14738384387,0.10168052476252366,4,-284.6233907510541,111426.55711922774
2023-05-10,103834.6160953407,104341.14738384387,0.10154882129068057,4,-299.84668247990703,111947.1786111337
2023-05-11,103821.07663078446,104341.14738384387,0.10143165290556636,4,-313.38614703614803,111751.94555166896
2023-05-12,103830.66533856018,104346.59109092737,0.13150124427101678,6,-308.77390524353905,111605.52075707041
2023-05-15,103925.24381491134,104404.03764986127,0.13174245216058583,6,-271.33050407582596,111990.5637354592
2023-05-16,103790.61084350671,104404.03764986127,0.19068731948198028,9,-405.34005583452745,111242.17034084437
2023-05-17,103953.67518343654,104497.20775690764,0.17606008298608858,8,-335.2901370348045,112592.53233547547
2023-05-18,103968.92354116449,104509.3155209416,0.16112943161115845,8,-331.83768061312367,113677.16044361288
2023-05-19,104031.26763122501,104511.05922029851,0.17662742978845505,9,-270.92538245224205,113511.75465712193
2023-05-22,103859.91736625924,104404.61627700555,0.14653174979480904,8,-335.83270412506863,113557.85135171778
2023-05-23,103736.71266885313,104268.55571513719,0.11714779153752139,7,-322.9768396628133,112283.4133246563
2023-05-24,103675.71995613787,104268.55571513719,0.2668302935265971,15,-382.4124792144321,111469.94224355323
2023-05-25,103437.29280573591,104268.55571513719,0.32541774364917264,15,-620.2161984797931,112435.26125979554
2023-05-26,103342.51820193138,104146.38644014398,0.29581901115537135,13,-592.6656394253769,113891.37449497003
2023-05-30,103172.0238783381,104158.12435390621,0.2794541542905684,12,-774.8978767808876,113934.75961929552
2023-05-31,103196.79480542378,104158.12435390621,0.2796271111022564,12,-750.1269496952045,113302.96374630548
2023-06-01,103335.30856952304,104213.28832927636,0.2348747190144907,8,-666.6214902137472,114379.45714363187
2023-06-02,103673.48813393514,104236.84771930939,0.20711232040567093,7,-352.0013158346628,116033.51500854144
2023-06-05,103655.61198713336,104236.84771930939,0.20697558129154067,7,-369.8774626364393,115811.16624637326
2023-06-06,103421.87738699396,104236.84771930939,0.205183337231669,7,-603.6120627758537,116063.34228151522
2023-06-07,103340.58394591796,104236.84771930939,0.20455809031439992,7,-684.9055038518491,115662.02988150438
2023-06-08,103574.05204781632,104245.18833411174,0.23603681653278513,10,-459.15800207289067,116361.61501125302
2023-06-09,103682.54400726265,104330.932140993,0.20610754500912853,8,-436.4098495078142,116570.40592206946
2023-06-12,103670.74290656106,104414.98245945264,0.17530538428829173,6,-532.2612686690409,117627.91832750344
2023-06-13,103739.58888341209,104331.71123545211,0.11659251556195237,4,-380.14406781749676,118403.42742482171
2023-06-14,103856.60257518112,104331.71123545211,0.11758783765537127,4,-263.13037604844976,118544.42907887958
2023-06-15,104024.26852308179,104267.40385606234,0.07464601318636979,3,-31.0012638541657,120014.10016540578
2023-06-16,104064.4721337701,104267.62909380376,0.01505630226717879,1,8.977109092730188,119162.66710051791
2023-06-20,104063.83091169204,104267.62909380376,0.015050233226292141,1,8.335887014678065,118544.42907887958
2023-06-21,104036.9203417883,104297.76802231354,0.029544800453460834,2,-48.401396254094834,117937.03733832261
2023-06-22,104041.70055131812,104338.57240786387,0.07420700018519534,5,-83.8012896606715,118362.75387076655
2023-06-23,104029.72360128678,104338.57240786387,0.19416687272018068,11,-94.52931652837651,117467.93568155318
2023-06-26,104084.45883611338,104408.50079863434,0.17891981384189679,11,-109.25432409226778,116987.98774370237
2023-06-27,104416.40454672338,104570.97622759869,0.13513056293380515,9,60.84040922722852,118270.56048157487
2023-06-28,104418.51074077465,104677.97657513748,0.07431943843999168,5,-44.05374426029266,118330.21502752243
2023-06-29,104528.57283570338,104761.81214960951,0.05961313834785087,4,-17.513957024411866,118796.60511402153
2023-06-30,104647.23004883663,104901.96348398477,0.014543874745166031,1,-39.008078266408575,120198.48694378915
2023-07-03,104670.3704342489,104901.96348398477,0.01476173806647347,1,-15.867692854132201,120336.77702757667
2023-07-05,104672.35389585567,104901.96348398477,0.014780407583240111,1,-13.884231247365733,120157.81338973399
2023-07-06,104636.09461074838,104901.96348398477,0.044365412197027325,2,-49.83040939536113,119216.89850592478
2023-07-07,104670.20630509988,104901.96348398477,0.0896662167897097,5,-15.247857504857166,118915.91420591663
2023-07-10,104821.21136064526,105027.94632229145,0.13473041862288446,8,10.716343280475485,119216.89850592478
2023-07-11,104870.86717803721,105078.66226500417,0.10493335613120516,7,9.9706846029203,119976.13818162098
2023-07-12,104985.66863970987,105215.85237793723,0.059752641837641514,4,-12.260660356727385,120941.45719786327
2023-07-13,104955.09730935836,105227.11332538746,0.029431854605247113,2,-54.09293815845831,121901.3530735649
2023-07-14,105022.56270017313,105266.38000170364,0.014703115513616078,1,-25.894223659865247,121825.42910599528
2023-07-17,104997.1000469076,105266.38000170364,0.014464172981659673,1,-51.356876925399774,122248.43406816886
2023-07-18,105002.56660523578,105266.38000170364,0.014515481147327425,1,-45.890318597205805,123156.81010873396
2023-07-19,104999.58326783744,105266.38000170364,0.059493728580807405,4,-48.40113952025604,123430.67870603866
2023-07-20,105147.35685660671,105375.69221259907,0.014838897324188487,1,-9.782262271504806,122611.78448439491
2023-07-21,105136.04174530097,105393.51550884343,0.059633511976963614,3,-38.289877693373455,122611.78448439491
2023-07-24,105238.72402750143,105405.25110273731,0.07543555636982559,4,52.97225562476706,123159.5216790043
2023-07-25,105315.20590791389,105551.94855589418,0.029788735363909732,2,-17.243317119646235,123495.7563925269
2023-07-26,105348.67482316942,105566.66853615198,0.014984016141705003,1,1.5056178780876053,123514.7373844193
2023-07-27,105275.58775078131,105583.7722597044,0.029150907778270393,2,-88.36913430440518,122695.84316277556
2023-07-28,105387.01055813093,105623.59569503114,0.05976849011018444,4,-16.296063502659308,123897.06879253776
2023-07-31,105483.61589913211,105701.5806101236,0.0449652721265114,3,2.6405346358433235,124132.97540605764
2023-08-01,105476.68698302169,105726.42504897199,0.02967974317363603,2,-29.132820322990483,123777.75970064264
2023-08-02,105421.95669117745,105726.42504897199,0.10423196851068461,7,-83.07193654663934,122055.91257897447
2023-08-03,105357.65275426071,105726.42504897199,0.22379256275269382,14,-146.11057749472457,121706.12001410016
2023-08-04,105246.71929433278,105790.9441917342,0.22235497866782872,13,-321.246928675253,121155.67124922041
2023-08-07,105397.71480871525,105861.57554331084,0.19273938018350642,11,-240.56704425033968,122213.18365465441
2023-08-08,105186.9127870011,105861.57554331084,0.26631644117580244,12,-450.57819344487507,121681.71588166707
2023-08-09,105031.17350323132,105861.57554331084,0.2802882528108334,12,-606.1593191180691,120868.244800564
2023-08-10,105131.09837050509,105861.57554331084,0.32593524098917614,15,-505.76179901922296,120911.6299248895
2023-08-11,105094.74865065106,105876.74441155519,0.28046059622572955,13,-557.2803871175893,120841.12909786057
2023-08-14,105372.7392750355,106020.05899251171,0.25093073966890644,11,-421.973225558133,121508.17538436508
2023-08-15,104887.73479259943,106020.05899251171,0.2926596336551659,11,-906.5037402795278,120092.73570324574
2023-08-16,104628.28532614424,106020.05899251171,0.3511060096822332,13,-1165.323403396258,119211.47536538409
2023-08-17,104348.31731657631,106020.05899251171,0.40970503621766563,15,-1444.661837984262,118303.09932481899
2023-08-18,104218.27560312461,106020.05899251171,0.4695015717712912,15,-1574.0727490370919,118360.0423004962
2023-08-21,104990.60273455954,106349.81700149264,0.4254745042152048,14,-1130.870948456708,119130.12825727378
2023-08-22,104762.41159115735,106373.09063176057,0.4088531783889226,14,-1382.178236222695,118807.4513951029
2023-08-23,105148.62003778687,106485.70129348319,0.34992703878484893,12,-1108.423307698431,120130.69768703055
2023-08-24,104949.91459300395,106239.06563234712,0.2908752134891278,11,-1060.4930913452772,118465.79354103962
2023-08-25,105128.98044151896,105956.40737553423,0.2946749959954899,12,-598.1376993930535,119300.95718430543
2023-08-28,105211.6240537303,106026.59021992254,0.2646369573096049,10,-585.6769315700367,120057.48528973128
2023-08-29,105439.94229166464,105883.13870804859,0.1777422385922217,6,-213.9071817617405,121792.89026275116
2023-08-30,105367.63453059673,105713.29380047396,0.05865139981205316,4,-116.37003525503042,122294.53076276471
2023-08-31,105292.39245329046,105713.29380047396,0.07297370363866083,4,-191.45424248236122,122115.56712492203
2023-09-01,105293.89920475741,105648.89037840036,0.058570354127852546,3,-125.38658303770444,122343.3390276309
2023-09-05,105271.0660833069,105648.89037840036,0.058366159582845314,3,-148.2197044882123,121814.5828249139
2023-09-06,105192.72479353147,105648.89037840036,0.11766127312765427,6,-225.9299390321521,120995.68860327014
2023-09-07,105240.47745607846,105686.31131601686,0.16270419967744643,9,-214.80894318236824,120624.20347623307
2023-09-08,105188.45548303236,105705.67661228708,0.17711247414364442,9,-285.88048830445405,120805.8786843461
2023-09-11,105313.73447247503,105734.21416085512,0.17782214867973448,8,-188.9811759594595,121600.36877355677
2023-09-12,105377.12051778151,105772.511317466,0.13307990579439422,6,-163.734380664715,120933.32248705224
2023-09-13,105456.90419689505,105767.90690835402,0.11897687563536609,7,-78.87204710907463,121074.3241411101
2023-09-14,105537.64651634189,105904.62275541545,0.0735657515263991,4,-134.52923044244835,122118.27869519238
2023-09-15,105422.21772303122,105904.62275541545,0.10256631385085799,5,-249.6416313140744,120222.89107622224
2023-09-18,105431.25736314857,105922.5248939226,0.1624588627356523,8,-257.71346866057866,120293.39190325116
2023-09-19,105501.08872229345,105928.73924232787,0.14799138289466943,7,-194.0964579209649,120043.92743837956
2023-09-20,105160.80807011221,105976.01321897078,0.20499217948899998,10,-580.8598984680029,118940.31833834974
2023-09-21,104665.56210681052,105976.01321897078,0.3521939763581938,14,-1074.5259514381178,116974.42989235066
2023-09-22,104541.83800630817,106023.2130346557,0.3962668811149075,14,-1244.8185748487813,116711.40757612733
2023-09-25,104784.9920953705,106030.17896857529,0.3975851538095643,14,-1008.4736069490245,117202.20179505952
2023-09-26,104134.63460820907,106030.17896857529,0.484891381150359,15,-1657.882850225964,115480.35467339135
2023-09-27,104203.90660669416,106030.17896857529,0.4852338117235169,15,-1588.610851740872,115526.45136798719
2023-09-28,104231.78706366004,106147.5624499404,0.39348319321943115,10,-1678.1138761400944,116196.20922476206
2023-09-29,104341.32486402284,106153.4159144091,0.393705735364308,11,-1574.1168520558786,115914.20591664633
2023-10-02,104554.0458463817,106165.82541553545,0.4552658707840985,10,-1373.0154897590983,115868.10922205048
2023-10-03,103679.23280160743,106165.82541553545,0.49625582388521794,10,-2247.3559470508917,114317.09102741398
2023-10-04,103950.61788468371,105501.15853538444,0.4575014869352907,13,-1310.6819370163794,115149.54310040944
2023-10-05,103892.16863170343,105509.72959684317,0.47216899429776227,14,-1377.390363623308,115106.15797608394
2023-10-06,104756.17907217258,105777.20996705613,0.4140742642730596,10,-780.3878641741248,116472.7893923371
2023-10-09,105111.00158906479,105955.08145857623,0.2948989432992902,6,-603.4368388020084,117218.47121668157
2023-10-10,105143.00316701137,105961.40962635436,0.24984595535270465,6,-577.6057621311847,117828.57452750887
2023-10-11,105156.0331045515,105628.99105484234,0.11774923349014631,3,-232.15725307901812,118311.23403563003
2023-10-12,104920.15039449114,105628.99105484234,0.11576574699136875,3,-468.0399631393884,117589.95634371864
2023-10-13,104862.92729647327,105147.66457754282,0.029399080171251268,1,-43.93658385774461,117004.25716532444
2023-10-16,104912.96471787209,105168.06037408485,0.07464874503311705,4,-13.66582246713915,118235.31006806041
2023-10-17,104928.45110753473,105169.20230681969,0.05978380158251544,3,0.6786344606507555,118229.88692751972
2023-10-18,104807.59185806381,105176.83569948816,0.043620753612252934,2,-127.81400767874675,116654.46460045011
2023-10-19,104551.82855967322,105176.83569948816,0.10143629484520744,5,-382.94843622975714,115629.49103826025
2023-10-20,104225.38330408279,105176.83569948816,0.234188214647233,11,-707.9808879421544,114208.62821660022
2023-10-23,104284.91041031505,105293.11072590722,0.3086728975255933,13,-763.4744332663686,114010.68358686515
2023-10-24,104778.93668993433,105321.20822883272,0.31159195905601167,13,-297.23278742838374,114870.25136256406
2023-10-25,104184.65812948465,105330.48409315333,0.3378392241344455,13,-900.3156268479215,113221.61663819518
2023-10-26,103484.41630616462,105270.03785269108,0.4097561564674992,13,-1538.8577763628782,111865.8315030234
2023-10-27,103787.520221165,105525.1946897921,0.37893356709777126,11,-1490.5975073989757,111358.76786246915
2023-10-30,103703.90843732978,105625.63688240972,0.347140358395275,9,-1674.1833098688876,112690.14886520784
2023-10-31,103805.87547758323,105625.63688240972,0.4231260533231026,9,-1571.4342286774845,113397.8687057675
2023-11-01,104584.7386656511,105841.08464346461,0.33517145625176514,7,-1008.0188016645261,114607.22904634073
2023-11-02,105818.52806337697,106108.49927132472,0.1332937663824821,2,-41.644031798763535,116803.60096531901
2023-11-03,106219.58513853309,106467.91231468208,0.0,0,0.0,117869.24808156403
2023-11-06,106219.58513853309,106467.91231468208,0.0,0,0.0,118140.40510859838
2023-11-07,106219.58513853309,106467.91231468208,0.0,0,0.0,118476.63982212098
2023-11-08,106219.58513853309,106467.91231468208,0.0,0,0.0,118563.41007077198
2023-11-09,106219.58513853309,106467.91231468208,0.0,0,0.0,117638.76460858482
2023-11-10,106229.79365382918,106467.91231468208,0.01509615679926532,1,10.367844673809032,119474.4976816074
2023-11-13,106218.81593593927,106467.91231468208,0.014994366956815258,1,-0.6098732161065072,119360.61173025299
2023-11-14,106247.31784230177,106495.80434782847,0.0,0,0.0,121676.29274112638
2023-11-15,106247.31784230177,106495.80434782847,0.0,0,0.0,121933.89191680902
2023-11-16,106247.31784230177,106495.80434782847,0.0,0,0.0,122083.0282816779
2023-11-17,106241.026853071,106495.80434782847,0.014943173992247885,1,-6.131618254006753,122234.87621681715
2023-11-20,106240.5159053219,106495.80434782847,0.014938436509906977,1,-6.642566003112961,123175.79110062636
2023-11-21,106246.2387285869,106495.80434782847,0.014991495642168697,1,-0.919742738100922,122907.34564386235
2023-11-22,106232.71459528047,106495.80434782847,0.02986950727904923,2,-14.284506686440182,123381.87044117248
2023-11-24,106251.83652027791,106500.64176613947,0.0,0,0.0,123457.79440874209
2023-11-27,106267.34689931093,106500.64176613947,0.030145632353760266,2,15.829145755528316,123235.44564657392
2023-11-28,106234.92311990153,106500.64176613947,0.02984962475896666,2,-16.594633653872734,123357.46630873939
2023-11-29,106211.6084386236,106511.81853403417,0.029529490328482125,2,-50.92673044182493,123270.69606008839
2023-11-30,106239.93827105785,106562.73892027684,0.0593046896233752,4,-73.03934038653642,123756.06713847989
2023-12-01,106235.36718072295,106571.69102895352,0.08918848395188207,5,-86.08443802604779,124488.19111147265
2023-12-04,106123.01204876532,106571.69102895352,0.13327769477711182,7,-197.9614963710792,123834.70267631985
2023-12-05,106136.85973186634,106571.69102895352,0.22341485304895067,13,-183.1584215263938,123810.29854388676
2023-12-06,106082.26433839736,106699.71548418152,0.206790504803011,11,-365.4597513728877,123311.36961414355
2023-12-07,106473.59745118018,106940.622782525,0.147568369642962,8,-214.5565911857011,124252.28449795276
2023-12-08,106546.8970048829,107004.1143698535,0.11767185742051998,6,-204.74862481147102,124786.46384121044
2023-12-11,106751.3473939956,107105.72943698287,0.07368645787716095,3,-101.75348248263526,125271.83491960194
2023-12-12,106774.97836796359,107108.09618520187,0.07394704682334524,3,-80.32912971252699,125843.97624664442
2023-12-13,106927.79565949854,107260.41884694944,0.059020226864802516,3,-79.51417829461025,127579.3812196643
2023-12-14,106976.00373726505,107304.26496435312,0.029094402192483,1,-75.15221793178307,127988.82833048618
2023-12-15,106952.44526801402,107304.26496435312,0.043885344713047156,2,-98.55022317720795,127262.12749803411
2023-12-18,106975.17645512168,107352.23888810912,0.04363824765859882,2,-123.63253115763837,127977.9820494048
2023-12-19,107004.46694931758,107352.23888810912,0.04390003400411091,2,-94.34203696174427,128756.2027169934
2023-12-20,106884.12548336854,107352.23888810912,0.042823555425262665,2,-214.68350291078514,126971.98947910735
2023-12-21,106925.17182577727,107352.23888810912,0.08817610644096552,5,-173.15620452584517,128175.92667913988
2023-12-22,106977.29764935214,107257.89052559547,0.014747097704355127,1,-26.682018437334364,128433.52585482252
2023-12-26,106971.64687286611,107257.89052559547,0.029697344180922545,2,-32.172328976880635,128975.83990889123
2023-12-27,106983.97323274463,107257.89052559547,0.04480891100199085,3,-19.68551162805852,129209.03495214078
2023-12-28,106998.52508623098,107265.77043070365,0.02986894051048817,2,-13.013563249883191,129257.84321700696
2023-12-29,106994.58289358595,107265.77043070365,0.0298331962379838,2,-16.955755894918184,128883.64651969956
2024-01-02,106960.91131296259,107296.62474668451,0.059258259884075515,3,-81.00018667893073,128162.36882778816
2024-01-03,106796.89628729335,107296.62474668451,0.23821673013478042,15,-243.08875449717743,127115.70270343556
2024-01-04,106697.65650290258,107296.62474668451,0.2525529521709179,15,-342.16803088855886,126706.25559261367
2024-01-05,106794.32311777529,107388.61705194174,0.20725566954612976,12,-337.4937212730947,126879.79608991566
2024-01-08,107238.77676689342,107635.31522758889,0.08842909745934639,4,-139.0972240326173,128691.12503050517
2024-01-09,107155.1406485948,107635.31522758889,0.13268143719116113,5,-222.2515799135199,128495.89197104042
2024-01-10,107267.57233244271,107666.13417366087,0.14834216552736026,6,-140.31736348385857,129222.5928034925
2024-01-11,107039.39931073194,107666.13417366087,0.1765267266622859,7,-368.1692989197363,129165.64982781529
2024-01-12,106887.24214444368,107704.04959922245,0.3101075965937682,13,-556.4766451266405,129255.13164673661
2024-01-16,106096.28447278569,107752.04520602598,0.3649808001845748,14,-1394.6279158261168,128780.60684942649
2024-01-17,106041.41253638186,107752.04520602598,0.3947958520063785,15,-1449.1802366971679,128064.7522980558
2024-01-18,106373.94971268848,107774.52669609124,0.39653259910414584,12,-1138.6424168755984,129203.61181160009
2024-01-19,106662.55799581653,107915.056476715,0.3517219259871,10,-990.0852420369047,130814.28455218417
2024-01-22,106758.07238157486,108003.98487820674,0.29143710294693476,6,-983.3387562152166,131090.8647197592
2024-01-23,106719.09456068577,108019.27601754702,0.2609877568881024,5,-1037.6077164445887,131473.19612787766
2024-01-24,106655.94450819842,108019.27601754702,0.27556057645552295,6,-1100.5976902901202,131616.90935220587
2024-01-25,105043.40661323226,108019.27601754702,0.35588360500383914,9,-2712.175122245433,132332.76390357656
2024-01-26,105363.87428735392,108070.85817038183,0.3419466696087364,8,-2442.9744716006535,132164.64654681526
2024-01-29,105863.95963143358,108110.55319855749,0.3445453212664459,8,-1982.2680675650408,133211.31267116786
2024-01-30,105688.84299836907,108110.55319855749,0.3434592935154565,8,-2157.38470062954,133108.2730008948
2024-01-31,106049.85407311938,107563.565884211,0.27484499890467845,9,-1249.0692325277232,130936.30521434962
2024-02-01,106223.46762296533,107695.15662908126,0.22946748014081086,7,-1206.5692940217814,132650.01762520676
2024-02-02,106263.71034086206,107742.70500555557,0.28905415690356695,8,-1213.0811472108326,134046.47631443368
2024-02-05,105918.27603824131,106387.89412995803,0.1787779229035105,7,-203.54517866854076,133558.39366577184
2024-02-06,106001.52422512736,106448.01778473795,0.16391433348565526,7,-180.102892548417,133946.14821443096
2024-02-07,106139.01941390372,106521.40304547314,0.13358952844390112,7,-115.51609331561122,135063.31516581253
2024-02-08,105937.39753331155,106559.6147837042,0.19162841594988866,8,-354.5546605641721,135122.96971176006
2024-02-09,106110.56210577596,106611.53223423302,0.17762252872237724,7,-232.83052049927937,135903.90194961903
2024-02-12,106326.82844436703,106618.74328026202,0.1941839386195764,8,-23.45688633372265,135844.24740367147
2024-02-13,106076.53019725253,106618.74328026202,0.2223589735953493,10,-273.4361249194517,134789.44656850782
2024-02-14,106196.75646884926,106709.97396236485,0.22236872439466937,10,-243.64510552305,135190.75896851867
2024-02-15,106256.8865884518,106742.81387246489,0.13269460078136022,6,-216.35489602055713,136123.53914151684
2024-02-16,106107.79678125227,106742.81387246489,0.14648225049006897,6,-365.2854907885121,135445.64657393095
2024-02-20,106195.20417617905,106777.92452882763,0.1618050023268782,6,-312.5113349544481,134699.96474958648
2024-02-21,106241.95393565894,106777.92452882763,0.20716640410089893,9,-265.28361341645723,134821.98541175193
2024-02-22,106787.60727859095,107260.10414329349,0.17690952024846057,7,-201.17246583348242,137612.19121993546
2024-02-23,106894.7859602113,107317.66733798893,0.1622888866314072,6,-151.3967974976258,137707.0961793975
2024-02-26,106864.98658526584,107317.66733798893,0.16205529031178056,6,-181.1961724431021,137202.74410911358
2024-02-27,106867.16064824392,107350.88105790991,0.16193937085241236,6,-211.91524250617658,137457.63171452587
2024-02-28,106805.83177357847,107350.88105790991,0.19148652531246596,8,-272.92342866809486,137275.95650641285
2024-02-29,106885.84129022746,107404.15803068329,0.14711036715911396,8,-245.8704821500287,137769.46229561538
2024-03-01,106980.13246190514,107478.52895987059,0.1323214819855902,7,-225.47046227332248,139062.88131456927
2024-03-04,106805.09918034266,107478.52895987059,0.1459094332074606,7,-400.34344635593334,138913.74494970034
2024-03-05,106595.25440587814,107478.52895987059,0.20415585452866608,8,-609.5494828401097,137525.42097128447
2024-03-06,106555.57603479072,107478.52895987059,0.21886659016512136,9,-649.0679610459265,138222.29453076277
2024-03-07,106616.83017774431,107300.66549128594,0.1911162395152498,8,-409.47209128048416,139594.34908755656
2024-03-08,106713.74689013946,107307.71105660971,0.17670475609600922,8,-319.2810988034653,138756.47387402045
2024-03-11,106924.31099970858,107383.16879376481,0.11768964473595485,5,-183.85457382169625,138637.16478212533
2024-03-12,107011.13843000135,107393.4260506665,0.13332357812025183,5,-106.96368520218857,140128.52843081427
2024-03-13,106960.65291377925,107270.07867861565,0.0746068679520984,4,-33.94131266577733,139908.89123891646
2024-03-14,106899.92434392696,107321.84129155791,0.07360354783404893,4,-146.27205448095447,139632.31107134142
2024-03-15,106994.28192118848,107329.62039656687,0.13430185073926293,8,-58.89167192043533,138200.6019686
2024-03-18,106992.40442595225,107450.75341576835,0.16318165943820395,10,-181.26026262921368,139062.88131456927
2024-03-19,107091.76192961038,107481.8706813842,0.16361691333342004,8,-112.6997502435006,139854.6598335096
2024-03-20,107348.67728702624,107695.15042225769,0.1487477080412206,6,-68.10054174714787,141115.54000921932
2024-03-21,107497.74122322048,107857.56294694835,0.10360747407404713,4,-81.44913024357629,141598.19951734052
2024-03-22,107464.17688545842,107857.56294694835,0.11833368879338879,5,-114.85222139380494,141329.75406057647
2024-03-25,107514.5220121861,107932.00155035322,0.10316813733089356,4,-138.62387271934676,140939.287941647
2024-03-26,107530.62403634556,107949.16318100184,0.13314717991301175,6,-139.19969272392154,140678.977195694
2024-03-27,107830.07782032392,108181.69111319931,0.058891852600298195,3,-71.62873315904108,141858.51026329346
2024-03-28,107833.70576576504,108181.69111319931,0.08892594892032832,5,-67.67729270576274,141872.0681146452
2024-04-01,107825.97741212141,108181.69111319931,0.11886499382385762,7,-75.08215391045087,141587.3532362591
2024-04-02,107816.221726553,108217.79763060364,0.13346002758029216,8,-120.45908199961013,140692.53504704573
2024-04-03,107869.66120753449,108314.50869925864,0.17797485369475446,11,-162.9220494053443,140855.22926326634
2024-04-04,107459.71433961493,108217.72929213701,0.22127031320864704,14,-475.2806518671605,139136.09371186854
2024-04-05,107620.29779459634,108230.36672383713,0.2373032102328247,14,-327.01163452255787,140575.93752542094
2024-04-08,107547.27293534498,108249.04232766831,0.22154949879443295,13,-418.55066715840803,140654.57306326093
2024-04-09,107682.56720573507,108268.08586740901,0.2973833058062265,14,-301.33063272598156,140806.42099840016
2024-04-10,107372.74794021374,108290.41151599916,0.28005904643272256,12,-632.99054977372,139407.2507389029
2024-04-11,107420.179249255,108290.41151599916,0.32536220224538315,15,-585.0760565132659,140459.34000379618
2024-04-12,106677.04673997831,108290.41151599916,0.3812776738831126,15,-1327.5620061798472,138517.8556902302
2024-04-15,106671.69383081459,108338.56336167669,0.36569664231323734,14,-1381.0667610210803,136822.96157704925
2024-04-16,106535.35898237894,108338.56336167669,0.44059381720105756,15,-1516.5951225988538,136516.71683071667
2024-04-17,106409.2810569107,108338.56336167669,0.43993101062703627,15,-1642.6730480670958,135727.64988204668
2024-04-18,106309.87494252223,108350.25553101598,0.500254066376926,14,-1752.963374753359,135428.02136717373
2024-04-19,106315.58708722342,108353.43141029713,0.5000980481164403,14,-1750.106388853841,134266.11350633152
2024-04-22,106467.37421058363,108380.98238201239,0.4700429738247423,12,-1625.5492399774448,135502.58954960818
2024-04-23,106830.01312728264,108174.6118361749,0.33792380826825064,9,-1056.380076379639,137102.41600911086
2024-04-24,106864.89078170923,108352.08807604386,0.2611640169272743,6,-1198.9786618220132,137059.03088478537
2024-04-25,107090.24651089314,108397.41438545944,0.2622253926962802,6,-1018.7889447175075,136511.29369017598
2024-04-26,106220.05145140894,108303.18203407282,0.28710994827659486,9,-1794.1091145274986,137818.27056048156
2024-04-29,106160.94199983726,108253.76246794025,0.2256085538233927,9,-1803.1616819026676,138306.35320914342
2024-04-30,105767.86604761716,108253.76246794025,0.2377878551977217,10,-2196.078392709769,136115.40443070582
2024-05-01,105669.02811151449,106183.25542727484,0.20913906451075356,13,-223.4554440652355,135611.05236042192
2024-05-02,105710.09579496611,106283.1940778109,0.16334645657919836,9,-281.85007382606636,136937.01022261992
2024-05-03,105872.40229880137,106372.34979847659,0.17876225751338756,9,-208.22295778989428,138645.29949293635
2024-05-06,106068.77615796251,106503.17569255512,0.08898382513367685,4,-142.35736937028378,140071.58545513707
2024-05-07,106161.4912530301,106542.97102078774,0.07444544221123699,3,-89.43760253531855,140239.70281189837
2024-05-08,106128.1826717671,106542.97102078774,0.07415495472313235,3,-122.74618379830281,140239.70281189837
2024-05-09,106268.34026341114,106602.13350090226,0.029594242928064604,1,-41.75107226879709,141047.75075246074
2024-05-10,106301.48253712874,106602.13350090226,0.029896792360588106,1,-8.608798551194468,141229.42596057375
2024-05-13,106269.1727777597,106602.13350090226,0.044607906112721585,2,-40.759105696452934,141248.40695246618
2024-05-14,106254.52736305092,106602.13350090226,0.044476221244587374,2,-55.40452040523087,141893.76067680793
2024-05-15,106278.69836708023,106605.78691038114,0.04465403311185486,2,-34.72754406374315,143648.1466417202
2024-05-16,106395.81172061664,106726.38078573694,0.044578572333787224,2,-37.88923629310375,143393.25903630795
2024-05-17,106433.80244602225,106726.38078573694,0.10490018493019808,6,0.7398214237873617,143577.6458146913
2024-05-20,106396.74157117252,106731.25134391629,0.10454947655071292,6,-41.03196090163692,143729.4937498305
2024-05-21,106401.32447712397,106768.4238315233,0.11924103786006686,7,-73.30236209878967,144081.9978849752
2024-05-22,106362.01108067125,106772.83670497384,0.1788998049052275,11,-116.23067019176597,143669.83920388296
2024-05-23,106119.31856898143,106772.83670497384,0.23717242185601212,15,-358.2849331793768,142623.17307953036
2024-05-24,106162.99689952926,106807.6855904536,0.22217493594704027,13,-349.13631464696664,143577.6458146913
2024-05-28,106014.65611922259,106871.37517428468,0.23551267391553407,13,-560.6886322309037,143661.7044930719
2024-05-29,105808.87572518423,106871.37517428468,0.30934095975653675,15,-765.672205508854,142677.4044849372
2024-05-30,106084.05721752078,106882.37600468154,0.2959793734930056,14,-501.4915435691728,141709.37389842456
2024-05-31,106587.1860614517,107018.1124763323,0.11842722636935168,6,-133.78047250375494,142937.7152308902
2024-06-03,106562.25693810353,107018.1124763323,0.13322600110065855,7,-158.54971507284063,143113.96729846252
2024-06-04,106636.32737948146,107078.99074969298,0.148397297484627,8,-144.87799821360022,143276.66151468313
2024-06-05,106935.05157715116,107285.94222460958,0.08911036887237496,5,-52.6254505133802,144968.68136337752
2024-06-06,106979.2330950431,107323.4525653758,0.029429349573821272,2,-45.95427338763511,144965.9697931072
2024-06-07,107018.61829487368,107323.4525653758,0.07477659121010738,5,-6.087644397542135,144800.56400661622
2024-06-10,107096.9039771792,107402.40594373226,0.059798851340418076,4,-6.434287386840879,145247.97310122292
2024-06-11,107006.48879875623,107402.40594373226,0.08903342727939557,6,-96.52816816185259,145597.76566609726
2024-06-12,106862.62610207587,107403.82922823388,0.19290577822248142,12,-240.53069746361143,146788.14501477804
2024-06-13,106730.90158162775,107420.77922683446,0.23672445800728442,14,-388.56474829516446,147089.1293147862
2024-06-14,106733.25277105602,107420.77922683446,0.25174244147397645,15,-386.0534625145192,147178.6111337075
2024-06-17,106911.16384687176,107505.77738315602,0.17717237495635751,11,-293.1405430203413,148331.02849860353
2024-06-18,107098.7315120315,107566.26148734891,0.14807710132508684,9,-165.41556311627755,148726.9177580737
2024-06-20,107271.90289703512,107649.1593729996,0.07408920670912574,5,-74.8207862895897,148322.8937877925
2024-06-21,107313.10575860445,107676.88550616447,0.05924539345187108,4,-61.18315003081625,147533.8268391225
2024-06-24,107322.280608315,107722.97068650581,0.04393959320692964,2,-97.9329758839076,147148.78386073373
2024-06-25,107321.12359131861,107722.97068650581,0.08892161631801117,5,-98.60717841776022,147718.21361750588
2024-06-26,107300.60590896489,107788.28568495552,0.0881400309002536,5,-184.27887753580217,147918.86981751132
2024-06-27,107245.57705598172,107798.87215698752,0.1175894604964331,6,-249.41140387517953,148165.62271211256
2024-06-28,107328.69761544306,107845.30452505004,0.10278443891117246,5,-212.08027802827564,147579.92353371836
2024-07-01,107140.44767258709,107845.30452505004,0.16131274707172194,9,-399.6863202827044,147886.33097426718
2024-07-02,107230.64043714921,107887.94871765083,0.19159735027801306,10,-351.17329263010106,148859.78470132052
2024-07-03,107275.02155180892,107938.78439742987,0.1914870527647603,10,-357.3061649809533,149532.25412836572
2024-07-05,107343.04756171146,107994.98145245641,0.17650698676733217,9,-345.1553980861536,150402.668185146
2024-07-08,107328.21319950341,108005.92292834225,0.14630185873971185,7,-370.93123618003665,150578.92025271835
2024-07-09,107307.71985338435,108038.28641632317,0.14584737798320258,7,-423.62707796022187,150714.49876623554
2024-07-10,107420.07503990227,108063.19577733168,0.16149619249687183,8,-335.85933706067226,152205.8624149245
2024-07-11,107556.26833371037,108016.57943326853,0.08824715615361983,5,-153.0496991894379,150890.75083380786
2024-07-12,107633.55554044138,108057.9948469138,0.11857530505100586,7,-116.53253064439014,151820.81943653568
2024-07-15,107658.66188738818,108088.6673592908,0.13350418693043306,8,-121.77581729948179,152262.8053906017
2024-07-16,107776.82804508382,108147.4514740059,0.10400474228024141,6,-62.39377431894536,153146.77729873368
2024-07-17,107492.13097537823,108130.5990297675,0.1471113659423548,7,-329.43058785078756,151018.194636514
2024-07-18,107171.21906342584,108130.5990297675,0.27992358195289463,13,-648.891909940281,149857.64256080697
2024-07-19,107093.590322804,108227.0408297234,0.2633921229199723,12,-822.8016936894237,148862.49627159088
2024-07-22,107594.5827736445,108353.67534363302,0.25049666285170197,11,-447.80089414469694,150397.2450446053
2024-07-23,107580.00552637292,108370.21037155003,0.23511743108795224,10,-478.2684023415168,150161.33843108543
2024-07-24,106943.20700378844,108418.46170016778,0.30541712673638866,11,-1162.3516181008963,146758.31774180426
2024-07-25,106341.48488916006,108561.4473037745,0.4513989274047313,11,-1904.8063147137727,145993.6549255674
2024-07-26,106689.43989372125,108731.64775602435,0.451243587731337,11,-1726.4138879379025,147628.73179858457
2024-07-29,106892.8087856411,108614.27586166345,0.4081139478717629,11,-1405.513067497297,147715.50204723555
2024-07-30,106633.44949261223,108614.27586166345,0.46707922529046997,12,-1664.228306723613,146967.10865262072
2024-07-31,107882.30502729365,109001.77279607381,0.3059101818182981,6,-802.3903721677561,149356.00206079337
2024-08-01,107351.23633990606,109103.05455392857,0.21125135611783746,5,-1434.4195437889612,147240.97724992543
2024-08-02,106902.47644973308,109103.05455392857,0.2679032014477307,6,-1882.5384799257263,144499.57970660808
2024-08-05,107032.79770685878,109103.05455392857,0.5538072205672185,15,-1749.166957899819,140291.22264703488
2024-08-06,107063.62256525076,109469.40640593041,0.44548320681816495,8,-2084.693951509689,141584.64166598878
2024-08-07,107121.16252215958,109617.56585893956,0.47438105048797957,11,-2174.5105852245615,140638.30364163886
2024-08-08,108501.0423263897,109990.99114481894,0.2709924759708521,6,-1167.5741176309457,143889.4763957808
2024-08-09,108452.22920027576,110058.83973025328,0.24041579961463794,4,-1284.235829179237,144523.98383904118
2024-08-12,108584.41596528165,110079.83450559276,0.22646277903132814,3,-1172.7205744552593,144599.9078066108
2024-08-13,109092.59582904162,110079.83450559276,0.2449977230419831,4,-664.3778340713397,146977.9549337021
2024-08-14,108830.39970559723,109169.33909181351,0.02936363130814374,1,-16.078543736474785,147441.63344993084
2024-08-15,108811.58871271453,109169.33909181351,0.029195830855644513,1,-34.88953661917594,149968.81694189107
2024-08-16,108766.22102399742,109169.33909181351,0.028790896851903676,1,-80.25722533628004,150305.0516554136
2024-08-19,108827.77777870954,109169.33909181351,0.0443332609408548,2,-18.5373212926188,151742.18389869572
2024-08-20,108833.90267206749,109169.33909181351,0.04438704341781064,2,-12.412427934671541,151495.43100409448
2024-08-21,108836.25936103123,109175.9122145695,0.01484838728100132,1,-16.46561087291525,152016.05249600043
2024-08-22,108856.98299772332,109175.9122145695,0.03003457950670084,2,4.42128020822156,150822.96157704925
2024-08-23,108873.43646645224,109194.34188892972,0.015017335890708288,1,2.4450745769333935,152425.4996068223
2024-08-26,108882.37480480234,109205.72530185676,0.0,0,0.0,152062.14919059628
2024-08-27,108882.37480480234,109205.72530185676,0.0,0,0.0,152270.9401014127
2024-08-28,108852.0482499391,109205.72530185676,0.029733352582823648,2,-29.999901240124018,151386.9681932807
2024-08-29,108845.82314329248,109205.72530185676,0.05968276176736112,4,-35.89844973167692,151400.52604463242
2024-08-30,108951.1084441089,109279.28473954722,0.059905757200458126,4,-3.5195641220498146,152845.79299872552
2024-09-03,108663.4869141709,109314.63765590773,0.05709219870875303,3,-326.33074735603986,149700.37148512705
2024-09-04,108680.88333959717,109314.63765590773,0.1323092108907558,5,-308.1185786940223,149393.96404457823
2024-09-05,108682.86722445782,109314.63765590773,0.17732510108138094,8,-305.6456692740321,149030.61362835218
2024-09-06,108032.08210935908,109314.63765590773,0.323346271228019,15,-954.7999118978332,146522.41112828438
2024-09-09,108604.33630260182,109375.76581710923,0.28136425536210335,10,-443.34743371130025,148162.91114184223
2024-09-10,108735.5633062892,109458.25972273169,0.17639859093597943,7,-394.125140205113,148808.264866184
2024-09-11,108846.17874864317,109481.45001774789,0.13210567763973796,4,-306.5368895224092,150334.8789283874
2024-09-12,109055.56098674341,109497.33735015127,0.07375845971667228,3,-113.04198382553113,151601.18224463786
2024-09-13,109104.63139758373,109514.50189758503,0.044089089232465066,2,-81.13612041897431,152392.9607635782
2024-09-16,109164.61632138745,109514.50189758503,0.04461435323354689,2,-21.151196615254776,152618.0210960167
2024-09-17,109231.9991124051,109556.3543076695,0.029964164825816476,2,4.542931242395753,152680.3872122346
2024-09-18,109274.47357684218,109605.30972568192,0.02990395794172607,2,-1.7741743342694463,152227.55497708722
2024-09-19,109301.16908884412,109640.7238000293,0.014902063932282033,1,-10.164927175668481,154825.23929607635
2024-09-20,109316.76196044654,109679.09567408959,0.029693921875793373,2,-32.45208377525341,154084.98061227257
2024-09-23,109359.42970621922,109728.11232987334,0.059619368014580176,4,-38.30906666476312,154470.02359066132
2024-09-24,109372.9865700127,109753.8376339666,0.07450819141499333,5,-50.14942345257714,154912.00954472733
2024-09-25,109330.46148670258,109769.44937735552,0.07400830167751189,5,-108.12219067175829,154570.35169066404
2024-09-26,109512.7808482356,109882.97202634197,0.13440447552313906,8,-38.341639933541956,155183.16657176169
2024-09-27,109627.77629868568,110059.1933216743,0.07387237215751492,4,-99.40321564453734,154958.10623932318
2024-09-30,109683.13982579431,110062.19928241103,0.08935151749743901,5,-46.716754738021336,155579.05583123185
2024-10-01,109690.49360400504,110111.3657570075,0.0739718942141623,4,-88.52945112375346,154185.30871227526
2024-10-02,109717.81143643823,110111.3657570075,0.14919382663893452,9,-60.38891208952555,154250.3863987635
2024-10-03,109641.89533834052,110223.69031057286,0.1776191624303964,11,-247.97120731962423,153968.3830906478
2024-10-04,109762.67959463419,110272.16668375216,0.2080252696145618,13,-175.0056466708993,155367.55335014506
2024-10-07,109529.67777554266,110272.16668375216,0.2364078207973169,15,-407.6781723679269,153962.9599501071
2024-10-08,109718.99869648744,110322.8281041272,0.20727321660247544,13,-269.01867179818146,155419.07318528157
2024-10-09,109947.38189308863,110445.71328387983,0.13315361742174242,9,-163.1914926323807,156495.56658260798
2024-10-10,109881.00523740762,110445.71328387983,0.14759738380551363,9,-229.40370136472848,156221.69798530327
2024-10-11,109710.74423092182,110512.2563652475,0.16068049022732664,8,-465.2196718731284,157157.18972857183
2024-10-14,109882.31480230822,110528.82514453313,0.17678416331481472,6,-309.72453892638805,158442.47403671467
2024-10-15,109945.23888090262,110544.90675008537,0.162119625040221,5,-262.88206588422327,157211.42113397867
2024-10-16,110117.62492177088,110544.90675008537,0.19338812630437413,7,-90.16618057905725,157894.73684210522
2024-10-17,109994.34614912854,110545.44090512727,0.1925897052378029,7,-213.81393182591273,157908.29469345696
2024-10-18,110141.84895984898,110625.47267704875,0.1929525565688872,7,-146.17790150773362,158515.6864340139
2024-10-21,109993.65096674649,110674.78077624863,0.17642272343274093,6,-343.6839938101184,158255.37568806094
2024-10-22,109974.78215536858,110674.78077624863,0.2813017915409096,12,-361.39796141318584,158171.31700968032
2024-10-23,109819.86641748635,110770.44054461645,0.30941812420841047,13,-611.3140004069355,156726.05005558717
2024-10-24,111282.5017430746,111873.8861744167,0.21991932289531854,13,-251.79484483810666,157064.99633938013
2024-10-25,111189.21292413685,111905.0851593524,0.219346707192559,13,-375.948825117197,157010.76493397326
2024-10-28,111213.00018257278,111944.9574891324,0.1896979465241223,11,-391.7003290726716,157496.13601236476
2024-10-29,111106.761454655,112026.18283631197,0.21836615586408398,12,-578.3321523758059,157751.02361777704
2024-10-30,111085.8279159091,111884.83957752363,0.2497212237444946,14,-457.257517760474,157273.7872501966
2024-10-31,111088.16856487977,111897.58672600731,0.26445118431206477,14,-467.33265873199707,154190.73185281595
2024-11-01,111054.41393193205,111897.66266675953,0.18948582465825464,10,-500.9966001790781,154841.50871769842
2024-11-04,111083.90041876305,111913.30147559875,0.21954748507899643,11,-486.4824129515364,154507.98557444612
2024-11-05,111373.25508187515,111983.69461782619,0.2507179580330175,11,-266.52302022149524,156376.2574907129
2024-11-06,111725.88362116941,112520.76957238058,0.20385682700066515,7,-450.63617799788335,160264.64925838553
2024-11-07,111846.9760535226,112570.58761701435,0.21934479074927,8,-379.02662223824154,161503.83687193252
2024-11-08,112147.94938663326,112836.27089567084,0.12983654802642086,5,-343.73656778406985,162203.42200168117
2024-11-11,112043.21563965094,112870.5840821196,0.12871977249886893,4,-482.45357770666124,162357.98150709074
2024-11-12,111990.49669014942,112870.5840821196,0.12830962181936625,4,-535.1725272081821,161853.62943680683
2024-11-13,112127.77362924028,112870.5840821196,0.1443245552472987,4,-397.7279992918902,161932.26497464682
2024-11-14,111882.64771795693,112870.5840821196,0.17251904494808742,6,-642.5175219759076,160891.02199083488
2024-11-15,111404.62187687444,112894.81573773808,0.31812204395665084,10,-1142.943287720671,158830.22858537378
2024-11-18,111595.32125259376,112996.68733902537,0.34809466623937385,12,-1053.2800585060104,159481.00545025623
2024-11-19,111692.11293407287,112579.3856820333,0.2490035296188168,11,-538.6844608147512,160063.9930583801
2024-11-20,111917.8454071725,112499.29878346715,0.1625280144772766,8,-232.36247387994445,160118.22446378696
2024-11-21,112150.86415667343,112559.49666563065,0.11927830000136766,5,-58.86947406955187,160977.79223948586
2024-11-22,112199.08694136339,112592.28595341432,0.10443617210688748,4,-43.26775086705311,161476.7211692291
2024-11-25,112331.5759306736,112704.4938658971,0.0746657569170068,2,-22.81837540919514,162024.4583638385
2024-11-26,112339.87011578649,112737.49084784262,0.08946743293663599,3,-47.18416560127298,162870.4682881857
2024-11-27,112162.44882442606,112737.49084784262,0.11807754271321869,4,-224.2684378798549,162376.96249898316
2024-11-29,112365.71620559107,112870.58381499897,0.07350001283627922,2,-154.09402387120645,163385.66663955094
2024-12-02,112543.19756023948,112897.3958517836,0.014942469933193835,1,-3.4247060074251294,163678.51622874805
2024-12-03,112540.73738667135,112921.02170247382,0.029707485371774103,2,-29.17317772588558,163754.44019631768
2024-12-04,112422.76754847712,112921.02170247382,0.13381611665471005,9,-145.96126952418672,164771.2790476965
2024-12-05,112516.632539595,112932.06045218455,0.2093688227026164,14,-62.12324494595305,164500.12202066215
2024-12-06,112403.18092149353,112950.86660380336,0.19339796242825139,13,-194.212239717388,164811.95260175163
2024-12-09,112298.74493855695,112950.86660380336,0.23768696432776612,15,-298.14248946684893,163963.2311071341
2024-12-10,112213.26333411226,112950.86660380336,0.23710625096606353,15,-383.62409391154506,163453.45589630952
2024-12-11,112005.54430062816,112950.86660380336,0.2356914321444607,15,-591.3431273956521,164717.04764228963
2024-12-12,111838.31432603915,112950.86660380336,0.26472320064645394,15,-758.2356677927128,163868.32614767214
2024-12-13,111820.86968432917,112950.86660380336,0.29480806285802746,15,-775.3426490590355,163835.787304428
2024-12-16,111142.26497468218,112950.86660380336,0.4270668289674059,15,-1452.4297019319201,164535.37243417662
2024-12-17,110970.04368107475,112950.86660380336,0.502179855055368,15,-1623.8076831627986,163857.47986659073
2024-12-18,110236.75599753362,112950.86660380336,0.5753875412237225,15,-2356.2519287259056,158973.941809702
2024-12-19,109771.33955201681,112950.86660380336,0.5889484096925143,15,-2821.499769471324,158925.13354483581
2024-12-20,110629.08071801453,112950.86660380336,0.6226248728876554,15,-1963.4213351709623,160294.4765313593
2024-12-23,110990.67124179206,113110.50740022877,0.44012602276759666,12,-1761.3027967127782,161254.37240706093
2024-12-24,111482.84853382673,113188.35851344057,0.4116156035483804,11,-1346.4771559040819,163046.72035575798
2024-12-26,111680.73090696534,112872.6426578063,0.32493374089678806,9,-832.878927131198,163057.5666368394
2024-12-27,111625.73042944632,112872.6426578063,0.3246011207520884,9,-887.879404650208,161341.1426557119
2024-12-30,111236.92777311202,112872.6426578063,0.3222404219842079,9,-1276.682060984509,159499.98644214863
2024-12-31,111424.85688787693,112824.37247338699,0.3833819161884317,14,-1039.481682291138,158919.71040429513
2025-01-02,111501.80418783407,112476.36979555874,0.265832941926088,10,-614.3645672204257,158529.24428536565
2025-01-03,111792.38931822045,112292.18645865047,0.16373106572743334,8,-138.75983525232732,160511.40215298682
2025-01-06,111783.95080405439,112256.22064544634,0.13367428625050617,9,-110.72951297517648,161436.04761517394
2025-01-07,111692.35721286063,112266.88372756634,0.1629369995796088,11,-212.4831404476572,159611.16082323273
2025-01-08,111759.73346973947,112308.09847505257,0.1930371169009862,12,-185.48463126208662,159844.35586648228
2025-01-10,111270.84118247371,112338.06591126941,0.24936787020122658,12,-703.5076624186258,157403.94262317306
2025-01-13,111539.03848334574,112487.96275064332,0.29480342062801224,13,-584.2042819913986,157647.983947504
2025-01-14,111680.0261966792,112520.45965258531,0.3103887301315703,13,-475.21155808983895,157864.9095691315
2025-01-15,112277.72292329137,112850.79000714664,0.14715729125306723,7,-207.51019084842483,160736.4624854253
2025-01-16,112089.23206606865,112877.14824951593,0.13056161262649876,6,-422.35929044043223,160427.34347460614
2025-01-17,112256.14902111913,112889.09254338613,0.11682333942465757,5,-267.3866292601597,162038.01621519023
2025-01-21,112341.21946834514,113001.0996744038,0.10156457698720768,3,-293.98879438217955,163521.2451530681
2025-01-22,112426.57388018571,113033.59761435562,0.0722750573266113,2,-241.13232249342946,164440.46747471462
2025-01-23,112439.6077166487,113033.59761435562,0.07238259785819978,2,-228.09848603043338,165337.99723419832
2025-01-24,112420.11705355204,113033.59761435562,0.07222177363259312,2,-247.58914912709588,164855.33772607715
2025-01-27,112669.56745190437,113066.02168448087,0.059109222857495536,1,-30.562820900019688,162523.3872935817
2025-01-28,112986.1469154673,113266.0437778016,0.07552666784458925,4,86.83921213988833,163919.84598280865
2025-01-29,112987.9478931317,113367.0556734767,0.05974579425114191,4,-12.202226650429111,163185.0104395455
2025-01-30,113210.68553362082,113577.59108731539,0.0,0,0.0,164060.8476368665
2025-01-31,113183.43225204998,113577.59108731539,0.014764323578210881,1,-27.083465542536715,163187.7220098159
2025-02-03,113164.32430182183,113577.59108731539,0.04460964404056517,2,-45.85182459402313,162089.53605032674
2025-02-04,113248.87852621885,113628.34876342598,0.0748549909953655,4,-11.546029383023779,163176.8757287345
2025-02-05,113217.02520982655,113628.34876342598,0.0896004244797421,5,-43.22947245753676,163838.49887469833
2025-02-06,113311.29019253615,113723.55504982041,0.07453431480978948,4,-44.00095060454623,164407.9286314705
2025-02-07,113242.10091845073,113723.55504982041,0.08897953445519358,5,-113.02025775469338,162903.0071314298
2025-02-10,113205.04622789311,113746.71070015444,0.08849880571499047,5,-172.72102593716772,164009.32780172996
2025-02-11,113058.96773217962,113770.88444389257,0.13217274785548802,7,-342.2940144940494,164134.06003416577
2025-02-12,113004.73529676668,113770.88444389257,0.1467984618141233,7,-396.35648297171065,163605.30383144878
2025-02-13,113260.38427787504,113838.67449914453,0.11813547266374,6,-208.49755711529724,165332.57409365763
2025-02-14,113194.55019188081,113852.3167005552,0.10250182533469092,5,-287.9738445201947,165324.4393828466
2025-02-18,113188.72213405452,113852.3167005552,0.1324603375549428,7,-293.46231666641324,165809.81046123808
2025-02-19,113328.38172079445,113868.135231252,0.14837407267660682,8,-169.2816871110008,166200.27658016756
2025-02-20,113340.55523665372,113908.83584417209,0.10315133440632303,6,-197.63879159922544,165508.82616122995
2025-02-21,112815.92561389782,113959.59808875588,0.23412741458206035,11,-771.3312921125107,162677.9467989913
2025-02-24,112507.88636092044,113959.59808875588,0.3828337866271778,15,-1077.6740588958928,161937.68811518748
2025-02-25,112528.24702713103,114095.14524275502,0.38182189319860566,11,-1192.01129730299,161132.35174489545
2025-02-26,112904.62957547612,114095.14524275502,0.4887118168549604,15,-814.4452977245674,161213.69885300577
2025-02-27,111987.9503269405,114367.64669216883,0.4821542274637134,13,-2002.7765893397736,158640.41866644972
2025-02-28,113068.00891860796,114315.44803810456,0.39703526553529883,9,-869.6771631230295,161116.08232327338
2025-03-03,112125.33929591336,114599.41743745009,0.34434089922955474,8,-2096.146961274724,158293.33767184574
2025-03-04,111802.40150224813,114604.11772374446,0.3879481837424141,8,-2422.9383575095053,156419.64261503835
2025-03-05,112789.3701471737,114666.0280174573,0.4370559708531643,12,-1496.8738138626577,158100.81618265135
2025-03-06,111213.37637277998,114689.78387559648,0.41378549521122654,11,-3096.623446395555,155294.34095284579
2025-03-07,112213.0997107274,114704.6437928004,0.6593377681555537,14,-2108.89403139762,156164.75500962604
2025-03-10,108820.79531372986,114249.21183125753,0.7753098361622621,14,-5043.7551783056115,152005.20621491908
2025-03-11,109731.82532719028,114249.21183125753,0.8225985897375833,15,-4132.226776507581,150741.61446893893
2025-03-12,111458.15748876531,114277.72771832679,0.8249386324636712,14,-2434.076827011697,151541.5276986903
2025-03-13,109429.59951487478,114277.72771832679,0.8823831222233973,15,-4461.970742343896,149521.40784728434
2025-03-14,111780.08562045892,114410.67799455352,0.8385838090518563,14,-2244.268065493088,152609.88638520564
2025-03-17,112422.91468724029,114756.52043363798,0.6583764653587951,10,-1947.1137676677463,153786.70788253477
2025-03-18,111499.76710140868,113653.30842429056,0.543857435855228,8,-1767.0493441519575,152124.51530681417
2025-03-19,112298.34806498473,114161.52376933089,0.2582388359651368,3,-1476.6837256162326,153781.28474199408
2025-03-20,112308.51107804019,112716.55804080109,0.07422314824421723,2,-21.386536508878635,153336.58721765774
2025-03-21,112174.74646153756,112716.55804080109,0.08813857923590061,3,-154.98269024488218,152927.14010683587
2025-03-24,112084.46118509465,112728.10877780766,0.10231408429756805,4,-256.48220200040487,155665.82607988289
2025-03-25,112024.16581193803,112744.73215536142,0.10166546600110642,3,-333.2327131365091,156040.02277719026
2025-03-26,112189.5670814119,112764.80320751925,0.1477494866662984,6,-187.23036041199884,154177.17400146424
2025-03-27,112308.39079246519,112803.98019614555,0.11837940593017937,4,-107.58363798501887,153767.72689064237
2025-03-28,112273.60933775782,112823.89914062685,0.08796080592207146,3,-162.11557458748575,150671.11364191002
2025-03-31,112675.45814415425,112895.0146592174,0.1803954300918278,9,170.13449605042842,151682.52935274816
2025-04-01,112696.3408785956,113096.56209767939,0.1339385147463996,6,-10.361194783008614,152110.95745546246
2025-04-02,112894.45253322857,113275.86803180957,0.030020877727138944,2,8.613570231098947,153073.5649014344
2025-04-03,112588.96022996973,113275.86803180957,0.042402018172224505,2,-296.70971984052267,145529.97640933865
2025-04-04,111443.34453229052,113275.86803180957,0.21461114978455778,8,-1440.2967602989083,137010.2226199192
2025-04-07,112497.46877439399,113326.39408189274,0.4911318280844251,13,-433.49683755040314,136766.18129558826
2025-04-08,113758.52707834514,114992.86849304113,0.2598154939820632,7,-838.0690236706541,134624.04078201685
2025-04-09,115701.27188456844,115882.64634212111,0.13306953925524376,4,215.91664237106306,148762.16817158816
2025-04-10,115445.67133255805,116152.30725118642,0.09972658587257313,1,-308.838168383616,142243.55324168227
2025-04-11,115502.71157560087,116152.30725118642,0.10017117988812754,1,-251.79792534079388,144781.58301472384
2025-04-14,115646.45298806878,116152.30725118642,0.10128961164491959,1,-108.0565128728831,146186.17641476178
2025-04-15,115340.71728535925,116152.30725118642,0.0989073839409224,1,-413.79221558240897,145776.7293039399
2025-04-16,115194.69426316963,116152.30725118642,0.09776514151464277,1,-559.8152377720344,142536.40283087935
2025-04-17,115165.03333678735,116152.30725118642,0.09753276957898076,1,-589.4761641543028,142739.77060115512
2025-04-21,115058.87435639778,116152.30725118642,0.12673079113949948,2,-695.2896494438828,139342.17305241464
2025-04-22,115334.49604620517,116224.74371232919,0.14315590206992668,3,-491.5864490998356,142967.54250386398
2025-04-23,115109.79979475845,116276.33422804296,0.12604416508290012,2,-767.8732162603264,145182.89541473464
2025-04-24,115164.64767810793,116276.33422804296,0.12646039201236633,2,-713.02533291086,148238.83510941188
2025-04-25,114952.95686243192,116276.33422804296,0.12485173124201755,2,-924.7161485868546,149309.90536619755
2025-04-28,115060.2886358684,116276.33422804296,0.12566809644342017,2,-817.38437515037,149366.84834187478
2025-04-29,115238.93158266204,116276.33422804296,0.12702348238445507,2,-638.741428356745,150307.763225684
2025-04-30,115550.22194788388,116317.04318605622,0.09912296670589325,1,-368.1600211481509,150367.41777163153
2025-05-01,115415.60697430282,116317.04318605622,0.09807222893120328,1,-502.77499472921227,151433.06488787656
2025-05-02,115633.48769755098,116032.14891457517,0.0,0,0.0,153680.95664199136
2025-05-05,115633.48769755098,116032.14891457517,0.0,0,0.0,152799.6963041297
2025-05-06,115633.48769755098,116032.14891457517,0.0,0,0.0,151522.54670679788
2025-05-07,115651.56843537427,116032.14891457517,0.015155492720339019,1,18.254188054839915,152159.76572032864
2025-05-08,115638.45377599506,116032.14891457517,0.015043800633211379,1,5.139528675634438,153219.98969603295
2025-05-09,115616.30063515181,116032.14891457517,0.014855074015172774,1,-17.013612167617566,153024.75663656823
2025-05-12,115668.66156798095,116084.00533030057,0.014851981648501161,1,-16.335670612932518,158081.83519075895
2025-05-13,115564.10114255964,116121.15695248453,0.07369789407515633,5,-157.18025740915982,159125.78974484123
2025-05-14,115534.86139930948,116121.15695248453,0.16351263025182822,9,-185.3797228939511,159329.157515117
2025-05-15,116118.61868247516,116448.5419890839,0.07526740905166446,3,71.51259656711954,160107.3781827056
2025-05-16,116295.44837219421,116696.88427537006,0.0,0,0.0,161121.5054638141
2025-05-19,116295.44837219421,116696.88427537006,0.0,0,0.0,161297.75753138642
2025-05-20,116295.44837219421,116696.88427537006,0.0,0,0.0,160755.44347731772
2025-05-21,116295.44837219421,116696.88427537006,0.0,0,0.0,158046.58477724448
2025-05-22,116379.04005829502,116696.88427537006,0.12065647847597626,8,84.98737587743926,158108.9508934624
2025-05-23,116327.92870605834,116696.88427537006,0.16529511177782125,11,34.39973768822165,157029.74592586566
2025-05-27,116753.0783188177,117156.22859259247,0.029892985377974225,2,0.9028664262755228,160294.4765313593
2025-05-28,116723.62478824273,117156.22859259247,0.04465347821658529,3,-28.375534531215635,159367.1194989018
2025-05-29,116773.0928701223,117212.43399901202,0.029632722556389407,2,-34.93777363400659,159996.20380162148
2025-05-30,116855.67545831349,117274.7958390979,0.014858606559966844,1,-14.541865889387509,159817.24016377883
2025-06-02,116861.09436116849,117274.7958390979,0.01490428802083867,1,-9.122963034379836,160717.4814935329
2025-06-03,116879.12999607994,117283.70851097498,0.0,0,0.0,161633.99224490902
2025-06-04,116857.99856501192,117283.70851097498,0.014823382728093516,1,-20.956112373024325,161590.6071205835
2025-06-05,116503.3431429737,117283.70851097498,0.04191867644933366,2,-375.26096041554683,160809.67488272456
2025-06-06,116610.15764727243,117285.5159261635,0.10282587666692089,4,-269.37902703952204,162461.02117736381
2025-06-09,116899.8664889159,117285.5159261635,0.13497895155742937,6,20.679656708325638,162607.44597196233
2025-06-10,117030.2886964839,117519.66328229985,0.05908439657559281,4,-83.04549186003896,163529.37986387918
2025-06-11,117006.86647879859,117519.66328229985,0.0739005488063469,5,-106.29216411229754,163062.98977738008
2025-06-12,117033.10672637435,117519.66328229985,0.08905647121525814,5,-79.87698966864446,163711.0550719922
2025-06-13,116959.26606610764,117519.66328229985,0.11850672899960127,7,-153.36651052854177,161880.74513951028
2025-06-16,117000.73916362412,117574.00763321313,0.2082656400646097,13,-164.83498805354247,163420.9170530654
2025-06-17,116821.58487748484,117574.00763321313,0.25199854581816794,14,-343.46424769891746,162024.4583638385
2025-06-18,116746.49183722219,117705.583527549,0.23532336840124396,11,-549.6073774710312,162000.0542314054
2025-06-20,116694.02659483546,117731.18275463386,0.21978801423053754,11,-627.4967272048634,161143.19802597683
2025-06-23,117054.28751184575,117780.16591275795,0.16194193956330852,8,-316.2189683186625,162734.8897746685
2025-06-24,117333.08483297045,117876.23291463451,0.07349447175772694,4,-133.31306763925568,164532.6608639063
2025-06-25,117191.0546443211,117876.23291463451,0.08739127063972099,5,-275.1672566613397,164624.85425309796
2025-06-26,117232.87211716309,117882.35305067431,0.08770463526894763,5,-239.2941332771734,165912.85013151114
2025-06-27,117366.17294192176,117925.7295219955,0.05839781923567293,3,-149.369779839697,166737.1674936956
2025-06-30,117383.98928906259,117934.77949924633,0.043512610750541386,2,-140.6034099497101,167534.3691531766
2025-07-01,117472.43260429488,117934.77949924633,0.05922294201795993,3,-51.984018733486664,167480.1377477697
2025-07-02,117515.66598229867,117959.95092827984,0.044448890099692336,2,-33.74586111428653,168239.37742346595
2025-07-03,117501.34618962556,117959.95092827984,0.04433243786977274,2,-48.06565378740015,169565.33528566392
2025-07-07,117454.18180226724,117874.21194547559,0.014921524324041908,1,-9.491058341452117,168301.7435396838
2025-07-08,117493.26699463042,117903.80607949731,0.0,0,0.0,168209.55015049214
2025-07-09,117493.26699463042,117903.80607949731,0.0,0,0.0,169218.25429105991
2025-07-10,117521.31270078565,117903.80607949731,0.04523355116972926,3,28.574439342455662,169695.49065864042
2025-07-11,117418.41822019928,117903.80607949731,0.11948202671332081,8,-73.43849152374969,169098.94519916482
2025-07-14,117503.67418616018,117935.08549160368,0.11983097797606182,8,-18.93356501858034,169421.62206133569
2025-07-15,117425.94264057666,117935.08549160368,0.11924833927699617,8,-96.66511060210723,168697.63279915397
2025-07-16,117446.1336926286,117953.4833208482,0.13423045922777366,9,-94.34346914040543,169261.63941538543
2025-07-17,117325.1858092061,118051.5011665091,0.1325093419739072,7,-312.6044437600376,170297.4592586567
2025-07-18,117420.79015175447,118126.38467544931,0.08755923227967372,4,-291.8836101518664,170172.7270262209
2025-07-21,117473.24197752915,118147.6525902013,0.0727890539245457,3,-260.6996991291562,170495.40388839177
2025-07-22,117487.60876969418,118147.6525902013,0.0879021020585147,4,-246.15669710116163,170519.80802082486
2025-07-23,117349.13889693897,118257.61123354058,0.10090310519106754,4,-494.05646909360075,171970.49811545864
2025-07-24,117111.76115798688,118301.19481195198,0.1438639340294354,3,-774.3128027930434,172027.44109113584
2025-07-25,117310.61582278415,118301.19481195198,0.20535814069958377,4,-574.7538407651482,172754.14192358794
2025-07-28,117483.40413310878,118301.19481195198,0.2065268574659636,4,-401.9655304405205,172710.75679926245
2025-07-29,117748.84368977771,118385.4951621685,0.10284839425917007,3,-220.47388344706633,172255.21299384473
2025-07-30,118027.95769390781,118468.66162345029,0.059490445973598816,3,-24.173093901829816,172038.28737221725
2025-07-31,117878.06736146215,118468.66162345029,0.08833684064666672,5,-173.70932870283832,171392.9336478755
2025-08-01,117742.25021753037,118468.66162345029,0.20738658489421744,10,-308.11251360431925,168583.74684779954
2025-08-04,118027.57169324349,118562.50579684033,0.20856627560571955,11,-115.75237714463947,171146.18075327418
2025-08-05,117983.82685490046,118629.29688177735,0.19272167856079309,10,-226.11125906715824,170278.4782667643
2025-08-06,118005.46366792652,118680.03544320272,0.1774782943057849,8,-255.03638403508012,171582.74356679953
2025-08-07,117852.1015726018,118730.58344890802,0.17598359055372748,7,-458.59263053359973,171439.03034247132
2025-08-08,117882.13392007726,118750.47768030706,0.1609829888011908,7,-448.27773630482625,172775.83448575067
2025-08-11,117717.11744455498,118750.47768030706,0.20467809010501375,8,-612.7660533427515,172434.17663168738
2025-08-12,117897.51568610375,118817.92497244253,0.16035033526775722,5,-499.81510392945347,174269.90970471
2025-08-13,118130.36263889108,118874.98748976993,0.13158144557912632,4,-324.03066846953334,174866.45516418558
2025-08-14,118112.998426159,118874.98748976993,0.14645748169725395,5,-341.21768565763705,174882.72458580765
2025-08-15,118005.73055024486,118874.98748976993,0.16069674317306698,6,-448.30839207414465,174473.27747498578
2025-08-18,118095.63046121076,118887.07365915852,0.17622437928636075,7,-370.14063941634595,174435.31549120092
2025-08-19,118243.36542153035,118953.4494487459,0.14672613681164184,5,-288.4271859904766,173488.97746685104
2025-08-20,118462.07642745636,119009.63204444642,0.2527279298375137,11,-124.30208906828193,173028.01052089263
2025-08-21,118216.36112114003,118825.39266580222,0.2234180547421531,12,-185.2449499926406,172333.84853168466
2025-08-22,118949.78246421789,119326.20498074664,0.08984877620091758,5,47.89602087249477,174980.34111553998
2025-08-25,118915.75576391356,119372.56864903201,0.05951303861477079,4,-32.31592304348578,174210.25515876242
2025-08-26,118982.54801283863,119449.29487960562,0.05953905444566608,4,-41.89316195529682,174939.66756148485
2025-08-27,118998.66409244701,119449.29487960562,0.10466323213909395,7,-25.241679855142138,175338.26839122534
2025-08-28,118900.15153383542,119449.29487960562,0.11893534635989829,8,-123.57574047058552,175959.217983134
2025-08-29,118957.79267995036,119472.34961095205,0.07416853270785469,5,-88.98932570208854,174909.84028851104
2025-09-02,118972.19940304653,119472.68791111991,0.08928979405502264,6,-74.56396385175321,173613.70969928685
2025-09-03,118903.02249991114,119472.68791111991,0.19383443814565038,12,-142.49162448336938,174554.62458309607
2025-09-04,118937.9291457751,119522.32541954053,0.2386750259841432,12,-156.50863004411804,176013.4493885409
2025-09-05,118846.06223603494,119547.00653656188,0.2078509797574039,10,-272.8782499119043,175503.6741777163
2025-09-08,118770.95676186203,119580.97102590273,0.22204447354257692,11,-381.41342726076255,175934.81385070094
2025-09-09,118839.66924388729,119642.06469343975,0.22194641448240296,11,-373.43834871684885,176341.54939125248
2025-09-10,118972.4187501276,119740.08617458525,0.20701675887561635,10,-338.53206411816427,176851.32460207705
2025-09-11,119265.81130147897,119916.70236684378,0.17763023703482927,8,-221.04188464767867,178320.99568860326
2025-09-12,119193.44992123544,119970.00049778025,0.1618361341033077,7,-346.5224971107127,178261.3411426557
2025-09-15,119027.00724205066,119972.30309567778,0.16068283588117077,7,-515.0889840181771,179210.39073727594
2025-09-16,118896.62308714857,119972.30309567778,0.15976242572740018,7,-645.4731389202607,178963.63784267468
2025-09-17,119071.81215738377,120025.7559942622,0.1605138502806281,7,-523.5586223348546,178741.28908050648
2025-09-18,119167.52355255937,120084.62515622331,0.14572969216935533,6,-486.53778140211944,179576.45272377232
2025-09-19,119068.3342494419,120084.62515622331,0.16000743430418415,6,-585.5486262204759,179966.91884270182
2025-09-22,119113.17745725767,120113.37127354628,0.14510703033080294,6,-569.2729332263116,180818.35190758968
2025-09-23,119170.09484764963,120123.34149677026,0.19042985868828438,9,-521.6111313751062,179834.05189945496
2025-09-24,119242.57629221486,120134.41485420568,0.22082466788823016,11,-459.66676742696654,179261.91057241248
2025-09-25,118954.6550820369,120134.41485420568,0.2640128847831174,12,-747.0518531624584,178434.88163995766
2025-09-26,119215.23138888518,120145.38092493256,0.2954337751960693,12,-496.9062684602104,179457.14363187723
2025-09-29,119096.88618480317,119940.25907001147,0.23653834764491344,11,-409.95079477406034,179961.4957021611
2025-09-30,119100.72524117358,119888.91564255898,0.2070744050396772,10,-354.23223116668305,180639.38826974697
2025-10-01,118999.64834416113,119928.18213024072,0.17601437162037795,7,-494.03955824648074,181254.914721115
2025-10-02,118951.18100945839,119928.18213024072,0.2957626659373334,15,-541.078622034307,181463.70563193143
2025-10-03,118838.47461143078,119928.18213024072,0.29509476731663586,15,-653.7850200619287,181460.9940616611
2025-10-06,118623.78324617122,119955.16302555693,0.35388040960507555,13,-894.3850359723801,182111.77092654354
2025-10-07,118677.85915949344,120055.53663400811,0.29315814243543803,9,-940.6827311013476,181436.589929228
2025-10-08,118645.54973441453,120021.08592163683,0.2481003112129546,7,-938.3629896955026,182518.50646709508
2025-10-09,118592.78011051814,120167.07273308554,0.23137917834965638,7,-1136.5841539474604,181989.7502643781
2025-10-10,118086.05751213759,120167.07273308554,0.333656183668359,12,-1642.060180398017,177070.9617939749
2025-10-13,118368.0006087897,120167.07273308554,0.3801342781597167,15,-1359.5857720692438,179787.9552048591
2025-10-14,119179.53403150622,120405.71824105646,0.2777616236951738,9,-786.5193229212528,179568.3180129613
2025-10-15,119273.0207275024,120437.66151388902,0.26325518556884275,8,-724.4404727485671,180365.5196724423
2025-10-16,119295.7400793243,120437.66151388902,0.263395495395756,8,-701.7211209266716,179137.17833997667
2025-10-17,119541.0607901394,120280.70449622757,0.16166515950132385,7,-299.08550552098677,180154.0171913555
2025-10-20,119639.2615030338,120403.61755433326,0.11660830480379272,4,-323.6185391410745,182027.7122481629
2025-10-21,119749.1187708645,120218.30535456185,0.01469108046047399,1,-28.44907153896679,182025.00067789256
2025-10-22,119786.601739909,120218.30535456185,0.04499308665533268,3,9.393145785128581,181078.66265354265
2025-10-23,119804.78384123015,120283.52610775383,0.0746664758669116,5,-36.926868190905225,182152.4444805987
2025-10-24,119835.39473510488,120369.36661283001,0.059208673983690875,4,-91.79707470709218,183641.09655901731
2025-10-27,119847.14809300288,120376.15984902284,0.05924958557439136,4,-86.65719990981597,185807.64120502182
2025-10-28,119805.26747875093,120376.15984902284,0.07392746930947128,5,-128.3580434396299,186301.14699422434
2025-10-29,119717.17758887417,120376.15984902284,0.1633195065084343,10,-215.36970713704068,186390.62881314568
2025-10-30,119861.88774107807,120437.65341608338,0.14879705380531824,10,-131.25522020118296,184340.68168876597
2025-10-31,119904.30334766909,120491.38724483404,0.1936314892781428,12,-141.8544372973156,184945.36185905256
2025-11-03,119711.0327071793,120491.38724483404,0.22236631577109808,13,-334.765541429475,185292.44285365654
2025-11-04,119708.89144438141,120545.12691940991,0.26694043717754845,14,-389.927668950746,183096.07093467825
2025-11-05,119768.30252003098,120545.12691940991,0.28229812993467623,15,-330.3370299640155,183730.57837793865
2025-11-06,119649.73166388135,120727.71934410554,0.2199796149965027,12,-631.5003108092678,181759.26679139887
2025-11-07,119754.8286110184,120727.71934410554,0.31067927806783624,15,-525.3254969744012,181938.23042924155
2025-11-10,119955.22550885989,120885.90441528115,0.2505988962702326,12,-482.9341496798479,184777.24450229126
2025-11-11,120012.76191092751,120900.74459721864,0.23587078696505398,11,-440.2379295497194,185200.24946446487
2025-11-12,119802.38910379776,120954.41583339885,0.2190962635097389,10,-704.2819728596733,185303.28913473792
2025-11-13,119200.76318193918,120954.41583339885,0.26040902246395947,10,-1305.3685162234178,182228.36844816833
2025-11-14,119682.8589985679,121004.38600194514,0.35274917055651783,14,-871.8094752853503,182198.54117519455
2025-11-17,119151.86925649203,121079.9148036946,0.36436521150337825,13,-1477.7892638494304,180501.09818595945
2025-11-18,118813.71097689454,121079.9148036946,0.468098779518984,15,-1814.6936773000052,178985.33040483744
2025-11-19,119504.33437209218,121401.57966679306,0.43859455738275804,13,-1445.0164629995852,179676.78082377504
2025-11-20,117892.96173700773,121562.50602391656,0.42951453535246825,13,-3216.777730828333,176938.09485072806
2025-11-21,117753.61559407887,121675.56707187375,0.488537988150498,11,-3467.5769118325043,178700.61552645135
2025-11-24,118591.83396550787,121983.34509119933,0.38412938256222867,8,-2936.9599293056817,181330.8386886846
2025-11-25,118521.51179278982,121905.44337465962,0.3993145490594672,7,-2928.664795916615,183036.4163887307
2025-11-26,119804.70572049575,122113.39845419841,0.23933280699004789,5,-1853.4259477494888,184300.0081347108
2025-11-28,119893.76186903568,120349.02865498886,0.0,0,0.0,185306.00070500825
2025-12-01,119893.76186903568,120349.02865498886,0.0,0,0.0,184459.99078066106
2025-12-02,119893.76186903568,120349.02865498886,0.0,0,0.0,184801.64863472435
2025-12-03,119931.85402038961,120392.03498815854,0.029952813594723196,2,-4.374682320084503,185441.57921852544
2025-12-04,119913.68499541939,120392.03498815854,0.059812998403606134,4,-22.183916308740663,185577.15773204263
2025-12-05,119852.57184779878,120392.03498815854,0.08935158912819938,6,-82.93732651768187,185929.66186718727
2025-12-08,119827.64386275108,120425.61846972602,0.13389727162072143,8,-140.72955844640273,185371.0783914965
2025-12-09,119542.74922822832,120425.61846972602,0.1919803875331078,12,-424.9052485255961,185211.09574554625
2025-12-10,119984.07057998181,120611.63000940105,0.14841248936133897,9,-169.05750583269764,186439.43707801186
2025-12-11,120060.30022420234,120674.17772962812,0.11852640082520317,7,-155.3755818392383,186873.28832126682
2025-12-12,120180.1081487518,120748.12727384282,0.07389766650695395,5,-109.51720150448091,184864.01475094227
2025-12-15,120000.83174131186,120778.38382531086,0.10240719567861255,6,-318.149060966829,184584.72301309687
2025-12-16,120008.8781446303,120778.38382531086,0.14745178518387494,8,-309.5628588023392,184080.37094281297
2025-12-17,119371.43197910472,120778.38382531086,0.27871405053522597,12,-945.387944618873,182054.82795086634
2025-12-18,119658.0650296134,120808.26564682166,0.3250723483880664,14,-687.9197454087844,183429.59407793052
2025-12-19,120433.53989717542,121105.72313309136,0.22232107163602674,9,-209.90236411647857,184546.76102931207
2025-12-22,120565.2393991021,121262.71092861932,0.177303853614375,7,-234.64868585063596,185696.46682393772
2025-12-23,120660.98877737862,121386.5982539964,0.13217987853572086,7,-262.6057850921152,186545.18831855527
2025-12-24,120789.42323386573,121391.91448412492,0.148157808539495,6,-138.94618466051543,187201.3883239784
2025-12-26,120768.47828204281,121421.0927308314,0.13280912573001,5,-189.0693831899098,187182.407332086
2025-12-29,120855.35529313797,121500.80343788417,0.05817029717395855,3,-181.90307914752793,186515.3610455815
2025-12-30,120830.92503249971,121500.80343788417,0.1029911744717406,6,-205.78951844693438,186287.58914287263
2025-12-31,120714.6156604876,121500.80343788417,0.11714285427738409,7,-321.9176440714891,184907.39987526776
2026-01-02,120829.47805550792,121755.58667236131,0.17582864520940147,10,-460.2087165962839,185246.3461590607
2026-01-05,121008.64388411152,121855.1002797569,0.22110728794563003,11,-379.2886836479229,186480.11063206702
2026-01-06,121283.54830095964,122085.27856605648,0.19140505920933712,10,-333.83652560010887,187589.14287263755
2026-01-07,121359.5434430315,122330.24827914906,0.13011847654085412,6,-502.62989667466354,186984.46270235092
2026-01-08,121458.79872757985,122330.24827914906,0.16072593825481346,7,-403.01152791536515,186965.48171045852
2026-01-09,121587.3403525434,122422.49637322377,0.16086611767681763,7,-366.35366489792796,188201.9577537352
2026-01-12,121732.28142970792,122452.51373305821,0.1616201493016849,7,-251.24756655733654,188497.51891320263
2026-01-13,121864.52370551306,122553.77861664581,0.17698675347073464,8,-219.53970971196395,188120.61064562487
2026-01-14,121710.29322608266,122634.10314315282,0.22058160110142172,10,-452.9994077806514,187195.96518343771
2026-01-15,121854.28281855585,122798.6654589531,0.2200974690869146,11,-473.02449981573227,187705.7403942623
2026-01-16,121863.44941975056,122824.83922143266,0.2349431956578661,11,-489.6662459596446,187548.46931858239
2026-01-20,121152.87583572898,122824.83922143266,0.3657056071639592,13,-1198.6014066874995,183730.57837793865
2026-01-21,121514.39795814586,122934.14585611937,0.39632507161109354,13,-945.6603107089977,185851.0263293473
2026-01-22,122216.98431466316,123260.87732454886,0.32287927809650707,11,-569.623151024236,186821.7684861303
2026-01-23,122323.9780083215,123424.83677496223,0.21827499216880245,8,-626.5889077792417,186889.5577428889
2026-01-26,122497.98552704659,123441.44905126974,0.21939471483686335,8,-469.01017939467056,187838.60733750914
2026-01-27,122524.07985332079,123555.33481112724,0.14450176178625693,6,-556.6178659996694,188587.00073212397
2026-01-28,122481.55648869941,123555.33481112724,0.20411018840531547,9,-598.4075728332609,188568.01974023157
2026-01-29,122781.79007932577,123707.93175458768,0.2349281953664406,10,-449.4845413509138,188193.82304292414
2026-01-30,122793.19849524861,123821.43992210933,0.21940826635305744,10,-551.0318838302846,187632.52799696304
2026-02-02,123178.71274696362,123947.90326707516,0.17630161037968814,8,-291.796787283336,188565.3081699612
2026-02-03,123050.25384062268,124165.28489189998,0.17341924724249005,5,-637.0894172989829,186970.9048509992
2026-02-04,123201.40899539198,124220.33158174375,0.21897533513739284,6,-540.2426371931506,186065.24038070446
2026-02-05,121992.39922387662,124330.69658491595,0.25574743651803883,8,-1858.6942985978312,183741.42465902003
2026-02-06,122803.45428866497,124772.0215513946,0.1816944366704451,4,-1488.4137308965146,187266.46601046665
2026-02-09,123051.93696156077,124807.22775380235,0.19809335344775078,4,-1274.7693296104844,188169.41891049105
2026-02-10,123074.55610270398,123780.69253439644,0.07285057923441342,2,-225.6149690613729,187673.2015510182
2026-02-11,122863.81955891341,123780.69253439644,0.07126032862027001,2,-436.35151285194115,187629.81642669268
2026-02-12,122562.48695037435,123780.69253439644,0.15906295749254426,4,-736.5801149813014,184731.14780769544
2026-02-13,122512.64805397895,123780.69253439644,0.2938693829564673,12,-784.7634365809499,184861.3031806719
2026-02-17,122603.42542490053,124068.70642894889,0.2470595532559247,8,-981.6319069300225,185159.5759104097
2026-02-18,123132.58761764041,124230.95719354194,0.17425226573749159,4,-614.5365736450658,186092.35608340788
2026-02-19,123182.81562164372,124230.95719354194,0.20457975972216774,6,-563.9391715376369,185601.56186447572
2026-02-20,123249.9793320359,124319.62294047278,0.2194847255916856,8,-584.5170581980965,186943.78914829576
2026-02-23,123468.72658937227,124381.14519768735,0.20550463226284482,8,-426.92228397476356,185034.8436779739
2026-02-24,123764.84792094998,124729.89075501758,0.15983034461820253,4,-478.99122656157124,186379.7825320643
2026-02-25,123868.45375971866,124788.67612476074,0.20502088706676544,7,-433.242661921533,187952.49328886357
2026-02-26,124021.63022255023,124594.28028180923,0.07410019503651914,5,-85.48455345780894,186908.5387347813
2026-02-27,124211.02136552929,124717.11977444775,0.059615173937233236,4,-18.560853665859213,186011.0089752976
2026-03-02,124327.22300726068,124743.8825057966,0.0752934434946373,5,71.25072431387707,186116.76021584097
2026-03-03,124148.98339389496,124808.43009210611,0.08834210071311926,4,-170.9794774030761,184476.26020228313
2026-03-04,124424.66273631774,125005.95709501143,0.08877896606303451,4,-92.26856134584705,185777.81393204804
2026-03-05,124025.9555553108,125005.95709501143,0.19101722189590573,7,-489.6715220004662,184741.9940887768
2026-03-06,123881.25648977814,125076.26188221545,0.31001436334259197,14,-702.8128747980008,182320.56183736
2026-03-09,124385.94169219304,125213.06367688545,0.31173456518203474,12,-334.3709430380768,183917.67672659236
2026-03-10,124652.75292131961,125667.12484976753,0.20505288541363326,8,-521.0611682047565,183622.1155671249
2026-03-11,124686.2161533161,125712.29425704236,0.234901530873476,10,-532.2063806645529,183391.63209414572
2026-03-12,124041.34162745117,125735.622059239,0.2157263933438276,8,-1200.222217891609,180606.84942650286
2026-03-13,123884.8835319855,125740.15845517475,0.3047662443140818,14,-1359.9144700740653,179584.58743458334
2026-03-16,124119.1139487825,125750.58966756263,0.2909959953900812,13,-1135.9294383396336,181412.18579679492
2026-03-17,123904.2076463957,125751.85045568798,0.3198032093299056,14,-1351.5381276476473,181889.42216437537
2026-03-18,122811.7633106137,125751.85045568798,0.43519301012370004,15,-2442.4911823543152,179351.3923913338
2026-03-19,122657.70534519848,125751.85045568798,0.6015390849978388,15,-2594.500288570125,178909.40643726778
2026-03-20,121967.26837108671,125751.85045568798,0.6603037267593266,15,-3284.193089601118,175864.31302367203
2026-03-23,122937.4698163199,125751.85045568798,0.6781040181555575,15,-2313.8057880564593,177710.89237777595
2026-03-24,123481.40130200211,125754.94738425323,0.5441800969340715,13,-1772.9712309395109,177114.34691830035
2026-03-25,123973.99404942247,125879.42350661289,0.5449626474518536,14,-1404.1108862932306,178101.35849670545
2026-03-26,123594.66835850957,125888.82702279877,0.5434240070222375,13,-1792.6548712900549,174920.68656959245
2026-03-27,122323.85823024037,125888.82702279877,0.5996982369647427,13,-3062.7186839586648,171937.95927221453
2026-03-30,122784.66371284841,125865.14303351317,0.5248057982800939,13,-2577.6770746263937,171363.1063749017
2026-03-31,124564.76900951822,126062.6097371928,0.410737637301661,10,-994.6701580697045,176344.2609615228
2026-04-01,125030.47342025957,126051.30099861116,0.1893157404240637,5,-517.2849278499089,177672.93039399115
2026-04-02,124982.90755362716,126077.83388324003,0.21906706889214334,7,-590.8212082307764,177832.91303994143
2026-04-06,125385.36151705857,126250.21282911896,0.10133224800475858,4,-360.7461906782901,178673.4998237479
2026-04-07,125424.38093892623,126250.21282911896,0.11660865584977802,5,-321.53869076835326,178752.1353615879
2026-04-08,125494.42907815283,126306.4425214181,0.206465127593584,8,-306.40521366235043,183304.8618454947
2026-04-09,125464.1453905465,126409.85241309488,0.17545721908644968,6,-440.09879294545317,184362.3742509287
2026-04-10,125090.26831228832,126189.60746157834,0.11526348274185308,5,-593.7309196871029,184240.35358876325
2026-04-13,125037.48170781777,126195.63251671568,0.17481807245514433,4,-651.6046041980699,186040.83624827137
2026-04-14,124886.13492815846,126195.63251671568,0.2640271426936928,6,-801.8249100437752,188307.70899427857
2026-04-15,124692.04846109214,126195.63251671568,0.26288158150118535,6,-995.9113771100965,189793.64950242685
2026-04-16,125595.56422831176,126384.56283795141,0.29609042912173433,11,-280.01662519278034,190260.03958892592
2026-04-17,125417.96344677165,126601.31026448299,0.2637099252993492,6,-673.4256911873963,192559.45117817726
2026-04-20,125379.4444953634,126601.31026448299,0.29349531403427775,8,-711.5683965587305,192174.40819978848
2026-04-21,125273.19875405294,126601.31026448299,0.3529874892853781,9,-817.0614293191611,190916.23959434908
2026-04-22,125052.48365270052,126601.31026448299,0.41203267468935867,11,-1037.0239506781363,192849.58919710404
2026-04-23,125388.16078257044,126746.76502128471,0.3228082778003653,9,-845.8622682529167,192101.1958024892
2026-04-24,124634.0260543709,126750.02274875174,0.3791030918301209,9,-1602.3142152362998,193589.84788090782
2026-04-27,124657.76843910359,126778.77022582814,0.39399087952823364,10,-1606.9454031504138,193923.3710241601
2026-04-28,124993.89067242277,126846.88380269751,0.3799823821388426,9,-1338.7497600479546,192979.7445700805
2026-04-29,124828.9955691882,126941.90353295798,0.333328135966886,9,-1598.2896377318175,192949.91729710673
2026-04-30,125792.93192983512,127270.29350803446,0.24646094919514383,6,-962.1815724840199,194869.70904850998
2026-05-01,125567.48375942909,127287.21562442332,0.24497475689649154,6,-1204.3631698810095,195409.31153230835
2026-05-04,125562.33437915299,127287.21562442332,0.259945908116458,7,-1209.3241989314556,194693.45698093766
2026-05-05,125389.68628125367,127291.0779949149,0.21398897817766865,5,-1385.834667322364,196255.32145665554
2026-05-06,125927.57291543578,127399.19974747991,0.15682030578005565,2,-956.0697857052546,198983.16114862115
2026-05-07,125869.18832804495,127399.19974747991,0.2014643535888331,5,-1013.8875758998074,198373.05783779387
2026-05-08,125641.83162034182,127399.19974747991,0.23007775173652784,7,-1240.866662146309,200010.84628108135
2026-05-11,126020.97784975148,127465.23676721194,0.23184604996777924,7,-927.3805272565223,200466.39008649907
2026-05-12,126363.85242413617,127573.42411924133,0.18827899095930928,4,-692.3153022413571,200162.6942162206
2026-05-13,126294.59968761915,127573.42411924133,0.1878338895748996,4,-761.568038758378,201282.57273787248
2026-05-14,126242.22736016786,127206.3222174365,0.1007705442494001,1,-446.8384644048201,202871.55291629382
2026-05-15,126133.4073278225,126650.66372068631,0.0,0,0.0,200431.1396729846
2026-05-18,126052.86740505885,126678.02313799954,0.10417576401812913,6,-106.38646568009062,200290.13801892675
2026-05-19,126420.94073354968,126724.0782927186,0.15131778637736343,7,216.38829117195564,198956.04544591773
2026-05-20,127213.09962406612,127751.82719624531,0.05937928772486771,4,-17.87500102812737,200995.14628921606
2026-05-21,127099.0750295182,127751.82719624531,0.10345413184137682,6,-131.32874008013096,201393.74711895658
2026-05-22,127061.30622381544,127807.09181669728,0.10283901534726583,6,-223.98086682191934,202185.5256378969
2026-05-26,126961.14433616168,127812.66703658656,0.08716766413775058,5,-329.7179743649558,203527.75292171695
2026-05-27,127016.03125097098,127812.66703658656,0.1325581326357385,8,-274.2595952406191,203492.50250820248
2026-05-28,127077.64558317549,127812.66703658656,0.1479729432832428,9,-212.4547389892432,204615.0926001247
2026-05-29,126859.18972640205,127869.62801088122,0.20617462046368176,10,-486.9184904301583,205124.8678109493
2026-06-01,126635.72832899893,127954.25346005705,0.2641954217906025,10,-793.8635709902883,205683.45128664008
2026-06-02,126837.11762260887,128110.4600909276,0.32425911608750535,13,-747.3499830920846,205962.74302448548
2026-06-03,127357.82137128495,128527.22363728116,0.2638969735305733,11,-643.029268543185,204517.47607039235
2026-06-04,127542.75349502577,128794.41191022005,0.20321213480547992,7,-724.7135027167606,205290.27359744027
2026-06-05,127651.66925543608,128842.98266030764,0.18860196569419668,6,-663.986237336645,199991.86528918895
2026-06-08,127475.18021558723,128842.98266030764,0.2624251765948198,10,-839.5199897168641,200444.69752433634
2026-06-09,127788.48424959384,128912.86099355336,0.32351970615978337,10,-595.1383100004969,199856.2867756718
2026-06-10,127372.45971999926,128926.62083137725,0.3066490127511581,10,-1023.9656708871044,196705.44212153257
2026-06-11,128816.40861182232,129602.23500734796,0.17561441789866894,7,-255.24885147741588,200048.80826486618
2026-06-12,128820.96696502223,129673.95233095292,0.1897976940696341,6,-322.0273087826354,201130.72480273325
2026-06-15,129208.69307956165,129839.16897123429,0.10245374543471475,4,-99.51783452459495,204677.45871634263
2026-06-16,129099.05175484002,129811.95418368907,0.07311454778438384,4,-181.55673077407118,203457.252094688
2026-06-17,129182.00790839549,129811.95418368907,0.08854943558846966,4,-98.40889449222777,200916.5107513761
2026-06-18,128969.00158822467,129958.83366802274,0.1761134700551333,9,-456.7487126651795,202483.79836763468
2026-06-22,129254.47738065768,130046.90179826468,0.20716509705273065,11,-258.56724956281323,201846.57935410395
2026-06-23,129982.19356332047,130537.87092544159,0.05946400087948509,4,-21.82019407691041,198915.37189186257
2026-06-24,129920.64369602066,130551.79124929965,0.04399656584012023,3,-97.29038523478266,198823.1785026709
2026-06-25,129996.38820587237,130564.04757284964,0.044546100975967076,3,-33.60731796750315,199110.6049513273
2026-06-26,129923.60772716996,130564.04757284964,0.08904883761587822,6,-105.80270572999143,197670.76113777488
2026-06-29,130003.15375290194,130705.3107266704,0.1183938072622107,7,-166.7415943698452,200927.35703245748
2026-06-30,129987.2919949626,130843.2154765042,0.08725217885843788,4,-320.3130681716939,202491.93307844573
2026-07-01,130077.9584687529,130884.99538985561,0.08756868670091876,4,-271.2315267948161,202218.06448114102
2026-07-02,130135.62087717047,130884.99538985561,0.13295594562598567,6,-212.98378829694047,201952.33059464736
2026-07-06,130421.04115307567,131142.8442706634,0.08804162497700944,4,-185.02207283051393,203714.85127037065
2026-07-07,130632.50655624026,131207.01264047815,0.044526804094012065,2,-37.72503948068697,202746.820683858
2026-07-08,130835.03062367749,131323.68086220836,0.030265966596339892,2,48.32675498616936,202120.44795140866
2026-07-09,130949.6916174691,131500.70495844996,0.01488117566652844,1,-13.840094917878105,203831.44879199544
2026-07-10,130950.9399397558,131500.70495844996,0.014890566555849579,1,-12.591772631167714,204709.99755958674
2026-07-13,130915.36712639777,131500.70495844996,0.04463375614343412,3,-47.77173690427571,203142.70994332817
2026-07-14,130990.50204474077,131546.96649588874,0.08979943654805936,5,-18.11311881160327,203863.98763523955
2026-07-15,131109.56081792494,131689.56956540927,0.10454192072025591,7,-40.87161331852258,204672.03557580194
2026-07-16,131144.12331011202,131913.12464709266,0.11811877836823845,6,-228.88138417621485,203563.00333523142
2026-07-17,131451.8255483709,131945.64388266773,0.164776871721518,6,47.08769576305349,201548.30662436615
2026-07-20,131443.53649734138,132293.21848524458,0.13231308565162453,7,-308.18462348346293,201222.91819192492
2026-07-21,131910.85814212117,132608.6436696772,0.058432380122230766,3,-155.89387047274704,202901.3801892676
2026-07-22,131949.41579292016,132653.10552557264,0.04342806762893574,2,-161.79807556921241,202665.47357574772
2026-07-23,132012.0570022184,132653.10552557264,0.0588763534139813,3,-98.9589421472565,200162.6942162206
2026-07-24,132023.68635857877,132653.10552557264,0.1039525979711765,5,-86.73562645168022,200366.06198649638
2026-07-27,132268.70685832325,132829.65423991226,0.05963198242208387,3,-18.263841046820744,200409.44711082187
2026-07-28,132351.26980747053,132829.65423991226,0.13521236406227044,6,65.29156084774877,200889.39504867268
2026-07-29,131766.09832431568,132952.86754093436,0.25103396840887937,10,-640.9095106313907,197798.20494048102
2026-07-30,133169.31167094377,133604.5109683751,0.11994073465948459,6,111.25315646541821,201114.45538111118
2026-07-31,133226.71421211422,133879.43541763345,0.10361373399444423,6,-105.27296116523212,202562.43390547464
2026-08-03,133075.51495505398,133913.8061338939,0.13247889836021767,8,-290.24343636852063,205447.5446731202
2026-08-04,133172.73370067842,133959.46082707224,0.11776781421156395,7,-238.67938392240285,209151.5496624095
2026-08-05,133460.28379540663,134065.95203127695,0.10389744424946949,6,-57.22099227504259,208733.96784077658
2026-08-06,133378.5121969998,134151.58257414354,0.11774611113262576,5,-223.8228389710166,208400.44469752433
2026-08-07,133402.2763259153,134151.58257414354,0.11790327483124242,5,-200.05871005549852,209674.8827245858
2026-08-10,133364.84040453128,134177.9778487411,0.08749111667575814,4,-263.88990603710954,209612.5166083679
2026-08-11,133305.77683963164,134177.9778487411,0.08708681290941385,4,-322.95347093674536,208942.75875159304
2026-08-12,133321.15462285298,134066.44355541898,0.07351994020666375,4,-195.84143572800167,209466.09181376934
2026-08-13,133346.2977312523,134071.29854558487,0.10365559405567046,6,-174.95341450918386,210927.62818948453
2026-08-14,133488.50024827602,134123.18367314182,0.08924356613208459,5,-84.23600184383577,210510.0463678516
2026-08-17,133189.91697849333,134123.18367314182,0.1322999497473466,8,-382.2186704073465,209514.90007863552
2026-08-18,133116.07683837623,134123.18367314182,0.19188889149121352,11,-455.25925875549365,208099.4603975162
2026-08-19,132874.65168951434,134190.83399866513,0.2200192626679457,9,-763.3348576893695,208536.0232110415
2026-08-20,132797.72359045193,134322.22111496353,0.29359946278261323,14,-970.2543910154709,206784.34881639958
2026-08-21,132805.1073112575,134393.2828243309,0.3232824028084852,12,-1032.9333811819306,207630.35874074674
2026-08-24,132614.6883386432,134447.04331393394,0.38200591481447366,14,-1276.116567930425,207020.25542991946
2026-08-25,132614.12619371587,134480.9933813135,0.35168463043203513,12,-1310.6287802373336,207681.87857588328
2026-08-26,132866.0708220046,134508.58917701602,0.3376020257034901,11,-1085.8820881541687,207727.97527047913
2026-08-27,133418.5870795005,134621.24300009763,0.2198593145009331,7,-645.8203546336481,209089.18354619158
2026-08-28,133465.23562808314,134745.43332301045,0.26427515432332815,10,-722.161541710324,208614.65874888145
2026-08-31,133451.48736540246,134782.3742151308,0.29398867139258167,10,-772.2505813274329,207990.99758670246
2026-09-01,133404.15735000308,134984.93482902797,0.30717586397459923,11,-1020.7409860340194,206562.0000542314
2026-09-02,133297.40013971154,134984.93482902797,0.3666712813968127,15,-1126.6978215195995,207478.5108056075
2026-09-03,133677.6309197205,135185.45796786767,0.3670159121087345,11,-946.1892825214818,209650.4785921527
2026-09-04,133772.6028014856,135213.4262886345,0.3075853157546943,10,-878.9852050768532,208842.43065159032
2026-09-08,133837.96765198157,135432.62157660944,0.2613553574431432,10,-1032.0154321202135,207695.436427235
2026-09-09,133506.6006487665,134911.6241681886,0.29374441319625816,14,-841.1805209254962,206730.1174109927
2026-09-10,133364.05732999527,134971.64694005542,0.29250309284686515,14,-1043.5463516626114,205490.9297974457
2026-09-11,133436.0868687669,135080.87793179145,0.2919704011083034,12,-1080.1475819349507,207242.60419208763
2026-09-14,133553.30133417016,135104.84665956447,0.3073564642224611,12,-986.1013052299168,206317.95872990048
2026-09-15,133346.87437247517,135164.6936463309,0.3659717295781384,12,-1251.37327768658,205371.62070555057
2026-09-16,133115.13655587484,135164.6936463309,0.40994968571046636,14,-1482.5110482952296,204465.9562352558
2026-09-17,133313.3494040548,135223.86023695016,0.39535095238922463,14,-1343.2651180296525,206784.34881639958
2026-09-18,133368.30169103722,135223.86023695016,0.4555934960219902,15,-1287.5127891628363,206537.5959217983
2026-09-21,133355.8512156569,135334.54829538203,0.37979966013526645,12,-1410.2509875466203,209739.96041107405
2026-09-22,133113.1116433411,135346.6405027256,0.45369663354802026,14,-1663.8822007666822,209707.4215678299
2026-09-23,133038.06513776997,135393.41888333016,0.4831534488010907,14,-1785.1064478048793,208197.07692724856
2026-09-24,132686.82663710995,135531.87321604125,0.4354228011963181,11,-2274.2003786686546,208026.2480002169
2026-09-25,133396.2481576192,135395.80102397222,0.304613905705948,8,-1428.7066660903438,209156.9728029502
